Copyright 1986-2022 Xilinx, Inc. All Rights Reserved. Copyright 2022-2024 Advanced Micro Devices, Inc. All Rights Reserved.
------------------------------------------------------------------------------------------------------------------------------------------------------------------------------------------------------------------------------
| Tool Version : Vivado v.2024.1 (win64) Build 5076996 Wed May 22 18:37:14 MDT 2024
| Date         : Sun Sep 20 19:13:53 2026
| Host         : DESKTOP-UPFCS1D running 64-bit major release  (build 9200)
| Command      : report_timing_summary -max_paths 10 -report_unconstrained -file axi_wrapper_timing_summary_routed.rpt -pb axi_wrapper_timing_summary_routed.pb -rpx axi_wrapper_timing_summary_routed.rpx -warn_on_violation
| Design       : axi_wrapper
| Device       : 7z010-clg400
| Speed File   : -1  PRODUCTION 1.12 2019-11-22
| Design State : Routed
------------------------------------------------------------------------------------------------------------------------------------------------------------------------------------------------------------------------------

Timing Summary Report

------------------------------------------------------------------------------------------------
| Timer Settings
| --------------
------------------------------------------------------------------------------------------------

  Enable Multi Corner Analysis               :  Yes
  Enable Pessimism Removal                   :  Yes
  Pessimism Removal Resolution               :  Nearest Common Node
  Enable Input Delay Default Clock           :  No
  Enable Preset / Clear Arcs                 :  No
  Disable Flight Delays                      :  No
  Ignore I/O Paths                           :  No
  Timing Early Launch at Borrowing Latches   :  No
  Borrow Time for Max Delay Exceptions       :  Yes
  Merge Timing Exceptions                    :  Yes
  Inter-SLR Compensation                     :  Conservative

  Corner  Analyze    Analyze    
  Name    Max Paths  Min Paths  
  ------  ---------  ---------  
  Slow    Yes        Yes        
  Fast    Yes        Yes        


------------------------------------------------------------------------------------------------
| Report Methodology
| ------------------
------------------------------------------------------------------------------------------------

Rule       Severity  Description                    Violations  
---------  --------  -----------------------------  ----------  
TIMING-18  Warning   Missing input or output delay  85          

Note: This report is based on the most recent report_methodology run and may not be up-to-date. Run report_methodology on the current design for the latest report.



check_timing report

Table of Contents
-----------------
1. checking no_clock (0)
2. checking constant_clock (0)
3. checking pulse_width_clock (0)
4. checking unconstrained_internal_endpoints (0)
5. checking no_input_delay (58)
6. checking no_output_delay (27)
7. checking multiple_clock (0)
8. checking generated_clocks (0)
9. checking loops (0)
10. checking partial_input_delay (0)
11. checking partial_output_delay (0)
12. checking latch_loops (0)

1. checking no_clock (0)
------------------------
 There are 0 register/latch pins with no clock.


2. checking constant_clock (0)
------------------------------
 There are 0 register/latch pins with constant_clock.


3. checking pulse_width_clock (0)
---------------------------------
 There are 0 register/latch pins which need pulse_width check


4. checking unconstrained_internal_endpoints (0)
------------------------------------------------
 There are 0 pins that are not constrained for maximum delay.

 There are 0 pins that are not constrained for maximum delay due to constant clock.


5. checking no_input_delay (58)
-------------------------------
 There are 58 input ports with no input delay specified. (HIGH)

 There are 0 input ports with no input delay but user has a false path constraint.


6. checking no_output_delay (27)
--------------------------------
 There are 27 ports with no output delay specified. (HIGH)

 There are 0 ports with no output delay but user has a false path constraint

 There are 0 ports with no output delay but with a timing clock defined on it or propagating through it


7. checking multiple_clock (0)
------------------------------
 There are 0 register/latch pins with multiple clocks.


8. checking generated_clocks (0)
--------------------------------
 There are 0 generated clocks that are not connected to a clock source.


9. checking loops (0)
---------------------
 There are 0 combinational loops in the design.


10. checking partial_input_delay (0)
------------------------------------
 There are 0 input ports with partial input delay specified.


11. checking partial_output_delay (0)
-------------------------------------
 There are 0 ports with partial output delay specified.


12. checking latch_loops (0)
----------------------------
 There are 0 combinational latch loops in the design through latch input



------------------------------------------------------------------------------------------------
| Design Timing Summary
| ---------------------
------------------------------------------------------------------------------------------------

    WNS(ns)      TNS(ns)  TNS Failing Endpoints  TNS Total Endpoints      WHS(ns)      THS(ns)  THS Failing Endpoints  THS Total Endpoints     WPWS(ns)     TPWS(ns)  TPWS Failing Endpoints  TPWS Total Endpoints  
    -------      -------  ---------------------  -------------------      -------      -------  ---------------------  -------------------     --------     --------  ----------------------  --------------------  
     -0.325      -15.618                     48                 5890        0.027        0.000                      0                 5890        2.750        0.000                       0                   986  


Timing constraints are not met.


------------------------------------------------------------------------------------------------
| Clock Summary
| -------------
------------------------------------------------------------------------------------------------

Clock    Waveform(ns)         Period(ns)      Frequency(MHz)
-----    ------------         ----------      --------------
sys_clk  {0.000 4.000}        8.000           125.000         


------------------------------------------------------------------------------------------------
| Intra Clock Table
| -----------------
------------------------------------------------------------------------------------------------

Clock             WNS(ns)      TNS(ns)  TNS Failing Endpoints  TNS Total Endpoints      WHS(ns)      THS(ns)  THS Failing Endpoints  THS Total Endpoints     WPWS(ns)     TPWS(ns)  TPWS Failing Endpoints  TPWS Total Endpoints  
-----             -------      -------  ---------------------  -------------------      -------      -------  ---------------------  -------------------     --------     --------  ----------------------  --------------------  
sys_clk            -0.325      -15.618                     48                 5890        0.027        0.000                      0                 5890        2.750        0.000                       0                   986  


------------------------------------------------------------------------------------------------
| Inter Clock Table
| -----------------
------------------------------------------------------------------------------------------------

From Clock    To Clock          WNS(ns)      TNS(ns)  TNS Failing Endpoints  TNS Total Endpoints      WHS(ns)      THS(ns)  THS Failing Endpoints  THS Total Endpoints  
----------    --------          -------      -------  ---------------------  -------------------      -------      -------  ---------------------  -------------------  


------------------------------------------------------------------------------------------------
| Other Path Groups Table
| -----------------------
------------------------------------------------------------------------------------------------

Path Group    From Clock    To Clock          WNS(ns)      TNS(ns)  TNS Failing Endpoints  TNS Total Endpoints      WHS(ns)      THS(ns)  THS Failing Endpoints  THS Total Endpoints  
----------    ----------    --------          -------      -------  ---------------------  -------------------      -------      -------  ---------------------  -------------------  


------------------------------------------------------------------------------------------------
| User Ignored Path Table
| -----------------------
------------------------------------------------------------------------------------------------

Path Group    From Clock    To Clock    
----------    ----------    --------    


------------------------------------------------------------------------------------------------
| Unconstrained Path Table
| ------------------------
------------------------------------------------------------------------------------------------

Path Group    From Clock    To Clock    
----------    ----------    --------    
(none)        sys_clk                     
(none)                      sys_clk       


------------------------------------------------------------------------------------------------
| Timing Details
| --------------
------------------------------------------------------------------------------------------------


---------------------------------------------------------------------------------------------------
From Clock:  sys_clk
  To Clock:  sys_clk

Setup :           48  Failing Endpoints,  Worst Slack       -0.325ns,  Total Violation      -15.618ns
Hold  :            0  Failing Endpoints,  Worst Slack        0.027ns,  Total Violation        0.000ns
PW    :            0  Failing Endpoints,  Worst Slack        2.750ns,  Total Violation        0.000ns
---------------------------------------------------------------------------------------------------


Max Delay Paths
--------------------------------------------------------------------------------------
Slack (VIOLATED) :        -0.325ns  (required time - arrival time)
  Source:                 fir_inst/last_shift_reg[0]_replica/C
                            (rising edge-triggered cell FDRE clocked by sys_clk  {rise@0.000ns fall@4.000ns period=8.000ns})
  Destination:            fir_inst/gen_stage_0/gen_mac_units[0].mac_inst/mult_s_reg/PCIN[0]
                            (rising edge-triggered cell DSP48E1 clocked by sys_clk  {rise@0.000ns fall@4.000ns period=8.000ns})
  Path Group:             sys_clk
  Path Type:              Setup (Max at Slow Process Corner)
  Requirement:            8.000ns  (sys_clk rise@8.000ns - sys_clk rise@0.000ns)
  Data Path Delay:        6.955ns  (logic 4.555ns (65.497%)  route 2.400ns (34.503%))
  Logic Levels:           3  (DSP48E1=1 LUT5=1 LUT6=1)
  Clock Path Skew:        0.065ns (DCD - SCD + CPR)
    Destination Clock Delay (DCD):    4.462ns = ( 12.462 - 8.000 ) 
    Source Clock Delay      (SCD):    4.886ns
    Clock Pessimism Removal (CPR):    0.489ns
  Clock Uncertainty:      0.035ns  ((TSJ^2 + TIJ^2)^1/2 + DJ) / 2 + PE
    Total System Jitter     (TSJ):    0.071ns
    Total Input Jitter      (TIJ):    0.000ns
    Discrete Jitter          (DJ):    0.000ns
    Phase Error              (PE):    0.000ns

    Location             Delay type                Incr(ns)  Path(ns)    Netlist Resource(s)
  -------------------------------------------------------------------    -------------------
                         (clock sys_clk rise edge)    0.000     0.000 r  
    U14                                               0.000     0.000 r  clk (IN)
                         net (fo=0)                   0.000     0.000    clk
    U14                  IBUF (Prop_ibuf_I_O)         1.046     1.046 r  clk_IBUF_inst/O
                         net (fo=1, routed)           2.076     3.122    clk_IBUF
    BUFGCTRL_X0Y0        BUFG (Prop_bufg_I_O)         0.101     3.223 r  clk_IBUF_BUFG_inst/O
                         net (fo=987, routed)         1.663     4.886    fir_inst/clk_IBUF_BUFG
    SLICE_X9Y65          FDRE                                         r  fir_inst/last_shift_reg[0]_replica/C
  -------------------------------------------------------------------    -------------------
    SLICE_X9Y65          FDRE (Prop_fdre_C_Q)         0.456     5.342 f  fir_inst/last_shift_reg[0]_replica/Q
                         net (fo=1, routed)           0.799     6.141    fir_inst/gen_stages[2].stage_inst/gen_mac_units[0].mac_inst/p_1_in__0[1]_repN_alias
    SLICE_X9Y63          LUT6 (Prop_lut6_I1_O)        0.124     6.265 f  fir_inst/gen_stages[2].stage_inst/gen_mac_units[0].mac_inst/mult_s0_i_19/O
                         net (fo=18, routed)          0.904     7.169    fir_inst/gen_stages[2].stage_inst/gen_mac_units[0].mac_inst/mult_s0_i_19_n_0
    SLICE_X8Y62          LUT5 (Prop_lut5_I0_O)        0.124     7.293 r  fir_inst/gen_stages[2].stage_inst/gen_mac_units[0].mac_inst/mult_s0_i_5/O
                         net (fo=4, routed)           0.695     7.987    fir_inst/gen_stage_0/gen_mac_units[0].mac_inst/sample_i[13]
    DSP48_X0Y25          DSP48E1 (Prop_dsp48e1_B[13]_PCOUT[0])
                                                      3.851    11.838 r  fir_inst/gen_stage_0/gen_mac_units[0].mac_inst/mult_s0/PCOUT[0]
                         net (fo=1, routed)           0.002    11.840    fir_inst/gen_stage_0/gen_mac_units[0].mac_inst/mult_s0_n_153
    DSP48_X0Y26          DSP48E1                                      r  fir_inst/gen_stage_0/gen_mac_units[0].mac_inst/mult_s_reg/PCIN[0]
  -------------------------------------------------------------------    -------------------

                         (clock sys_clk rise edge)    8.000     8.000 r  
    U14                                               0.000     8.000 r  clk (IN)
                         net (fo=0)                   0.000     8.000    clk
    U14                  IBUF (Prop_ibuf_I_O)         0.912     8.912 r  clk_IBUF_inst/O
                         net (fo=1, routed)           1.880    10.792    clk_IBUF
    BUFGCTRL_X0Y0        BUFG (Prop_bufg_I_O)         0.091    10.883 r  clk_IBUF_BUFG_inst/O
                         net (fo=987, routed)         1.579    12.462    fir_inst/gen_stage_0/gen_mac_units[0].mac_inst/clk_IBUF_BUFG
    DSP48_X0Y26          DSP48E1                                      r  fir_inst/gen_stage_0/gen_mac_units[0].mac_inst/mult_s_reg/CLK
                         clock pessimism              0.489    12.950    
                         clock uncertainty           -0.035    12.915    
    DSP48_X0Y26          DSP48E1 (Setup_dsp48e1_CLK_PCIN[0])
                                                     -1.400    11.515    fir_inst/gen_stage_0/gen_mac_units[0].mac_inst/mult_s_reg
  -------------------------------------------------------------------
                         required time                         11.515    
                         arrival time                         -11.840    
  -------------------------------------------------------------------
                         slack                                 -0.325    

Slack (VIOLATED) :        -0.325ns  (required time - arrival time)
  Source:                 fir_inst/last_shift_reg[0]_replica/C
                            (rising edge-triggered cell FDRE clocked by sys_clk  {rise@0.000ns fall@4.000ns period=8.000ns})
  Destination:            fir_inst/gen_stage_0/gen_mac_units[0].mac_inst/mult_s_reg/PCIN[10]
                            (rising edge-triggered cell DSP48E1 clocked by sys_clk  {rise@0.000ns fall@4.000ns period=8.000ns})
  Path Group:             sys_clk
  Path Type:              Setup (Max at Slow Process Corner)
  Requirement:            8.000ns  (sys_clk rise@8.000ns - sys_clk rise@0.000ns)
  Data Path Delay:        6.955ns  (logic 4.555ns (65.497%)  route 2.400ns (34.503%))
  Logic Levels:           3  (DSP48E1=1 LUT5=1 LUT6=1)
  Clock Path Skew:        0.065ns (DCD - SCD + CPR)
    Destination Clock Delay (DCD):    4.462ns = ( 12.462 - 8.000 ) 
    Source Clock Delay      (SCD):    4.886ns
    Clock Pessimism Removal (CPR):    0.489ns
  Clock Uncertainty:      0.035ns  ((TSJ^2 + TIJ^2)^1/2 + DJ) / 2 + PE
    Total System Jitter     (TSJ):    0.071ns
    Total Input Jitter      (TIJ):    0.000ns
    Discrete Jitter          (DJ):    0.000ns
    Phase Error              (PE):    0.000ns

    Location             Delay type                Incr(ns)  Path(ns)    Netlist Resource(s)
  -------------------------------------------------------------------    -------------------
                         (clock sys_clk rise edge)    0.000     0.000 r  
    U14                                               0.000     0.000 r  clk (IN)
                         net (fo=0)                   0.000     0.000    clk
    U14                  IBUF (Prop_ibuf_I_O)         1.046     1.046 r  clk_IBUF_inst/O
                         net (fo=1, routed)           2.076     3.122    clk_IBUF
    BUFGCTRL_X0Y0        BUFG (Prop_bufg_I_O)         0.101     3.223 r  clk_IBUF_BUFG_inst/O
                         net (fo=987, routed)         1.663     4.886    fir_inst/clk_IBUF_BUFG
    SLICE_X9Y65          FDRE                                         r  fir_inst/last_shift_reg[0]_replica/C
  -------------------------------------------------------------------    -------------------
    SLICE_X9Y65          FDRE (Prop_fdre_C_Q)         0.456     5.342 f  fir_inst/last_shift_reg[0]_replica/Q
                         net (fo=1, routed)           0.799     6.141    fir_inst/gen_stages[2].stage_inst/gen_mac_units[0].mac_inst/p_1_in__0[1]_repN_alias
    SLICE_X9Y63          LUT6 (Prop_lut6_I1_O)        0.124     6.265 f  fir_inst/gen_stages[2].stage_inst/gen_mac_units[0].mac_inst/mult_s0_i_19/O
                         net (fo=18, routed)          0.904     7.169    fir_inst/gen_stages[2].stage_inst/gen_mac_units[0].mac_inst/mult_s0_i_19_n_0
    SLICE_X8Y62          LUT5 (Prop_lut5_I0_O)        0.124     7.293 r  fir_inst/gen_stages[2].stage_inst/gen_mac_units[0].mac_inst/mult_s0_i_5/O
                         net (fo=4, routed)           0.695     7.987    fir_inst/gen_stage_0/gen_mac_units[0].mac_inst/sample_i[13]
    DSP48_X0Y25          DSP48E1 (Prop_dsp48e1_B[13]_PCOUT[10])
                                                      3.851    11.838 r  fir_inst/gen_stage_0/gen_mac_units[0].mac_inst/mult_s0/PCOUT[10]
                         net (fo=1, routed)           0.002    11.840    fir_inst/gen_stage_0/gen_mac_units[0].mac_inst/mult_s0_n_143
    DSP48_X0Y26          DSP48E1                                      r  fir_inst/gen_stage_0/gen_mac_units[0].mac_inst/mult_s_reg/PCIN[10]
  -------------------------------------------------------------------    -------------------

                         (clock sys_clk rise edge)    8.000     8.000 r  
    U14                                               0.000     8.000 r  clk (IN)
                         net (fo=0)                   0.000     8.000    clk
    U14                  IBUF (Prop_ibuf_I_O)         0.912     8.912 r  clk_IBUF_inst/O
                         net (fo=1, routed)           1.880    10.792    clk_IBUF
    BUFGCTRL_X0Y0        BUFG (Prop_bufg_I_O)         0.091    10.883 r  clk_IBUF_BUFG_inst/O
                         net (fo=987, routed)         1.579    12.462    fir_inst/gen_stage_0/gen_mac_units[0].mac_inst/clk_IBUF_BUFG
    DSP48_X0Y26          DSP48E1                                      r  fir_inst/gen_stage_0/gen_mac_units[0].mac_inst/mult_s_reg/CLK
                         clock pessimism              0.489    12.950    
                         clock uncertainty           -0.035    12.915    
    DSP48_X0Y26          DSP48E1 (Setup_dsp48e1_CLK_PCIN[10])
                                                     -1.400    11.515    fir_inst/gen_stage_0/gen_mac_units[0].mac_inst/mult_s_reg
  -------------------------------------------------------------------
                         required time                         11.515    
                         arrival time                         -11.840    
  -------------------------------------------------------------------
                         slack                                 -0.325    

Slack (VIOLATED) :        -0.325ns  (required time - arrival time)
  Source:                 fir_inst/last_shift_reg[0]_replica/C
                            (rising edge-triggered cell FDRE clocked by sys_clk  {rise@0.000ns fall@4.000ns period=8.000ns})
  Destination:            fir_inst/gen_stage_0/gen_mac_units[0].mac_inst/mult_s_reg/PCIN[11]
                            (rising edge-triggered cell DSP48E1 clocked by sys_clk  {rise@0.000ns fall@4.000ns period=8.000ns})
  Path Group:             sys_clk
  Path Type:              Setup (Max at Slow Process Corner)
  Requirement:            8.000ns  (sys_clk rise@8.000ns - sys_clk rise@0.000ns)
  Data Path Delay:        6.955ns  (logic 4.555ns (65.497%)  route 2.400ns (34.503%))
  Logic Levels:           3  (DSP48E1=1 LUT5=1 LUT6=1)
  Clock Path Skew:        0.065ns (DCD - SCD + CPR)
    Destination Clock Delay (DCD):    4.462ns = ( 12.462 - 8.000 ) 
    Source Clock Delay      (SCD):    4.886ns
    Clock Pessimism Removal (CPR):    0.489ns
  Clock Uncertainty:      0.035ns  ((TSJ^2 + TIJ^2)^1/2 + DJ) / 2 + PE
    Total System Jitter     (TSJ):    0.071ns
    Total Input Jitter      (TIJ):    0.000ns
    Discrete Jitter          (DJ):    0.000ns
    Phase Error              (PE):    0.000ns

    Location             Delay type                Incr(ns)  Path(ns)    Netlist Resource(s)
  -------------------------------------------------------------------    -------------------
                         (clock sys_clk rise edge)    0.000     0.000 r  
    U14                                               0.000     0.000 r  clk (IN)
                         net (fo=0)                   0.000     0.000    clk
    U14                  IBUF (Prop_ibuf_I_O)         1.046     1.046 r  clk_IBUF_inst/O
                         net (fo=1, routed)           2.076     3.122    clk_IBUF
    BUFGCTRL_X0Y0        BUFG (Prop_bufg_I_O)         0.101     3.223 r  clk_IBUF_BUFG_inst/O
                         net (fo=987, routed)         1.663     4.886    fir_inst/clk_IBUF_BUFG
    SLICE_X9Y65          FDRE                                         r  fir_inst/last_shift_reg[0]_replica/C
  -------------------------------------------------------------------    -------------------
    SLICE_X9Y65          FDRE (Prop_fdre_C_Q)         0.456     5.342 f  fir_inst/last_shift_reg[0]_replica/Q
                         net (fo=1, routed)           0.799     6.141    fir_inst/gen_stages[2].stage_inst/gen_mac_units[0].mac_inst/p_1_in__0[1]_repN_alias
    SLICE_X9Y63          LUT6 (Prop_lut6_I1_O)        0.124     6.265 f  fir_inst/gen_stages[2].stage_inst/gen_mac_units[0].mac_inst/mult_s0_i_19/O
                         net (fo=18, routed)          0.904     7.169    fir_inst/gen_stages[2].stage_inst/gen_mac_units[0].mac_inst/mult_s0_i_19_n_0
    SLICE_X8Y62          LUT5 (Prop_lut5_I0_O)        0.124     7.293 r  fir_inst/gen_stages[2].stage_inst/gen_mac_units[0].mac_inst/mult_s0_i_5/O
                         net (fo=4, routed)           0.695     7.987    fir_inst/gen_stage_0/gen_mac_units[0].mac_inst/sample_i[13]
    DSP48_X0Y25          DSP48E1 (Prop_dsp48e1_B[13]_PCOUT[11])
                                                      3.851    11.838 r  fir_inst/gen_stage_0/gen_mac_units[0].mac_inst/mult_s0/PCOUT[11]
                         net (fo=1, routed)           0.002    11.840    fir_inst/gen_stage_0/gen_mac_units[0].mac_inst/mult_s0_n_142
    DSP48_X0Y26          DSP48E1                                      r  fir_inst/gen_stage_0/gen_mac_units[0].mac_inst/mult_s_reg/PCIN[11]
  -------------------------------------------------------------------    -------------------

                         (clock sys_clk rise edge)    8.000     8.000 r  
    U14                                               0.000     8.000 r  clk (IN)
                         net (fo=0)                   0.000     8.000    clk
    U14                  IBUF (Prop_ibuf_I_O)         0.912     8.912 r  clk_IBUF_inst/O
                         net (fo=1, routed)           1.880    10.792    clk_IBUF
    BUFGCTRL_X0Y0        BUFG (Prop_bufg_I_O)         0.091    10.883 r  clk_IBUF_BUFG_inst/O
                         net (fo=987, routed)         1.579    12.462    fir_inst/gen_stage_0/gen_mac_units[0].mac_inst/clk_IBUF_BUFG
    DSP48_X0Y26          DSP48E1                                      r  fir_inst/gen_stage_0/gen_mac_units[0].mac_inst/mult_s_reg/CLK
                         clock pessimism              0.489    12.950    
                         clock uncertainty           -0.035    12.915    
    DSP48_X0Y26          DSP48E1 (Setup_dsp48e1_CLK_PCIN[11])
                                                     -1.400    11.515    fir_inst/gen_stage_0/gen_mac_units[0].mac_inst/mult_s_reg
  -------------------------------------------------------------------
                         required time                         11.515    
                         arrival time                         -11.840    
  -------------------------------------------------------------------
                         slack                                 -0.325    

Slack (VIOLATED) :        -0.325ns  (required time - arrival time)
  Source:                 fir_inst/last_shift_reg[0]_replica/C
                            (rising edge-triggered cell FDRE clocked by sys_clk  {rise@0.000ns fall@4.000ns period=8.000ns})
  Destination:            fir_inst/gen_stage_0/gen_mac_units[0].mac_inst/mult_s_reg/PCIN[12]
                            (rising edge-triggered cell DSP48E1 clocked by sys_clk  {rise@0.000ns fall@4.000ns period=8.000ns})
  Path Group:             sys_clk
  Path Type:              Setup (Max at Slow Process Corner)
  Requirement:            8.000ns  (sys_clk rise@8.000ns - sys_clk rise@0.000ns)
  Data Path Delay:        6.955ns  (logic 4.555ns (65.497%)  route 2.400ns (34.503%))
  Logic Levels:           3  (DSP48E1=1 LUT5=1 LUT6=1)
  Clock Path Skew:        0.065ns (DCD - SCD + CPR)
    Destination Clock Delay (DCD):    4.462ns = ( 12.462 - 8.000 ) 
    Source Clock Delay      (SCD):    4.886ns
    Clock Pessimism Removal (CPR):    0.489ns
  Clock Uncertainty:      0.035ns  ((TSJ^2 + TIJ^2)^1/2 + DJ) / 2 + PE
    Total System Jitter     (TSJ):    0.071ns
    Total Input Jitter      (TIJ):    0.000ns
    Discrete Jitter          (DJ):    0.000ns
    Phase Error              (PE):    0.000ns

    Location             Delay type                Incr(ns)  Path(ns)    Netlist Resource(s)
  -------------------------------------------------------------------    -------------------
                         (clock sys_clk rise edge)    0.000     0.000 r  
    U14                                               0.000     0.000 r  clk (IN)
                         net (fo=0)                   0.000     0.000    clk
    U14                  IBUF (Prop_ibuf_I_O)         1.046     1.046 r  clk_IBUF_inst/O
                         net (fo=1, routed)           2.076     3.122    clk_IBUF
    BUFGCTRL_X0Y0        BUFG (Prop_bufg_I_O)         0.101     3.223 r  clk_IBUF_BUFG_inst/O
                         net (fo=987, routed)         1.663     4.886    fir_inst/clk_IBUF_BUFG
    SLICE_X9Y65          FDRE                                         r  fir_inst/last_shift_reg[0]_replica/C
  -------------------------------------------------------------------    -------------------
    SLICE_X9Y65          FDRE (Prop_fdre_C_Q)         0.456     5.342 f  fir_inst/last_shift_reg[0]_replica/Q
                         net (fo=1, routed)           0.799     6.141    fir_inst/gen_stages[2].stage_inst/gen_mac_units[0].mac_inst/p_1_in__0[1]_repN_alias
    SLICE_X9Y63          LUT6 (Prop_lut6_I1_O)        0.124     6.265 f  fir_inst/gen_stages[2].stage_inst/gen_mac_units[0].mac_inst/mult_s0_i_19/O
                         net (fo=18, routed)          0.904     7.169    fir_inst/gen_stages[2].stage_inst/gen_mac_units[0].mac_inst/mult_s0_i_19_n_0
    SLICE_X8Y62          LUT5 (Prop_lut5_I0_O)        0.124     7.293 r  fir_inst/gen_stages[2].stage_inst/gen_mac_units[0].mac_inst/mult_s0_i_5/O
                         net (fo=4, routed)           0.695     7.987    fir_inst/gen_stage_0/gen_mac_units[0].mac_inst/sample_i[13]
    DSP48_X0Y25          DSP48E1 (Prop_dsp48e1_B[13]_PCOUT[12])
                                                      3.851    11.838 r  fir_inst/gen_stage_0/gen_mac_units[0].mac_inst/mult_s0/PCOUT[12]
                         net (fo=1, routed)           0.002    11.840    fir_inst/gen_stage_0/gen_mac_units[0].mac_inst/mult_s0_n_141
    DSP48_X0Y26          DSP48E1                                      r  fir_inst/gen_stage_0/gen_mac_units[0].mac_inst/mult_s_reg/PCIN[12]
  -------------------------------------------------------------------    -------------------

                         (clock sys_clk rise edge)    8.000     8.000 r  
    U14                                               0.000     8.000 r  clk (IN)
                         net (fo=0)                   0.000     8.000    clk
    U14                  IBUF (Prop_ibuf_I_O)         0.912     8.912 r  clk_IBUF_inst/O
                         net (fo=1, routed)           1.880    10.792    clk_IBUF
    BUFGCTRL_X0Y0        BUFG (Prop_bufg_I_O)         0.091    10.883 r  clk_IBUF_BUFG_inst/O
                         net (fo=987, routed)         1.579    12.462    fir_inst/gen_stage_0/gen_mac_units[0].mac_inst/clk_IBUF_BUFG
    DSP48_X0Y26          DSP48E1                                      r  fir_inst/gen_stage_0/gen_mac_units[0].mac_inst/mult_s_reg/CLK
                         clock pessimism              0.489    12.950    
                         clock uncertainty           -0.035    12.915    
    DSP48_X0Y26          DSP48E1 (Setup_dsp48e1_CLK_PCIN[12])
                                                     -1.400    11.515    fir_inst/gen_stage_0/gen_mac_units[0].mac_inst/mult_s_reg
  -------------------------------------------------------------------
                         required time                         11.515    
                         arrival time                         -11.840    
  -------------------------------------------------------------------
                         slack                                 -0.325    

Slack (VIOLATED) :        -0.325ns  (required time - arrival time)
  Source:                 fir_inst/last_shift_reg[0]_replica/C
                            (rising edge-triggered cell FDRE clocked by sys_clk  {rise@0.000ns fall@4.000ns period=8.000ns})
  Destination:            fir_inst/gen_stage_0/gen_mac_units[0].mac_inst/mult_s_reg/PCIN[13]
                            (rising edge-triggered cell DSP48E1 clocked by sys_clk  {rise@0.000ns fall@4.000ns period=8.000ns})
  Path Group:             sys_clk
  Path Type:              Setup (Max at Slow Process Corner)
  Requirement:            8.000ns  (sys_clk rise@8.000ns - sys_clk rise@0.000ns)
  Data Path Delay:        6.955ns  (logic 4.555ns (65.497%)  route 2.400ns (34.503%))
  Logic Levels:           3  (DSP48E1=1 LUT5=1 LUT6=1)
  Clock Path Skew:        0.065ns (DCD - SCD + CPR)
    Destination Clock Delay (DCD):    4.462ns = ( 12.462 - 8.000 ) 
    Source Clock Delay      (SCD):    4.886ns
    Clock Pessimism Removal (CPR):    0.489ns
  Clock Uncertainty:      0.035ns  ((TSJ^2 + TIJ^2)^1/2 + DJ) / 2 + PE
    Total System Jitter     (TSJ):    0.071ns
    Total Input Jitter      (TIJ):    0.000ns
    Discrete Jitter          (DJ):    0.000ns
    Phase Error              (PE):    0.000ns

    Location             Delay type                Incr(ns)  Path(ns)    Netlist Resource(s)
  -------------------------------------------------------------------    -------------------
                         (clock sys_clk rise edge)    0.000     0.000 r  
    U14                                               0.000     0.000 r  clk (IN)
                         net (fo=0)                   0.000     0.000    clk
    U14                  IBUF (Prop_ibuf_I_O)         1.046     1.046 r  clk_IBUF_inst/O
                         net (fo=1, routed)           2.076     3.122    clk_IBUF
    BUFGCTRL_X0Y0        BUFG (Prop_bufg_I_O)         0.101     3.223 r  clk_IBUF_BUFG_inst/O
                         net (fo=987, routed)         1.663     4.886    fir_inst/clk_IBUF_BUFG
    SLICE_X9Y65          FDRE                                         r  fir_inst/last_shift_reg[0]_replica/C
  -------------------------------------------------------------------    -------------------
    SLICE_X9Y65          FDRE (Prop_fdre_C_Q)         0.456     5.342 f  fir_inst/last_shift_reg[0]_replica/Q
                         net (fo=1, routed)           0.799     6.141    fir_inst/gen_stages[2].stage_inst/gen_mac_units[0].mac_inst/p_1_in__0[1]_repN_alias
    SLICE_X9Y63          LUT6 (Prop_lut6_I1_O)        0.124     6.265 f  fir_inst/gen_stages[2].stage_inst/gen_mac_units[0].mac_inst/mult_s0_i_19/O
                         net (fo=18, routed)          0.904     7.169    fir_inst/gen_stages[2].stage_inst/gen_mac_units[0].mac_inst/mult_s0_i_19_n_0
    SLICE_X8Y62          LUT5 (Prop_lut5_I0_O)        0.124     7.293 r  fir_inst/gen_stages[2].stage_inst/gen_mac_units[0].mac_inst/mult_s0_i_5/O
                         net (fo=4, routed)           0.695     7.987    fir_inst/gen_stage_0/gen_mac_units[0].mac_inst/sample_i[13]
    DSP48_X0Y25          DSP48E1 (Prop_dsp48e1_B[13]_PCOUT[13])
                                                      3.851    11.838 r  fir_inst/gen_stage_0/gen_mac_units[0].mac_inst/mult_s0/PCOUT[13]
                         net (fo=1, routed)           0.002    11.840    fir_inst/gen_stage_0/gen_mac_units[0].mac_inst/mult_s0_n_140
    DSP48_X0Y26          DSP48E1                                      r  fir_inst/gen_stage_0/gen_mac_units[0].mac_inst/mult_s_reg/PCIN[13]
  -------------------------------------------------------------------    -------------------

                         (clock sys_clk rise edge)    8.000     8.000 r  
    U14                                               0.000     8.000 r  clk (IN)
                         net (fo=0)                   0.000     8.000    clk
    U14                  IBUF (Prop_ibuf_I_O)         0.912     8.912 r  clk_IBUF_inst/O
                         net (fo=1, routed)           1.880    10.792    clk_IBUF
    BUFGCTRL_X0Y0        BUFG (Prop_bufg_I_O)         0.091    10.883 r  clk_IBUF_BUFG_inst/O
                         net (fo=987, routed)         1.579    12.462    fir_inst/gen_stage_0/gen_mac_units[0].mac_inst/clk_IBUF_BUFG
    DSP48_X0Y26          DSP48E1                                      r  fir_inst/gen_stage_0/gen_mac_units[0].mac_inst/mult_s_reg/CLK
                         clock pessimism              0.489    12.950    
                         clock uncertainty           -0.035    12.915    
    DSP48_X0Y26          DSP48E1 (Setup_dsp48e1_CLK_PCIN[13])
                                                     -1.400    11.515    fir_inst/gen_stage_0/gen_mac_units[0].mac_inst/mult_s_reg
  -------------------------------------------------------------------
                         required time                         11.515    
                         arrival time                         -11.840    
  -------------------------------------------------------------------
                         slack                                 -0.325    

Slack (VIOLATED) :        -0.325ns  (required time - arrival time)
  Source:                 fir_inst/last_shift_reg[0]_replica/C
                            (rising edge-triggered cell FDRE clocked by sys_clk  {rise@0.000ns fall@4.000ns period=8.000ns})
  Destination:            fir_inst/gen_stage_0/gen_mac_units[0].mac_inst/mult_s_reg/PCIN[14]
                            (rising edge-triggered cell DSP48E1 clocked by sys_clk  {rise@0.000ns fall@4.000ns period=8.000ns})
  Path Group:             sys_clk
  Path Type:              Setup (Max at Slow Process Corner)
  Requirement:            8.000ns  (sys_clk rise@8.000ns - sys_clk rise@0.000ns)
  Data Path Delay:        6.955ns  (logic 4.555ns (65.497%)  route 2.400ns (34.503%))
  Logic Levels:           3  (DSP48E1=1 LUT5=1 LUT6=1)
  Clock Path Skew:        0.065ns (DCD - SCD + CPR)
    Destination Clock Delay (DCD):    4.462ns = ( 12.462 - 8.000 ) 
    Source Clock Delay      (SCD):    4.886ns
    Clock Pessimism Removal (CPR):    0.489ns
  Clock Uncertainty:      0.035ns  ((TSJ^2 + TIJ^2)^1/2 + DJ) / 2 + PE
    Total System Jitter     (TSJ):    0.071ns
    Total Input Jitter      (TIJ):    0.000ns
    Discrete Jitter          (DJ):    0.000ns
    Phase Error              (PE):    0.000ns

    Location             Delay type                Incr(ns)  Path(ns)    Netlist Resource(s)
  -------------------------------------------------------------------    -------------------
                         (clock sys_clk rise edge)    0.000     0.000 r  
    U14                                               0.000     0.000 r  clk (IN)
                         net (fo=0)                   0.000     0.000    clk
    U14                  IBUF (Prop_ibuf_I_O)         1.046     1.046 r  clk_IBUF_inst/O
                         net (fo=1, routed)           2.076     3.122    clk_IBUF
    BUFGCTRL_X0Y0        BUFG (Prop_bufg_I_O)         0.101     3.223 r  clk_IBUF_BUFG_inst/O
                         net (fo=987, routed)         1.663     4.886    fir_inst/clk_IBUF_BUFG
    SLICE_X9Y65          FDRE                                         r  fir_inst/last_shift_reg[0]_replica/C
  -------------------------------------------------------------------    -------------------
    SLICE_X9Y65          FDRE (Prop_fdre_C_Q)         0.456     5.342 f  fir_inst/last_shift_reg[0]_replica/Q
                         net (fo=1, routed)           0.799     6.141    fir_inst/gen_stages[2].stage_inst/gen_mac_units[0].mac_inst/p_1_in__0[1]_repN_alias
    SLICE_X9Y63          LUT6 (Prop_lut6_I1_O)        0.124     6.265 f  fir_inst/gen_stages[2].stage_inst/gen_mac_units[0].mac_inst/mult_s0_i_19/O
                         net (fo=18, routed)          0.904     7.169    fir_inst/gen_stages[2].stage_inst/gen_mac_units[0].mac_inst/mult_s0_i_19_n_0
    SLICE_X8Y62          LUT5 (Prop_lut5_I0_O)        0.124     7.293 r  fir_inst/gen_stages[2].stage_inst/gen_mac_units[0].mac_inst/mult_s0_i_5/O
                         net (fo=4, routed)           0.695     7.987    fir_inst/gen_stage_0/gen_mac_units[0].mac_inst/sample_i[13]
    DSP48_X0Y25          DSP48E1 (Prop_dsp48e1_B[13]_PCOUT[14])
                                                      3.851    11.838 r  fir_inst/gen_stage_0/gen_mac_units[0].mac_inst/mult_s0/PCOUT[14]
                         net (fo=1, routed)           0.002    11.840    fir_inst/gen_stage_0/gen_mac_units[0].mac_inst/mult_s0_n_139
    DSP48_X0Y26          DSP48E1                                      r  fir_inst/gen_stage_0/gen_mac_units[0].mac_inst/mult_s_reg/PCIN[14]
  -------------------------------------------------------------------    -------------------

                         (clock sys_clk rise edge)    8.000     8.000 r  
    U14                                               0.000     8.000 r  clk (IN)
                         net (fo=0)                   0.000     8.000    clk
    U14                  IBUF (Prop_ibuf_I_O)         0.912     8.912 r  clk_IBUF_inst/O
                         net (fo=1, routed)           1.880    10.792    clk_IBUF
    BUFGCTRL_X0Y0        BUFG (Prop_bufg_I_O)         0.091    10.883 r  clk_IBUF_BUFG_inst/O
                         net (fo=987, routed)         1.579    12.462    fir_inst/gen_stage_0/gen_mac_units[0].mac_inst/clk_IBUF_BUFG
    DSP48_X0Y26          DSP48E1                                      r  fir_inst/gen_stage_0/gen_mac_units[0].mac_inst/mult_s_reg/CLK
                         clock pessimism              0.489    12.950    
                         clock uncertainty           -0.035    12.915    
    DSP48_X0Y26          DSP48E1 (Setup_dsp48e1_CLK_PCIN[14])
                                                     -1.400    11.515    fir_inst/gen_stage_0/gen_mac_units[0].mac_inst/mult_s_reg
  -------------------------------------------------------------------
                         required time                         11.515    
                         arrival time                         -11.840    
  -------------------------------------------------------------------
                         slack                                 -0.325    

Slack (VIOLATED) :        -0.325ns  (required time - arrival time)
  Source:                 fir_inst/last_shift_reg[0]_replica/C
                            (rising edge-triggered cell FDRE clocked by sys_clk  {rise@0.000ns fall@4.000ns period=8.000ns})
  Destination:            fir_inst/gen_stage_0/gen_mac_units[0].mac_inst/mult_s_reg/PCIN[15]
                            (rising edge-triggered cell DSP48E1 clocked by sys_clk  {rise@0.000ns fall@4.000ns period=8.000ns})
  Path Group:             sys_clk
  Path Type:              Setup (Max at Slow Process Corner)
  Requirement:            8.000ns  (sys_clk rise@8.000ns - sys_clk rise@0.000ns)
  Data Path Delay:        6.955ns  (logic 4.555ns (65.497%)  route 2.400ns (34.503%))
  Logic Levels:           3  (DSP48E1=1 LUT5=1 LUT6=1)
  Clock Path Skew:        0.065ns (DCD - SCD + CPR)
    Destination Clock Delay (DCD):    4.462ns = ( 12.462 - 8.000 ) 
    Source Clock Delay      (SCD):    4.886ns
    Clock Pessimism Removal (CPR):    0.489ns
  Clock Uncertainty:      0.035ns  ((TSJ^2 + TIJ^2)^1/2 + DJ) / 2 + PE
    Total System Jitter     (TSJ):    0.071ns
    Total Input Jitter      (TIJ):    0.000ns
    Discrete Jitter          (DJ):    0.000ns
    Phase Error              (PE):    0.000ns

    Location             Delay type                Incr(ns)  Path(ns)    Netlist Resource(s)
  -------------------------------------------------------------------    -------------------
                         (clock sys_clk rise edge)    0.000     0.000 r  
    U14                                               0.000     0.000 r  clk (IN)
                         net (fo=0)                   0.000     0.000    clk
    U14                  IBUF (Prop_ibuf_I_O)         1.046     1.046 r  clk_IBUF_inst/O
                         net (fo=1, routed)           2.076     3.122    clk_IBUF
    BUFGCTRL_X0Y0        BUFG (Prop_bufg_I_O)         0.101     3.223 r  clk_IBUF_BUFG_inst/O
                         net (fo=987, routed)         1.663     4.886    fir_inst/clk_IBUF_BUFG
    SLICE_X9Y65          FDRE                                         r  fir_inst/last_shift_reg[0]_replica/C
  -------------------------------------------------------------------    -------------------
    SLICE_X9Y65          FDRE (Prop_fdre_C_Q)         0.456     5.342 f  fir_inst/last_shift_reg[0]_replica/Q
                         net (fo=1, routed)           0.799     6.141    fir_inst/gen_stages[2].stage_inst/gen_mac_units[0].mac_inst/p_1_in__0[1]_repN_alias
    SLICE_X9Y63          LUT6 (Prop_lut6_I1_O)        0.124     6.265 f  fir_inst/gen_stages[2].stage_inst/gen_mac_units[0].mac_inst/mult_s0_i_19/O
                         net (fo=18, routed)          0.904     7.169    fir_inst/gen_stages[2].stage_inst/gen_mac_units[0].mac_inst/mult_s0_i_19_n_0
    SLICE_X8Y62          LUT5 (Prop_lut5_I0_O)        0.124     7.293 r  fir_inst/gen_stages[2].stage_inst/gen_mac_units[0].mac_inst/mult_s0_i_5/O
                         net (fo=4, routed)           0.695     7.987    fir_inst/gen_stage_0/gen_mac_units[0].mac_inst/sample_i[13]
    DSP48_X0Y25          DSP48E1 (Prop_dsp48e1_B[13]_PCOUT[15])
                                                      3.851    11.838 r  fir_inst/gen_stage_0/gen_mac_units[0].mac_inst/mult_s0/PCOUT[15]
                         net (fo=1, routed)           0.002    11.840    fir_inst/gen_stage_0/gen_mac_units[0].mac_inst/mult_s0_n_138
    DSP48_X0Y26          DSP48E1                                      r  fir_inst/gen_stage_0/gen_mac_units[0].mac_inst/mult_s_reg/PCIN[15]
  -------------------------------------------------------------------    -------------------

                         (clock sys_clk rise edge)    8.000     8.000 r  
    U14                                               0.000     8.000 r  clk (IN)
                         net (fo=0)                   0.000     8.000    clk
    U14                  IBUF (Prop_ibuf_I_O)         0.912     8.912 r  clk_IBUF_inst/O
                         net (fo=1, routed)           1.880    10.792    clk_IBUF
    BUFGCTRL_X0Y0        BUFG (Prop_bufg_I_O)         0.091    10.883 r  clk_IBUF_BUFG_inst/O
                         net (fo=987, routed)         1.579    12.462    fir_inst/gen_stage_0/gen_mac_units[0].mac_inst/clk_IBUF_BUFG
    DSP48_X0Y26          DSP48E1                                      r  fir_inst/gen_stage_0/gen_mac_units[0].mac_inst/mult_s_reg/CLK
                         clock pessimism              0.489    12.950    
                         clock uncertainty           -0.035    12.915    
    DSP48_X0Y26          DSP48E1 (Setup_dsp48e1_CLK_PCIN[15])
                                                     -1.400    11.515    fir_inst/gen_stage_0/gen_mac_units[0].mac_inst/mult_s_reg
  -------------------------------------------------------------------
                         required time                         11.515    
                         arrival time                         -11.840    
  -------------------------------------------------------------------
                         slack                                 -0.325    

Slack (VIOLATED) :        -0.325ns  (required time - arrival time)
  Source:                 fir_inst/last_shift_reg[0]_replica/C
                            (rising edge-triggered cell FDRE clocked by sys_clk  {rise@0.000ns fall@4.000ns period=8.000ns})
  Destination:            fir_inst/gen_stage_0/gen_mac_units[0].mac_inst/mult_s_reg/PCIN[16]
                            (rising edge-triggered cell DSP48E1 clocked by sys_clk  {rise@0.000ns fall@4.000ns period=8.000ns})
  Path Group:             sys_clk
  Path Type:              Setup (Max at Slow Process Corner)
  Requirement:            8.000ns  (sys_clk rise@8.000ns - sys_clk rise@0.000ns)
  Data Path Delay:        6.955ns  (logic 4.555ns (65.497%)  route 2.400ns (34.503%))
  Logic Levels:           3  (DSP48E1=1 LUT5=1 LUT6=1)
  Clock Path Skew:        0.065ns (DCD - SCD + CPR)
    Destination Clock Delay (DCD):    4.462ns = ( 12.462 - 8.000 ) 
    Source Clock Delay      (SCD):    4.886ns
    Clock Pessimism Removal (CPR):    0.489ns
  Clock Uncertainty:      0.035ns  ((TSJ^2 + TIJ^2)^1/2 + DJ) / 2 + PE
    Total System Jitter     (TSJ):    0.071ns
    Total Input Jitter      (TIJ):    0.000ns
    Discrete Jitter          (DJ):    0.000ns
    Phase Error              (PE):    0.000ns

    Location             Delay type                Incr(ns)  Path(ns)    Netlist Resource(s)
  -------------------------------------------------------------------    -------------------
                         (clock sys_clk rise edge)    0.000     0.000 r  
    U14                                               0.000     0.000 r  clk (IN)
                         net (fo=0)                   0.000     0.000    clk
    U14                  IBUF (Prop_ibuf_I_O)         1.046     1.046 r  clk_IBUF_inst/O
                         net (fo=1, routed)           2.076     3.122    clk_IBUF
    BUFGCTRL_X0Y0        BUFG (Prop_bufg_I_O)         0.101     3.223 r  clk_IBUF_BUFG_inst/O
                         net (fo=987, routed)         1.663     4.886    fir_inst/clk_IBUF_BUFG
    SLICE_X9Y65          FDRE                                         r  fir_inst/last_shift_reg[0]_replica/C
  -------------------------------------------------------------------    -------------------
    SLICE_X9Y65          FDRE (Prop_fdre_C_Q)         0.456     5.342 f  fir_inst/last_shift_reg[0]_replica/Q
                         net (fo=1, routed)           0.799     6.141    fir_inst/gen_stages[2].stage_inst/gen_mac_units[0].mac_inst/p_1_in__0[1]_repN_alias
    SLICE_X9Y63          LUT6 (Prop_lut6_I1_O)        0.124     6.265 f  fir_inst/gen_stages[2].stage_inst/gen_mac_units[0].mac_inst/mult_s0_i_19/O
                         net (fo=18, routed)          0.904     7.169    fir_inst/gen_stages[2].stage_inst/gen_mac_units[0].mac_inst/mult_s0_i_19_n_0
    SLICE_X8Y62          LUT5 (Prop_lut5_I0_O)        0.124     7.293 r  fir_inst/gen_stages[2].stage_inst/gen_mac_units[0].mac_inst/mult_s0_i_5/O
                         net (fo=4, routed)           0.695     7.987    fir_inst/gen_stage_0/gen_mac_units[0].mac_inst/sample_i[13]
    DSP48_X0Y25          DSP48E1 (Prop_dsp48e1_B[13]_PCOUT[16])
                                                      3.851    11.838 r  fir_inst/gen_stage_0/gen_mac_units[0].mac_inst/mult_s0/PCOUT[16]
                         net (fo=1, routed)           0.002    11.840    fir_inst/gen_stage_0/gen_mac_units[0].mac_inst/mult_s0_n_137
    DSP48_X0Y26          DSP48E1                                      r  fir_inst/gen_stage_0/gen_mac_units[0].mac_inst/mult_s_reg/PCIN[16]
  -------------------------------------------------------------------    -------------------

                         (clock sys_clk rise edge)    8.000     8.000 r  
    U14                                               0.000     8.000 r  clk (IN)
                         net (fo=0)                   0.000     8.000    clk
    U14                  IBUF (Prop_ibuf_I_O)         0.912     8.912 r  clk_IBUF_inst/O
                         net (fo=1, routed)           1.880    10.792    clk_IBUF
    BUFGCTRL_X0Y0        BUFG (Prop_bufg_I_O)         0.091    10.883 r  clk_IBUF_BUFG_inst/O
                         net (fo=987, routed)         1.579    12.462    fir_inst/gen_stage_0/gen_mac_units[0].mac_inst/clk_IBUF_BUFG
    DSP48_X0Y26          DSP48E1                                      r  fir_inst/gen_stage_0/gen_mac_units[0].mac_inst/mult_s_reg/CLK
                         clock pessimism              0.489    12.950    
                         clock uncertainty           -0.035    12.915    
    DSP48_X0Y26          DSP48E1 (Setup_dsp48e1_CLK_PCIN[16])
                                                     -1.400    11.515    fir_inst/gen_stage_0/gen_mac_units[0].mac_inst/mult_s_reg
  -------------------------------------------------------------------
                         required time                         11.515    
                         arrival time                         -11.840    
  -------------------------------------------------------------------
                         slack                                 -0.325    

Slack (VIOLATED) :        -0.325ns  (required time - arrival time)
  Source:                 fir_inst/last_shift_reg[0]_replica/C
                            (rising edge-triggered cell FDRE clocked by sys_clk  {rise@0.000ns fall@4.000ns period=8.000ns})
  Destination:            fir_inst/gen_stage_0/gen_mac_units[0].mac_inst/mult_s_reg/PCIN[17]
                            (rising edge-triggered cell DSP48E1 clocked by sys_clk  {rise@0.000ns fall@4.000ns period=8.000ns})
  Path Group:             sys_clk
  Path Type:              Setup (Max at Slow Process Corner)
  Requirement:            8.000ns  (sys_clk rise@8.000ns - sys_clk rise@0.000ns)
  Data Path Delay:        6.955ns  (logic 4.555ns (65.497%)  route 2.400ns (34.503%))
  Logic Levels:           3  (DSP48E1=1 LUT5=1 LUT6=1)
  Clock Path Skew:        0.065ns (DCD - SCD + CPR)
    Destination Clock Delay (DCD):    4.462ns = ( 12.462 - 8.000 ) 
    Source Clock Delay      (SCD):    4.886ns
    Clock Pessimism Removal (CPR):    0.489ns
  Clock Uncertainty:      0.035ns  ((TSJ^2 + TIJ^2)^1/2 + DJ) / 2 + PE
    Total System Jitter     (TSJ):    0.071ns
    Total Input Jitter      (TIJ):    0.000ns
    Discrete Jitter          (DJ):    0.000ns
    Phase Error              (PE):    0.000ns

    Location             Delay type                Incr(ns)  Path(ns)    Netlist Resource(s)
  -------------------------------------------------------------------    -------------------
                         (clock sys_clk rise edge)    0.000     0.000 r  
    U14                                               0.000     0.000 r  clk (IN)
                         net (fo=0)                   0.000     0.000    clk
    U14                  IBUF (Prop_ibuf_I_O)         1.046     1.046 r  clk_IBUF_inst/O
                         net (fo=1, routed)           2.076     3.122    clk_IBUF
    BUFGCTRL_X0Y0        BUFG (Prop_bufg_I_O)         0.101     3.223 r  clk_IBUF_BUFG_inst/O
                         net (fo=987, routed)         1.663     4.886    fir_inst/clk_IBUF_BUFG
    SLICE_X9Y65          FDRE                                         r  fir_inst/last_shift_reg[0]_replica/C
  -------------------------------------------------------------------    -------------------
    SLICE_X9Y65          FDRE (Prop_fdre_C_Q)         0.456     5.342 f  fir_inst/last_shift_reg[0]_replica/Q
                         net (fo=1, routed)           0.799     6.141    fir_inst/gen_stages[2].stage_inst/gen_mac_units[0].mac_inst/p_1_in__0[1]_repN_alias
    SLICE_X9Y63          LUT6 (Prop_lut6_I1_O)        0.124     6.265 f  fir_inst/gen_stages[2].stage_inst/gen_mac_units[0].mac_inst/mult_s0_i_19/O
                         net (fo=18, routed)          0.904     7.169    fir_inst/gen_stages[2].stage_inst/gen_mac_units[0].mac_inst/mult_s0_i_19_n_0
    SLICE_X8Y62          LUT5 (Prop_lut5_I0_O)        0.124     7.293 r  fir_inst/gen_stages[2].stage_inst/gen_mac_units[0].mac_inst/mult_s0_i_5/O
                         net (fo=4, routed)           0.695     7.987    fir_inst/gen_stage_0/gen_mac_units[0].mac_inst/sample_i[13]
    DSP48_X0Y25          DSP48E1 (Prop_dsp48e1_B[13]_PCOUT[17])
                                                      3.851    11.838 r  fir_inst/gen_stage_0/gen_mac_units[0].mac_inst/mult_s0/PCOUT[17]
                         net (fo=1, routed)           0.002    11.840    fir_inst/gen_stage_0/gen_mac_units[0].mac_inst/mult_s0_n_136
    DSP48_X0Y26          DSP48E1                                      r  fir_inst/gen_stage_0/gen_mac_units[0].mac_inst/mult_s_reg/PCIN[17]
  -------------------------------------------------------------------    -------------------

                         (clock sys_clk rise edge)    8.000     8.000 r  
    U14                                               0.000     8.000 r  clk (IN)
                         net (fo=0)                   0.000     8.000    clk
    U14                  IBUF (Prop_ibuf_I_O)         0.912     8.912 r  clk_IBUF_inst/O
                         net (fo=1, routed)           1.880    10.792    clk_IBUF
    BUFGCTRL_X0Y0        BUFG (Prop_bufg_I_O)         0.091    10.883 r  clk_IBUF_BUFG_inst/O
                         net (fo=987, routed)         1.579    12.462    fir_inst/gen_stage_0/gen_mac_units[0].mac_inst/clk_IBUF_BUFG
    DSP48_X0Y26          DSP48E1                                      r  fir_inst/gen_stage_0/gen_mac_units[0].mac_inst/mult_s_reg/CLK
                         clock pessimism              0.489    12.950    
                         clock uncertainty           -0.035    12.915    
    DSP48_X0Y26          DSP48E1 (Setup_dsp48e1_CLK_PCIN[17])
                                                     -1.400    11.515    fir_inst/gen_stage_0/gen_mac_units[0].mac_inst/mult_s_reg
  -------------------------------------------------------------------
                         required time                         11.515    
                         arrival time                         -11.840    
  -------------------------------------------------------------------
                         slack                                 -0.325    

Slack (VIOLATED) :        -0.325ns  (required time - arrival time)
  Source:                 fir_inst/last_shift_reg[0]_replica/C
                            (rising edge-triggered cell FDRE clocked by sys_clk  {rise@0.000ns fall@4.000ns period=8.000ns})
  Destination:            fir_inst/gen_stage_0/gen_mac_units[0].mac_inst/mult_s_reg/PCIN[18]
                            (rising edge-triggered cell DSP48E1 clocked by sys_clk  {rise@0.000ns fall@4.000ns period=8.000ns})
  Path Group:             sys_clk
  Path Type:              Setup (Max at Slow Process Corner)
  Requirement:            8.000ns  (sys_clk rise@8.000ns - sys_clk rise@0.000ns)
  Data Path Delay:        6.955ns  (logic 4.555ns (65.497%)  route 2.400ns (34.503%))
  Logic Levels:           3  (DSP48E1=1 LUT5=1 LUT6=1)
  Clock Path Skew:        0.065ns (DCD - SCD + CPR)
    Destination Clock Delay (DCD):    4.462ns = ( 12.462 - 8.000 ) 
    Source Clock Delay      (SCD):    4.886ns
    Clock Pessimism Removal (CPR):    0.489ns
  Clock Uncertainty:      0.035ns  ((TSJ^2 + TIJ^2)^1/2 + DJ) / 2 + PE
    Total System Jitter     (TSJ):    0.071ns
    Total Input Jitter      (TIJ):    0.000ns
    Discrete Jitter          (DJ):    0.000ns
    Phase Error              (PE):    0.000ns

    Location             Delay type                Incr(ns)  Path(ns)    Netlist Resource(s)
  -------------------------------------------------------------------    -------------------
                         (clock sys_clk rise edge)    0.000     0.000 r  
    U14                                               0.000     0.000 r  clk (IN)
                         net (fo=0)                   0.000     0.000    clk
    U14                  IBUF (Prop_ibuf_I_O)         1.046     1.046 r  clk_IBUF_inst/O
                         net (fo=1, routed)           2.076     3.122    clk_IBUF
    BUFGCTRL_X0Y0        BUFG (Prop_bufg_I_O)         0.101     3.223 r  clk_IBUF_BUFG_inst/O
                         net (fo=987, routed)         1.663     4.886    fir_inst/clk_IBUF_BUFG
    SLICE_X9Y65          FDRE                                         r  fir_inst/last_shift_reg[0]_replica/C
  -------------------------------------------------------------------    -------------------
    SLICE_X9Y65          FDRE (Prop_fdre_C_Q)         0.456     5.342 f  fir_inst/last_shift_reg[0]_replica/Q
                         net (fo=1, routed)           0.799     6.141    fir_inst/gen_stages[2].stage_inst/gen_mac_units[0].mac_inst/p_1_in__0[1]_repN_alias
    SLICE_X9Y63          LUT6 (Prop_lut6_I1_O)        0.124     6.265 f  fir_inst/gen_stages[2].stage_inst/gen_mac_units[0].mac_inst/mult_s0_i_19/O
                         net (fo=18, routed)          0.904     7.169    fir_inst/gen_stages[2].stage_inst/gen_mac_units[0].mac_inst/mult_s0_i_19_n_0
    SLICE_X8Y62          LUT5 (Prop_lut5_I0_O)        0.124     7.293 r  fir_inst/gen_stages[2].stage_inst/gen_mac_units[0].mac_inst/mult_s0_i_5/O
                         net (fo=4, routed)           0.695     7.987    fir_inst/gen_stage_0/gen_mac_units[0].mac_inst/sample_i[13]
    DSP48_X0Y25          DSP48E1 (Prop_dsp48e1_B[13]_PCOUT[18])
                                                      3.851    11.838 r  fir_inst/gen_stage_0/gen_mac_units[0].mac_inst/mult_s0/PCOUT[18]
                         net (fo=1, routed)           0.002    11.840    fir_inst/gen_stage_0/gen_mac_units[0].mac_inst/mult_s0_n_135
    DSP48_X0Y26          DSP48E1                                      r  fir_inst/gen_stage_0/gen_mac_units[0].mac_inst/mult_s_reg/PCIN[18]
  -------------------------------------------------------------------    -------------------

                         (clock sys_clk rise edge)    8.000     8.000 r  
    U14                                               0.000     8.000 r  clk (IN)
                         net (fo=0)                   0.000     8.000    clk
    U14                  IBUF (Prop_ibuf_I_O)         0.912     8.912 r  clk_IBUF_inst/O
                         net (fo=1, routed)           1.880    10.792    clk_IBUF
    BUFGCTRL_X0Y0        BUFG (Prop_bufg_I_O)         0.091    10.883 r  clk_IBUF_BUFG_inst/O
                         net (fo=987, routed)         1.579    12.462    fir_inst/gen_stage_0/gen_mac_units[0].mac_inst/clk_IBUF_BUFG
    DSP48_X0Y26          DSP48E1                                      r  fir_inst/gen_stage_0/gen_mac_units[0].mac_inst/mult_s_reg/CLK
                         clock pessimism              0.489    12.950    
                         clock uncertainty           -0.035    12.915    
    DSP48_X0Y26          DSP48E1 (Setup_dsp48e1_CLK_PCIN[18])
                                                     -1.400    11.515    fir_inst/gen_stage_0/gen_mac_units[0].mac_inst/mult_s_reg
  -------------------------------------------------------------------
                         required time                         11.515    
                         arrival time                         -11.840    
  -------------------------------------------------------------------
                         slack                                 -0.325    





Min Delay Paths
--------------------------------------------------------------------------------------
Slack (MET) :             0.027ns  (arrival time - required time)
  Source:                 fir_inst/sample_chain_reg[5][20]/C
                            (rising edge-triggered cell FDRE clocked by sys_clk  {rise@0.000ns fall@4.000ns period=8.000ns})
  Destination:            fir_inst/sample_chain_reg[6][20]/D
                            (rising edge-triggered cell FDRE clocked by sys_clk  {rise@0.000ns fall@4.000ns period=8.000ns})
  Path Group:             sys_clk
  Path Type:              Hold (Min at Fast Process Corner)
  Requirement:            0.000ns  (sys_clk rise@0.000ns - sys_clk rise@0.000ns)
  Data Path Delay:        0.362ns  (logic 0.141ns (38.906%)  route 0.221ns (61.094%))
  Logic Levels:           0  
  Clock Path Skew:        0.272ns (DCD - SCD - CPR)
    Destination Clock Delay (DCD):    2.007ns
    Source Clock Delay      (SCD):    1.486ns
    Clock Pessimism Removal (CPR):    0.249ns

    Location             Delay type                Incr(ns)  Path(ns)    Netlist Resource(s)
  -------------------------------------------------------------------    -------------------
                         (clock sys_clk rise edge)    0.000     0.000 r  
    U14                                               0.000     0.000 r  clk (IN)
                         net (fo=0)                   0.000     0.000    clk
    U14                  IBUF (Prop_ibuf_I_O)         0.274     0.274 r  clk_IBUF_inst/O
                         net (fo=1, routed)           0.627     0.901    clk_IBUF
    BUFGCTRL_X0Y0        BUFG (Prop_bufg_I_O)         0.026     0.927 r  clk_IBUF_BUFG_inst/O
                         net (fo=987, routed)         0.559     1.486    fir_inst/clk_IBUF_BUFG
    SLICE_X22Y50         FDRE                                         r  fir_inst/sample_chain_reg[5][20]/C
  -------------------------------------------------------------------    -------------------
    SLICE_X22Y50         FDRE (Prop_fdre_C_Q)         0.141     1.627 r  fir_inst/sample_chain_reg[5][20]/Q
                         net (fo=2, routed)           0.221     1.848    fir_inst/sample_chain_reg_n_0_[5][20]
    SLICE_X20Y47         FDRE                                         r  fir_inst/sample_chain_reg[6][20]/D
  -------------------------------------------------------------------    -------------------

                         (clock sys_clk rise edge)    0.000     0.000 r  
    U14                                               0.000     0.000 r  clk (IN)
                         net (fo=0)                   0.000     0.000    clk
    U14                  IBUF (Prop_ibuf_I_O)         0.464     0.464 r  clk_IBUF_inst/O
                         net (fo=1, routed)           0.683     1.147    clk_IBUF
    BUFGCTRL_X0Y0        BUFG (Prop_bufg_I_O)         0.029     1.176 r  clk_IBUF_BUFG_inst/O
                         net (fo=987, routed)         0.831     2.007    fir_inst/clk_IBUF_BUFG
    SLICE_X20Y47         FDRE                                         r  fir_inst/sample_chain_reg[6][20]/C
                         clock pessimism             -0.249     1.758    
    SLICE_X20Y47         FDRE (Hold_fdre_C_D)         0.063     1.821    fir_inst/sample_chain_reg[6][20]
  -------------------------------------------------------------------
                         required time                         -1.821    
                         arrival time                           1.848    
  -------------------------------------------------------------------
                         slack                                  0.027    

Slack (MET) :             0.028ns  (arrival time - required time)
  Source:                 fir_inst/sample_chain_reg[5][10]/C
                            (rising edge-triggered cell FDRE clocked by sys_clk  {rise@0.000ns fall@4.000ns period=8.000ns})
  Destination:            fir_inst/sample_chain_reg[6][10]/D
                            (rising edge-triggered cell FDRE clocked by sys_clk  {rise@0.000ns fall@4.000ns period=8.000ns})
  Path Group:             sys_clk
  Path Type:              Hold (Min at Fast Process Corner)
  Requirement:            0.000ns  (sys_clk rise@0.000ns - sys_clk rise@0.000ns)
  Data Path Delay:        0.370ns  (logic 0.141ns (38.104%)  route 0.229ns (61.896%))
  Logic Levels:           0  
  Clock Path Skew:        0.272ns (DCD - SCD - CPR)
    Destination Clock Delay (DCD):    2.007ns
    Source Clock Delay      (SCD):    1.486ns
    Clock Pessimism Removal (CPR):    0.249ns

    Location             Delay type                Incr(ns)  Path(ns)    Netlist Resource(s)
  -------------------------------------------------------------------    -------------------
                         (clock sys_clk rise edge)    0.000     0.000 r  
    U14                                               0.000     0.000 r  clk (IN)
                         net (fo=0)                   0.000     0.000    clk
    U14                  IBUF (Prop_ibuf_I_O)         0.274     0.274 r  clk_IBUF_inst/O
                         net (fo=1, routed)           0.627     0.901    clk_IBUF
    BUFGCTRL_X0Y0        BUFG (Prop_bufg_I_O)         0.026     0.927 r  clk_IBUF_BUFG_inst/O
                         net (fo=987, routed)         0.559     1.486    fir_inst/clk_IBUF_BUFG
    SLICE_X22Y52         FDRE                                         r  fir_inst/sample_chain_reg[5][10]/C
  -------------------------------------------------------------------    -------------------
    SLICE_X22Y52         FDRE (Prop_fdre_C_Q)         0.141     1.627 r  fir_inst/sample_chain_reg[5][10]/Q
                         net (fo=2, routed)           0.229     1.856    fir_inst/sample_chain_reg_n_0_[5][10]
    SLICE_X21Y48         FDRE                                         r  fir_inst/sample_chain_reg[6][10]/D
  -------------------------------------------------------------------    -------------------

                         (clock sys_clk rise edge)    0.000     0.000 r  
    U14                                               0.000     0.000 r  clk (IN)
                         net (fo=0)                   0.000     0.000    clk
    U14                  IBUF (Prop_ibuf_I_O)         0.464     0.464 r  clk_IBUF_inst/O
                         net (fo=1, routed)           0.683     1.147    clk_IBUF
    BUFGCTRL_X0Y0        BUFG (Prop_bufg_I_O)         0.029     1.176 r  clk_IBUF_BUFG_inst/O
                         net (fo=987, routed)         0.831     2.007    fir_inst/clk_IBUF_BUFG
    SLICE_X21Y48         FDRE                                         r  fir_inst/sample_chain_reg[6][10]/C
                         clock pessimism             -0.249     1.758    
    SLICE_X21Y48         FDRE (Hold_fdre_C_D)         0.070     1.828    fir_inst/sample_chain_reg[6][10]
  -------------------------------------------------------------------
                         required time                         -1.828    
                         arrival time                           1.856    
  -------------------------------------------------------------------
                         slack                                  0.028    

Slack (MET) :             0.032ns  (arrival time - required time)
  Source:                 fir_inst/sample_chain_reg[5][16]/C
                            (rising edge-triggered cell FDRE clocked by sys_clk  {rise@0.000ns fall@4.000ns period=8.000ns})
  Destination:            fir_inst/sample_chain_reg[6][16]/D
                            (rising edge-triggered cell FDRE clocked by sys_clk  {rise@0.000ns fall@4.000ns period=8.000ns})
  Path Group:             sys_clk
  Path Type:              Hold (Min at Fast Process Corner)
  Requirement:            0.000ns  (sys_clk rise@0.000ns - sys_clk rise@0.000ns)
  Data Path Delay:        0.373ns  (logic 0.141ns (37.839%)  route 0.232ns (62.161%))
  Logic Levels:           0  
  Clock Path Skew:        0.268ns (DCD - SCD - CPR)
    Destination Clock Delay (DCD):    2.007ns
    Source Clock Delay      (SCD):    1.485ns
    Clock Pessimism Removal (CPR):    0.254ns

    Location             Delay type                Incr(ns)  Path(ns)    Netlist Resource(s)
  -------------------------------------------------------------------    -------------------
                         (clock sys_clk rise edge)    0.000     0.000 r  
    U14                                               0.000     0.000 r  clk (IN)
                         net (fo=0)                   0.000     0.000    clk
    U14                  IBUF (Prop_ibuf_I_O)         0.274     0.274 r  clk_IBUF_inst/O
                         net (fo=1, routed)           0.627     0.901    clk_IBUF
    BUFGCTRL_X0Y0        BUFG (Prop_bufg_I_O)         0.026     0.927 r  clk_IBUF_BUFG_inst/O
                         net (fo=987, routed)         0.558     1.485    fir_inst/clk_IBUF_BUFG
    SLICE_X22Y54         FDRE                                         r  fir_inst/sample_chain_reg[5][16]/C
  -------------------------------------------------------------------    -------------------
    SLICE_X22Y54         FDRE (Prop_fdre_C_Q)         0.141     1.626 r  fir_inst/sample_chain_reg[5][16]/Q
                         net (fo=2, routed)           0.232     1.857    fir_inst/sample_chain_reg_n_0_[5][16]
    SLICE_X18Y51         FDRE                                         r  fir_inst/sample_chain_reg[6][16]/D
  -------------------------------------------------------------------    -------------------

                         (clock sys_clk rise edge)    0.000     0.000 r  
    U14                                               0.000     0.000 r  clk (IN)
                         net (fo=0)                   0.000     0.000    clk
    U14                  IBUF (Prop_ibuf_I_O)         0.464     0.464 r  clk_IBUF_inst/O
                         net (fo=1, routed)           0.683     1.147    clk_IBUF
    BUFGCTRL_X0Y0        BUFG (Prop_bufg_I_O)         0.029     1.176 r  clk_IBUF_BUFG_inst/O
                         net (fo=987, routed)         0.831     2.007    fir_inst/clk_IBUF_BUFG
    SLICE_X18Y51         FDRE                                         r  fir_inst/sample_chain_reg[6][16]/C
                         clock pessimism             -0.254     1.753    
    SLICE_X18Y51         FDRE (Hold_fdre_C_D)         0.072     1.825    fir_inst/sample_chain_reg[6][16]
  -------------------------------------------------------------------
                         required time                         -1.825    
                         arrival time                           1.857    
  -------------------------------------------------------------------
                         slack                                  0.032    

Slack (MET) :             0.034ns  (arrival time - required time)
  Source:                 fir_inst/sample_chain_reg[5][17]/C
                            (rising edge-triggered cell FDRE clocked by sys_clk  {rise@0.000ns fall@4.000ns period=8.000ns})
  Destination:            fir_inst/sample_chain_reg[6][17]/D
                            (rising edge-triggered cell FDRE clocked by sys_clk  {rise@0.000ns fall@4.000ns period=8.000ns})
  Path Group:             sys_clk
  Path Type:              Hold (Min at Fast Process Corner)
  Requirement:            0.000ns  (sys_clk rise@0.000ns - sys_clk rise@0.000ns)
  Data Path Delay:        0.376ns  (logic 0.141ns (37.497%)  route 0.235ns (62.503%))
  Logic Levels:           0  
  Clock Path Skew:        0.272ns (DCD - SCD - CPR)
    Destination Clock Delay (DCD):    2.007ns
    Source Clock Delay      (SCD):    1.486ns
    Clock Pessimism Removal (CPR):    0.249ns

    Location             Delay type                Incr(ns)  Path(ns)    Netlist Resource(s)
  -------------------------------------------------------------------    -------------------
                         (clock sys_clk rise edge)    0.000     0.000 r  
    U14                                               0.000     0.000 r  clk (IN)
                         net (fo=0)                   0.000     0.000    clk
    U14                  IBUF (Prop_ibuf_I_O)         0.274     0.274 r  clk_IBUF_inst/O
                         net (fo=1, routed)           0.627     0.901    clk_IBUF
    BUFGCTRL_X0Y0        BUFG (Prop_bufg_I_O)         0.026     0.927 r  clk_IBUF_BUFG_inst/O
                         net (fo=987, routed)         0.559     1.486    fir_inst/clk_IBUF_BUFG
    SLICE_X21Y50         FDRE                                         r  fir_inst/sample_chain_reg[5][17]/C
  -------------------------------------------------------------------    -------------------
    SLICE_X21Y50         FDRE (Prop_fdre_C_Q)         0.141     1.627 r  fir_inst/sample_chain_reg[5][17]/Q
                         net (fo=2, routed)           0.235     1.862    fir_inst/sample_chain_reg_n_0_[5][17]
    SLICE_X17Y46         FDRE                                         r  fir_inst/sample_chain_reg[6][17]/D
  -------------------------------------------------------------------    -------------------

                         (clock sys_clk rise edge)    0.000     0.000 r  
    U14                                               0.000     0.000 r  clk (IN)
                         net (fo=0)                   0.000     0.000    clk
    U14                  IBUF (Prop_ibuf_I_O)         0.464     0.464 r  clk_IBUF_inst/O
                         net (fo=1, routed)           0.683     1.147    clk_IBUF
    BUFGCTRL_X0Y0        BUFG (Prop_bufg_I_O)         0.029     1.176 r  clk_IBUF_BUFG_inst/O
                         net (fo=987, routed)         0.831     2.007    fir_inst/clk_IBUF_BUFG
    SLICE_X17Y46         FDRE                                         r  fir_inst/sample_chain_reg[6][17]/C
                         clock pessimism             -0.249     1.758    
    SLICE_X17Y46         FDRE (Hold_fdre_C_D)         0.070     1.828    fir_inst/sample_chain_reg[6][17]
  -------------------------------------------------------------------
                         required time                         -1.828    
                         arrival time                           1.862    
  -------------------------------------------------------------------
                         slack                                  0.034    

Slack (MET) :             0.038ns  (arrival time - required time)
  Source:                 fir_inst/sample_chain_reg[5][15]/C
                            (rising edge-triggered cell FDRE clocked by sys_clk  {rise@0.000ns fall@4.000ns period=8.000ns})
  Destination:            fir_inst/sample_chain_reg[6][15]/D
                            (rising edge-triggered cell FDRE clocked by sys_clk  {rise@0.000ns fall@4.000ns period=8.000ns})
  Path Group:             sys_clk
  Path Type:              Hold (Min at Fast Process Corner)
  Requirement:            0.000ns  (sys_clk rise@0.000ns - sys_clk rise@0.000ns)
  Data Path Delay:        0.368ns  (logic 0.141ns (38.300%)  route 0.227ns (61.700%))
  Logic Levels:           0  
  Clock Path Skew:        0.267ns (DCD - SCD - CPR)
    Destination Clock Delay (DCD):    2.006ns
    Source Clock Delay      (SCD):    1.485ns
    Clock Pessimism Removal (CPR):    0.254ns

    Location             Delay type                Incr(ns)  Path(ns)    Netlist Resource(s)
  -------------------------------------------------------------------    -------------------
                         (clock sys_clk rise edge)    0.000     0.000 r  
    U14                                               0.000     0.000 r  clk (IN)
                         net (fo=0)                   0.000     0.000    clk
    U14                  IBUF (Prop_ibuf_I_O)         0.274     0.274 r  clk_IBUF_inst/O
                         net (fo=1, routed)           0.627     0.901    clk_IBUF
    BUFGCTRL_X0Y0        BUFG (Prop_bufg_I_O)         0.026     0.927 r  clk_IBUF_BUFG_inst/O
                         net (fo=987, routed)         0.558     1.485    fir_inst/clk_IBUF_BUFG
    SLICE_X22Y53         FDRE                                         r  fir_inst/sample_chain_reg[5][15]/C
  -------------------------------------------------------------------    -------------------
    SLICE_X22Y53         FDRE (Prop_fdre_C_Q)         0.141     1.626 r  fir_inst/sample_chain_reg[5][15]/Q
                         net (fo=2, routed)           0.227     1.853    fir_inst/sample_chain_reg_n_0_[5][15]
    SLICE_X20Y50         FDRE                                         r  fir_inst/sample_chain_reg[6][15]/D
  -------------------------------------------------------------------    -------------------

                         (clock sys_clk rise edge)    0.000     0.000 r  
    U14                                               0.000     0.000 r  clk (IN)
                         net (fo=0)                   0.000     0.000    clk
    U14                  IBUF (Prop_ibuf_I_O)         0.464     0.464 r  clk_IBUF_inst/O
                         net (fo=1, routed)           0.683     1.147    clk_IBUF
    BUFGCTRL_X0Y0        BUFG (Prop_bufg_I_O)         0.029     1.176 r  clk_IBUF_BUFG_inst/O
                         net (fo=987, routed)         0.830     2.006    fir_inst/clk_IBUF_BUFG
    SLICE_X20Y50         FDRE                                         r  fir_inst/sample_chain_reg[6][15]/C
                         clock pessimism             -0.254     1.752    
    SLICE_X20Y50         FDRE (Hold_fdre_C_D)         0.063     1.815    fir_inst/sample_chain_reg[6][15]
  -------------------------------------------------------------------
                         required time                         -1.815    
                         arrival time                           1.853    
  -------------------------------------------------------------------
                         slack                                  0.038    

Slack (MET) :             0.059ns  (arrival time - required time)
  Source:                 fir_inst/sample_chain_reg[5][0]/C
                            (rising edge-triggered cell FDRE clocked by sys_clk  {rise@0.000ns fall@4.000ns period=8.000ns})
  Destination:            fir_inst/sample_chain_reg[6][0]/D
                            (rising edge-triggered cell FDRE clocked by sys_clk  {rise@0.000ns fall@4.000ns period=8.000ns})
  Path Group:             sys_clk
  Path Type:              Hold (Min at Fast Process Corner)
  Requirement:            0.000ns  (sys_clk rise@0.000ns - sys_clk rise@0.000ns)
  Data Path Delay:        0.390ns  (logic 0.141ns (36.131%)  route 0.249ns (63.869%))
  Logic Levels:           0  
  Clock Path Skew:        0.272ns (DCD - SCD - CPR)
    Destination Clock Delay (DCD):    2.007ns
    Source Clock Delay      (SCD):    1.486ns
    Clock Pessimism Removal (CPR):    0.249ns

    Location             Delay type                Incr(ns)  Path(ns)    Netlist Resource(s)
  -------------------------------------------------------------------    -------------------
                         (clock sys_clk rise edge)    0.000     0.000 r  
    U14                                               0.000     0.000 r  clk (IN)
                         net (fo=0)                   0.000     0.000    clk
    U14                  IBUF (Prop_ibuf_I_O)         0.274     0.274 r  clk_IBUF_inst/O
                         net (fo=1, routed)           0.627     0.901    clk_IBUF
    BUFGCTRL_X0Y0        BUFG (Prop_bufg_I_O)         0.026     0.927 r  clk_IBUF_BUFG_inst/O
                         net (fo=987, routed)         0.559     1.486    fir_inst/clk_IBUF_BUFG
    SLICE_X22Y50         FDRE                                         r  fir_inst/sample_chain_reg[5][0]/C
  -------------------------------------------------------------------    -------------------
    SLICE_X22Y50         FDRE (Prop_fdre_C_Q)         0.141     1.627 r  fir_inst/sample_chain_reg[5][0]/Q
                         net (fo=2, routed)           0.249     1.876    fir_inst/sample_chain_reg_n_0_[5][0]
    SLICE_X20Y47         FDRE                                         r  fir_inst/sample_chain_reg[6][0]/D
  -------------------------------------------------------------------    -------------------

                         (clock sys_clk rise edge)    0.000     0.000 r  
    U14                                               0.000     0.000 r  clk (IN)
                         net (fo=0)                   0.000     0.000    clk
    U14                  IBUF (Prop_ibuf_I_O)         0.464     0.464 r  clk_IBUF_inst/O
                         net (fo=1, routed)           0.683     1.147    clk_IBUF
    BUFGCTRL_X0Y0        BUFG (Prop_bufg_I_O)         0.029     1.176 r  clk_IBUF_BUFG_inst/O
                         net (fo=987, routed)         0.831     2.007    fir_inst/clk_IBUF_BUFG
    SLICE_X20Y47         FDRE                                         r  fir_inst/sample_chain_reg[6][0]/C
                         clock pessimism             -0.249     1.758    
    SLICE_X20Y47         FDRE (Hold_fdre_C_D)         0.059     1.817    fir_inst/sample_chain_reg[6][0]
  -------------------------------------------------------------------
                         required time                         -1.817    
                         arrival time                           1.876    
  -------------------------------------------------------------------
                         slack                                  0.059    

Slack (MET) :             0.060ns  (arrival time - required time)
  Source:                 fir_inst/sample_chain_reg[5][4]/C
                            (rising edge-triggered cell FDRE clocked by sys_clk  {rise@0.000ns fall@4.000ns period=8.000ns})
  Destination:            fir_inst/sample_chain_reg[6][4]/D
                            (rising edge-triggered cell FDRE clocked by sys_clk  {rise@0.000ns fall@4.000ns period=8.000ns})
  Path Group:             sys_clk
  Path Type:              Hold (Min at Fast Process Corner)
  Requirement:            0.000ns  (sys_clk rise@0.000ns - sys_clk rise@0.000ns)
  Data Path Delay:        0.396ns  (logic 0.141ns (35.644%)  route 0.255ns (64.356%))
  Logic Levels:           0  
  Clock Path Skew:        0.272ns (DCD - SCD - CPR)
    Destination Clock Delay (DCD):    2.007ns
    Source Clock Delay      (SCD):    1.486ns
    Clock Pessimism Removal (CPR):    0.249ns

    Location             Delay type                Incr(ns)  Path(ns)    Netlist Resource(s)
  -------------------------------------------------------------------    -------------------
                         (clock sys_clk rise edge)    0.000     0.000 r  
    U14                                               0.000     0.000 r  clk (IN)
                         net (fo=0)                   0.000     0.000    clk
    U14                  IBUF (Prop_ibuf_I_O)         0.274     0.274 r  clk_IBUF_inst/O
                         net (fo=1, routed)           0.627     0.901    clk_IBUF
    BUFGCTRL_X0Y0        BUFG (Prop_bufg_I_O)         0.026     0.927 r  clk_IBUF_BUFG_inst/O
                         net (fo=987, routed)         0.559     1.486    fir_inst/clk_IBUF_BUFG
    SLICE_X22Y51         FDRE                                         r  fir_inst/sample_chain_reg[5][4]/C
  -------------------------------------------------------------------    -------------------
    SLICE_X22Y51         FDRE (Prop_fdre_C_Q)         0.141     1.627 r  fir_inst/sample_chain_reg[5][4]/Q
                         net (fo=2, routed)           0.255     1.881    fir_inst/sample_chain_reg_n_0_[5][4]
    SLICE_X20Y47         FDRE                                         r  fir_inst/sample_chain_reg[6][4]/D
  -------------------------------------------------------------------    -------------------

                         (clock sys_clk rise edge)    0.000     0.000 r  
    U14                                               0.000     0.000 r  clk (IN)
                         net (fo=0)                   0.000     0.000    clk
    U14                  IBUF (Prop_ibuf_I_O)         0.464     0.464 r  clk_IBUF_inst/O
                         net (fo=1, routed)           0.683     1.147    clk_IBUF
    BUFGCTRL_X0Y0        BUFG (Prop_bufg_I_O)         0.029     1.176 r  clk_IBUF_BUFG_inst/O
                         net (fo=987, routed)         0.831     2.007    fir_inst/clk_IBUF_BUFG
    SLICE_X20Y47         FDRE                                         r  fir_inst/sample_chain_reg[6][4]/C
                         clock pessimism             -0.249     1.758    
    SLICE_X20Y47         FDRE (Hold_fdre_C_D)         0.063     1.821    fir_inst/sample_chain_reg[6][4]
  -------------------------------------------------------------------
                         required time                         -1.821    
                         arrival time                           1.881    
  -------------------------------------------------------------------
                         slack                                  0.060    

Slack (MET) :             0.062ns  (arrival time - required time)
  Source:                 fir_inst/sample_chain_reg[6][23]/C
                            (rising edge-triggered cell FDRE clocked by sys_clk  {rise@0.000ns fall@4.000ns period=8.000ns})
  Destination:            fir_inst/sample_chain_reg[7][23]/D
                            (rising edge-triggered cell FDRE clocked by sys_clk  {rise@0.000ns fall@4.000ns period=8.000ns})
  Path Group:             sys_clk
  Path Type:              Hold (Min at Fast Process Corner)
  Requirement:            0.000ns  (sys_clk rise@0.000ns - sys_clk rise@0.000ns)
  Data Path Delay:        0.397ns  (logic 0.164ns (41.282%)  route 0.233ns (58.718%))
  Logic Levels:           0  
  Clock Path Skew:        0.272ns (DCD - SCD - CPR)
    Destination Clock Delay (DCD):    2.007ns
    Source Clock Delay      (SCD):    1.486ns
    Clock Pessimism Removal (CPR):    0.249ns

    Location             Delay type                Incr(ns)  Path(ns)    Netlist Resource(s)
  -------------------------------------------------------------------    -------------------
                         (clock sys_clk rise edge)    0.000     0.000 r  
    U14                                               0.000     0.000 r  clk (IN)
                         net (fo=0)                   0.000     0.000    clk
    U14                  IBUF (Prop_ibuf_I_O)         0.274     0.274 r  clk_IBUF_inst/O
                         net (fo=1, routed)           0.627     0.901    clk_IBUF
    BUFGCTRL_X0Y0        BUFG (Prop_bufg_I_O)         0.026     0.927 r  clk_IBUF_BUFG_inst/O
                         net (fo=987, routed)         0.559     1.486    fir_inst/clk_IBUF_BUFG
    SLICE_X20Y50         FDRE                                         r  fir_inst/sample_chain_reg[6][23]/C
  -------------------------------------------------------------------    -------------------
    SLICE_X20Y50         FDRE (Prop_fdre_C_Q)         0.164     1.650 r  fir_inst/sample_chain_reg[6][23]/Q
                         net (fo=13, routed)          0.233     1.883    fir_inst/sample_chain_reg_n_0_[6][23]
    SLICE_X16Y46         FDRE                                         r  fir_inst/sample_chain_reg[7][23]/D
  -------------------------------------------------------------------    -------------------

                         (clock sys_clk rise edge)    0.000     0.000 r  
    U14                                               0.000     0.000 r  clk (IN)
                         net (fo=0)                   0.000     0.000    clk
    U14                  IBUF (Prop_ibuf_I_O)         0.464     0.464 r  clk_IBUF_inst/O
                         net (fo=1, routed)           0.683     1.147    clk_IBUF
    BUFGCTRL_X0Y0        BUFG (Prop_bufg_I_O)         0.029     1.176 r  clk_IBUF_BUFG_inst/O
                         net (fo=987, routed)         0.831     2.007    fir_inst/clk_IBUF_BUFG
    SLICE_X16Y46         FDRE                                         r  fir_inst/sample_chain_reg[7][23]/C
                         clock pessimism             -0.249     1.758    
    SLICE_X16Y46         FDRE (Hold_fdre_C_D)         0.063     1.821    fir_inst/sample_chain_reg[7][23]
  -------------------------------------------------------------------
                         required time                         -1.821    
                         arrival time                           1.883    
  -------------------------------------------------------------------
                         slack                                  0.062    

Slack (MET) :             0.062ns  (arrival time - required time)
  Source:                 fir_inst/sample_chain_reg[5][21]/C
                            (rising edge-triggered cell FDRE clocked by sys_clk  {rise@0.000ns fall@4.000ns period=8.000ns})
  Destination:            fir_inst/sample_chain_reg[6][21]/D
                            (rising edge-triggered cell FDRE clocked by sys_clk  {rise@0.000ns fall@4.000ns period=8.000ns})
  Path Group:             sys_clk
  Path Type:              Hold (Min at Fast Process Corner)
  Requirement:            0.000ns  (sys_clk rise@0.000ns - sys_clk rise@0.000ns)
  Data Path Delay:        0.394ns  (logic 0.141ns (35.824%)  route 0.253ns (64.176%))
  Logic Levels:           0  
  Clock Path Skew:        0.272ns (DCD - SCD - CPR)
    Destination Clock Delay (DCD):    2.007ns
    Source Clock Delay      (SCD):    1.486ns
    Clock Pessimism Removal (CPR):    0.249ns

    Location             Delay type                Incr(ns)  Path(ns)    Netlist Resource(s)
  -------------------------------------------------------------------    -------------------
                         (clock sys_clk rise edge)    0.000     0.000 r  
    U14                                               0.000     0.000 r  clk (IN)
                         net (fo=0)                   0.000     0.000    clk
    U14                  IBUF (Prop_ibuf_I_O)         0.274     0.274 r  clk_IBUF_inst/O
                         net (fo=1, routed)           0.627     0.901    clk_IBUF
    BUFGCTRL_X0Y0        BUFG (Prop_bufg_I_O)         0.026     0.927 r  clk_IBUF_BUFG_inst/O
                         net (fo=987, routed)         0.559     1.486    fir_inst/clk_IBUF_BUFG
    SLICE_X22Y51         FDRE                                         r  fir_inst/sample_chain_reg[5][21]/C
  -------------------------------------------------------------------    -------------------
    SLICE_X22Y51         FDRE (Prop_fdre_C_Q)         0.141     1.627 r  fir_inst/sample_chain_reg[5][21]/Q
                         net (fo=2, routed)           0.253     1.879    fir_inst/sample_chain_reg_n_0_[5][21]
    SLICE_X20Y48         FDRE                                         r  fir_inst/sample_chain_reg[6][21]/D
  -------------------------------------------------------------------    -------------------

                         (clock sys_clk rise edge)    0.000     0.000 r  
    U14                                               0.000     0.000 r  clk (IN)
                         net (fo=0)                   0.000     0.000    clk
    U14                  IBUF (Prop_ibuf_I_O)         0.464     0.464 r  clk_IBUF_inst/O
                         net (fo=1, routed)           0.683     1.147    clk_IBUF
    BUFGCTRL_X0Y0        BUFG (Prop_bufg_I_O)         0.029     1.176 r  clk_IBUF_BUFG_inst/O
                         net (fo=987, routed)         0.831     2.007    fir_inst/clk_IBUF_BUFG
    SLICE_X20Y48         FDRE                                         r  fir_inst/sample_chain_reg[6][21]/C
                         clock pessimism             -0.249     1.758    
    SLICE_X20Y48         FDRE (Hold_fdre_C_D)         0.059     1.817    fir_inst/sample_chain_reg[6][21]
  -------------------------------------------------------------------
                         required time                         -1.817    
                         arrival time                           1.879    
  -------------------------------------------------------------------
                         slack                                  0.062    

Slack (MET) :             0.064ns  (arrival time - required time)
  Source:                 fir_inst/sample_chain_reg[6][14]/C
                            (rising edge-triggered cell FDRE clocked by sys_clk  {rise@0.000ns fall@4.000ns period=8.000ns})
  Destination:            fir_inst/sample_chain_reg[7][14]/D
                            (rising edge-triggered cell FDRE clocked by sys_clk  {rise@0.000ns fall@4.000ns period=8.000ns})
  Path Group:             sys_clk
  Path Type:              Hold (Min at Fast Process Corner)
  Requirement:            0.000ns  (sys_clk rise@0.000ns - sys_clk rise@0.000ns)
  Data Path Delay:        0.397ns  (logic 0.141ns (35.559%)  route 0.256ns (64.441%))
  Logic Levels:           0  
  Clock Path Skew:        0.269ns (DCD - SCD - CPR)
    Destination Clock Delay (DCD):    2.007ns
    Source Clock Delay      (SCD):    1.489ns
    Clock Pessimism Removal (CPR):    0.249ns

    Location             Delay type                Incr(ns)  Path(ns)    Netlist Resource(s)
  -------------------------------------------------------------------    -------------------
                         (clock sys_clk rise edge)    0.000     0.000 r  
    U14                                               0.000     0.000 r  clk (IN)
                         net (fo=0)                   0.000     0.000    clk
    U14                  IBUF (Prop_ibuf_I_O)         0.274     0.274 r  clk_IBUF_inst/O
                         net (fo=1, routed)           0.627     0.901    clk_IBUF
    BUFGCTRL_X0Y0        BUFG (Prop_bufg_I_O)         0.026     0.927 r  clk_IBUF_BUFG_inst/O
                         net (fo=987, routed)         0.562     1.489    fir_inst/clk_IBUF_BUFG
    SLICE_X18Y51         FDRE                                         r  fir_inst/sample_chain_reg[6][14]/C
  -------------------------------------------------------------------    -------------------
    SLICE_X18Y51         FDRE (Prop_fdre_C_Q)         0.141     1.630 r  fir_inst/sample_chain_reg[6][14]/Q
                         net (fo=2, routed)           0.256     1.885    fir_inst/sample_chain_reg_n_0_[6][14]
    SLICE_X16Y43         FDRE                                         r  fir_inst/sample_chain_reg[7][14]/D
  -------------------------------------------------------------------    -------------------

                         (clock sys_clk rise edge)    0.000     0.000 r  
    U14                                               0.000     0.000 r  clk (IN)
                         net (fo=0)                   0.000     0.000    clk
    U14                  IBUF (Prop_ibuf_I_O)         0.464     0.464 r  clk_IBUF_inst/O
                         net (fo=1, routed)           0.683     1.147    clk_IBUF
    BUFGCTRL_X0Y0        BUFG (Prop_bufg_I_O)         0.029     1.176 r  clk_IBUF_BUFG_inst/O
                         net (fo=987, routed)         0.831     2.007    fir_inst/clk_IBUF_BUFG
    SLICE_X16Y43         FDRE                                         r  fir_inst/sample_chain_reg[7][14]/C
                         clock pessimism             -0.249     1.758    
    SLICE_X16Y43         FDRE (Hold_fdre_C_D)         0.063     1.821    fir_inst/sample_chain_reg[7][14]
  -------------------------------------------------------------------
                         required time                         -1.821    
                         arrival time                           1.885    
  -------------------------------------------------------------------
                         slack                                  0.064    





Pulse Width Checks
--------------------------------------------------------------------------------------
Clock Name:         sys_clk
Waveform(ns):       { 0.000 4.000 }
Period(ns):         8.000
Sources:            { clk }

Check Type        Corner  Lib Pin      Reference Pin  Required(ns)  Actual(ns)  Slack(ns)  Location      Pin
Min Period        n/a     DSP48E1/CLK  n/a            3.884         8.000       4.116      DSP48_X0Y26   fir_inst/gen_stage_0/gen_mac_units[0].mac_inst/mult_s_reg/CLK
Min Period        n/a     DSP48E1/CLK  n/a            3.884         8.000       4.116      DSP48_X0Y18   fir_inst/gen_stages[10].stage_inst/gen_mac_units[0].mac_inst/mult_s_reg/CLK
Min Period        n/a     DSP48E1/CLK  n/a            3.884         8.000       4.116      DSP48_X1Y16   fir_inst/gen_stages[11].stage_inst/gen_mac_units[0].mac_inst/mult_s_reg/CLK
Min Period        n/a     DSP48E1/CLK  n/a            3.884         8.000       4.116      DSP48_X1Y11   fir_inst/gen_stages[12].stage_inst/gen_mac_units[0].mac_inst/mult_s_reg/CLK
Min Period        n/a     DSP48E1/CLK  n/a            3.884         8.000       4.116      DSP48_X0Y14   fir_inst/gen_stages[13].stage_inst/gen_mac_units[0].mac_inst/mult_s_reg/CLK
Min Period        n/a     DSP48E1/CLK  n/a            3.884         8.000       4.116      DSP48_X0Y11   fir_inst/gen_stages[14].stage_inst/gen_mac_units[0].mac_inst/mult_s_reg/CLK
Min Period        n/a     DSP48E1/CLK  n/a            3.884         8.000       4.116      DSP48_X0Y9    fir_inst/gen_stages[15].stage_inst/gen_mac_units[0].mac_inst/mult_s_reg/CLK
Min Period        n/a     DSP48E1/CLK  n/a            3.884         8.000       4.116      DSP48_X0Y6    fir_inst/gen_stages[16].stage_inst/gen_mac_units[0].mac_inst/mult_s_reg/CLK
Min Period        n/a     DSP48E1/CLK  n/a            3.884         8.000       4.116      DSP48_X0Y1    fir_inst/gen_stages[17].stage_inst/gen_mac_units[0].mac_inst/mult_s_reg/CLK
Min Period        n/a     DSP48E1/CLK  n/a            3.884         8.000       4.116      DSP48_X1Y8    fir_inst/gen_stages[18].stage_inst/gen_mac_units[0].mac_inst/mult_s_reg/CLK
Low Pulse Width   Slow    RAMD32/CLK   n/a            1.250         4.000       2.750      SLICE_X10Y61  in_fifo_inst/fifo_data_reg_0_1_0_5/RAMA/CLK
Low Pulse Width   Fast    RAMD32/CLK   n/a            1.250         4.000       2.750      SLICE_X10Y61  in_fifo_inst/fifo_data_reg_0_1_0_5/RAMA/CLK
Low Pulse Width   Slow    RAMD32/CLK   n/a            1.250         4.000       2.750      SLICE_X10Y61  in_fifo_inst/fifo_data_reg_0_1_0_5/RAMA_D1/CLK
Low Pulse Width   Fast    RAMD32/CLK   n/a            1.250         4.000       2.750      SLICE_X10Y61  in_fifo_inst/fifo_data_reg_0_1_0_5/RAMA_D1/CLK
Low Pulse Width   Slow    RAMD32/CLK   n/a            1.250         4.000       2.750      SLICE_X10Y61  in_fifo_inst/fifo_data_reg_0_1_0_5/RAMB/CLK
Low Pulse Width   Fast    RAMD32/CLK   n/a            1.250         4.000       2.750      SLICE_X10Y61  in_fifo_inst/fifo_data_reg_0_1_0_5/RAMB/CLK
Low Pulse Width   Slow    RAMD32/CLK   n/a            1.250         4.000       2.750      SLICE_X10Y61  in_fifo_inst/fifo_data_reg_0_1_0_5/RAMB_D1/CLK
Low Pulse Width   Fast    RAMD32/CLK   n/a            1.250         4.000       2.750      SLICE_X10Y61  in_fifo_inst/fifo_data_reg_0_1_0_5/RAMB_D1/CLK
Low Pulse Width   Slow    RAMD32/CLK   n/a            1.250         4.000       2.750      SLICE_X10Y61  in_fifo_inst/fifo_data_reg_0_1_0_5/RAMC/CLK
Low Pulse Width   Fast    RAMD32/CLK   n/a            1.250         4.000       2.750      SLICE_X10Y61  in_fifo_inst/fifo_data_reg_0_1_0_5/RAMC/CLK
High Pulse Width  Slow    RAMD32/CLK   n/a            1.250         4.000       2.750      SLICE_X10Y61  in_fifo_inst/fifo_data_reg_0_1_0_5/RAMA/CLK
High Pulse Width  Fast    RAMD32/CLK   n/a            1.250         4.000       2.750      SLICE_X10Y61  in_fifo_inst/fifo_data_reg_0_1_0_5/RAMA/CLK
High Pulse Width  Slow    RAMD32/CLK   n/a            1.250         4.000       2.750      SLICE_X10Y61  in_fifo_inst/fifo_data_reg_0_1_0_5/RAMA_D1/CLK
High Pulse Width  Fast    RAMD32/CLK   n/a            1.250         4.000       2.750      SLICE_X10Y61  in_fifo_inst/fifo_data_reg_0_1_0_5/RAMA_D1/CLK
High Pulse Width  Slow    RAMD32/CLK   n/a            1.250         4.000       2.750      SLICE_X10Y61  in_fifo_inst/fifo_data_reg_0_1_0_5/RAMB/CLK
High Pulse Width  Fast    RAMD32/CLK   n/a            1.250         4.000       2.750      SLICE_X10Y61  in_fifo_inst/fifo_data_reg_0_1_0_5/RAMB/CLK
High Pulse Width  Slow    RAMD32/CLK   n/a            1.250         4.000       2.750      SLICE_X10Y61  in_fifo_inst/fifo_data_reg_0_1_0_5/RAMB_D1/CLK
High Pulse Width  Fast    RAMD32/CLK   n/a            1.250         4.000       2.750      SLICE_X10Y61  in_fifo_inst/fifo_data_reg_0_1_0_5/RAMB_D1/CLK
High Pulse Width  Slow    RAMD32/CLK   n/a            1.250         4.000       2.750      SLICE_X10Y61  in_fifo_inst/fifo_data_reg_0_1_0_5/RAMC/CLK
High Pulse Width  Fast    RAMD32/CLK   n/a            1.250         4.000       2.750      SLICE_X10Y61  in_fifo_inst/fifo_data_reg_0_1_0_5/RAMC/CLK



--------------------------------------------------------------------------------------
Path Group:  (none)
From Clock:  sys_clk
  To Clock:  

Max Delay            27 Endpoints
Min Delay            27 Endpoints
--------------------------------------------------------------------------------------


Max Delay Paths
--------------------------------------------------------------------------------------
Slack:                    inf
  Source:                 out_fifo_inst/rd_idx_reg[1]/C
                            (rising edge-triggered cell FDRE clocked by sys_clk  {rise@0.000ns fall@4.000ns period=8.000ns})
  Destination:            out_tdata[23]
                            (output port)
  Path Group:             (none)
  Path Type:              Max at Slow Process Corner
  Data Path Delay:        10.400ns  (logic 3.205ns (30.817%)  route 7.195ns (69.183%))
  Logic Levels:           2  (OBUF=1 RAMD64E=1)
  Clock Uncertainty:      0.025ns  ((TSJ^2 + TIJ^2)^1/2 + DJ) / 2 + PE
    Total System Jitter     (TSJ):    0.050ns
    Total Input Jitter      (TIJ):    0.000ns
    Discrete Jitter          (DJ):    0.000ns
    Phase Error              (PE):    0.000ns

    Location             Delay type                Incr(ns)  Path(ns)    Netlist Resource(s)
  -------------------------------------------------------------------    -------------------
                         (clock sys_clk rise edge)    0.000     0.000 r  
    U14                                               0.000     0.000 r  clk (IN)
                         net (fo=0)                   0.000     0.000    clk
    U14                  IBUF (Prop_ibuf_I_O)         1.046     1.046 r  clk_IBUF_inst/O
                         net (fo=1, routed)           2.076     3.122    clk_IBUF
    BUFGCTRL_X0Y0        BUFG (Prop_bufg_I_O)         0.101     3.223 r  clk_IBUF_BUFG_inst/O
                         net (fo=987, routed)         1.667     4.890    out_fifo_inst/clk_IBUF_BUFG
    SLICE_X33Y15         FDRE                                         r  out_fifo_inst/rd_idx_reg[1]/C
  -------------------------------------------------------------------    -------------------
    SLICE_X33Y15         FDRE (Prop_fdre_C_Q)         0.456     5.346 r  out_fifo_inst/rd_idx_reg[1]/Q
                         net (fo=30, routed)          2.183     7.529    out_fifo_inst/fifo_data_reg_0_63_21_23/ADDRC1
    SLICE_X32Y11         RAMD64E (Prop_ramd64e_RADR1_O)
                                                      0.124     7.653 r  out_fifo_inst/fifo_data_reg_0_63_21_23/RAMC/O
                         net (fo=1, routed)           5.012    12.665    out_tdata_OBUF[23]
    B20                  OBUF (Prop_obuf_I_O)         2.625    15.290 r  out_tdata_OBUF[23]_inst/O
                         net (fo=0)                   0.000    15.290    out_tdata[23]
    B20                                                               r  out_tdata[23] (OUT)
  -------------------------------------------------------------------    -------------------

Slack:                    inf
  Source:                 out_fifo_inst/rd_idx_reg[1]/C
                            (rising edge-triggered cell FDRE clocked by sys_clk  {rise@0.000ns fall@4.000ns period=8.000ns})
  Destination:            out_tdata[19]
                            (output port)
  Path Group:             (none)
  Path Type:              Max at Slow Process Corner
  Data Path Delay:        10.163ns  (logic 3.183ns (31.318%)  route 6.980ns (68.682%))
  Logic Levels:           2  (OBUF=1 RAMD64E=1)
  Clock Uncertainty:      0.025ns  ((TSJ^2 + TIJ^2)^1/2 + DJ) / 2 + PE
    Total System Jitter     (TSJ):    0.050ns
    Total Input Jitter      (TIJ):    0.000ns
    Discrete Jitter          (DJ):    0.000ns
    Phase Error              (PE):    0.000ns

    Location             Delay type                Incr(ns)  Path(ns)    Netlist Resource(s)
  -------------------------------------------------------------------    -------------------
                         (clock sys_clk rise edge)    0.000     0.000 r  
    U14                                               0.000     0.000 r  clk (IN)
                         net (fo=0)                   0.000     0.000    clk
    U14                  IBUF (Prop_ibuf_I_O)         1.046     1.046 r  clk_IBUF_inst/O
                         net (fo=1, routed)           2.076     3.122    clk_IBUF
    BUFGCTRL_X0Y0        BUFG (Prop_bufg_I_O)         0.101     3.223 r  clk_IBUF_BUFG_inst/O
                         net (fo=987, routed)         1.667     4.890    out_fifo_inst/clk_IBUF_BUFG
    SLICE_X33Y15         FDRE                                         r  out_fifo_inst/rd_idx_reg[1]/C
  -------------------------------------------------------------------    -------------------
    SLICE_X33Y15         FDRE (Prop_fdre_C_Q)         0.456     5.346 r  out_fifo_inst/rd_idx_reg[1]/Q
                         net (fo=30, routed)          2.159     7.505    out_fifo_inst/fifo_data_reg_0_63_18_20/ADDRB1
    SLICE_X32Y10         RAMD64E (Prop_ramd64e_RADR1_O)
                                                      0.124     7.629 r  out_fifo_inst/fifo_data_reg_0_63_18_20/RAMB/O
                         net (fo=1, routed)           4.821    12.450    out_tdata_OBUF[19]
    D18                  OBUF (Prop_obuf_I_O)         2.603    15.053 r  out_tdata_OBUF[19]_inst/O
                         net (fo=0)                   0.000    15.053    out_tdata[19]
    D18                                                               r  out_tdata[19] (OUT)
  -------------------------------------------------------------------    -------------------

Slack:                    inf
  Source:                 out_fifo_inst/rd_idx_reg[1]/C
                            (rising edge-triggered cell FDRE clocked by sys_clk  {rise@0.000ns fall@4.000ns period=8.000ns})
  Destination:            out_tdata[22]
                            (output port)
  Path Group:             (none)
  Path Type:              Max at Slow Process Corner
  Data Path Delay:        10.015ns  (logic 3.208ns (32.032%)  route 6.807ns (67.968%))
  Logic Levels:           2  (OBUF=1 RAMD64E=1)
  Clock Uncertainty:      0.025ns  ((TSJ^2 + TIJ^2)^1/2 + DJ) / 2 + PE
    Total System Jitter     (TSJ):    0.050ns
    Total Input Jitter      (TIJ):    0.000ns
    Discrete Jitter          (DJ):    0.000ns
    Phase Error              (PE):    0.000ns

    Location             Delay type                Incr(ns)  Path(ns)    Netlist Resource(s)
  -------------------------------------------------------------------    -------------------
                         (clock sys_clk rise edge)    0.000     0.000 r  
    U14                                               0.000     0.000 r  clk (IN)
                         net (fo=0)                   0.000     0.000    clk
    U14                  IBUF (Prop_ibuf_I_O)         1.046     1.046 r  clk_IBUF_inst/O
                         net (fo=1, routed)           2.076     3.122    clk_IBUF
    BUFGCTRL_X0Y0        BUFG (Prop_bufg_I_O)         0.101     3.223 r  clk_IBUF_BUFG_inst/O
                         net (fo=987, routed)         1.667     4.890    out_fifo_inst/clk_IBUF_BUFG
    SLICE_X33Y15         FDRE                                         r  out_fifo_inst/rd_idx_reg[1]/C
  -------------------------------------------------------------------    -------------------
    SLICE_X33Y15         FDRE (Prop_fdre_C_Q)         0.456     5.346 r  out_fifo_inst/rd_idx_reg[1]/Q
                         net (fo=30, routed)          1.991     7.337    out_fifo_inst/fifo_data_reg_0_63_21_23/ADDRB1
    SLICE_X32Y11         RAMD64E (Prop_ramd64e_RADR1_O)
                                                      0.124     7.461 r  out_fifo_inst/fifo_data_reg_0_63_21_23/RAMB/O
                         net (fo=1, routed)           4.816    12.277    out_tdata_OBUF[22]
    B19                  OBUF (Prop_obuf_I_O)         2.628    14.905 r  out_tdata_OBUF[22]_inst/O
                         net (fo=0)                   0.000    14.905    out_tdata[22]
    B19                                                               r  out_tdata[22] (OUT)
  -------------------------------------------------------------------    -------------------

Slack:                    inf
  Source:                 out_fifo_inst/rd_idx_reg[1]/C
                            (rising edge-triggered cell FDRE clocked by sys_clk  {rise@0.000ns fall@4.000ns period=8.000ns})
  Destination:            out_tdata[20]
                            (output port)
  Path Group:             (none)
  Path Type:              Max at Slow Process Corner
  Data Path Delay:        10.012ns  (logic 3.183ns (31.793%)  route 6.829ns (68.207%))
  Logic Levels:           2  (OBUF=1 RAMD64E=1)
  Clock Uncertainty:      0.025ns  ((TSJ^2 + TIJ^2)^1/2 + DJ) / 2 + PE
    Total System Jitter     (TSJ):    0.050ns
    Total Input Jitter      (TIJ):    0.000ns
    Discrete Jitter          (DJ):    0.000ns
    Phase Error              (PE):    0.000ns

    Location             Delay type                Incr(ns)  Path(ns)    Netlist Resource(s)
  -------------------------------------------------------------------    -------------------
                         (clock sys_clk rise edge)    0.000     0.000 r  
    U14                                               0.000     0.000 r  clk (IN)
                         net (fo=0)                   0.000     0.000    clk
    U14                  IBUF (Prop_ibuf_I_O)         1.046     1.046 r  clk_IBUF_inst/O
                         net (fo=1, routed)           2.076     3.122    clk_IBUF
    BUFGCTRL_X0Y0        BUFG (Prop_bufg_I_O)         0.101     3.223 r  clk_IBUF_BUFG_inst/O
                         net (fo=987, routed)         1.667     4.890    out_fifo_inst/clk_IBUF_BUFG
    SLICE_X33Y15         FDRE                                         r  out_fifo_inst/rd_idx_reg[1]/C
  -------------------------------------------------------------------    -------------------
    SLICE_X33Y15         FDRE (Prop_fdre_C_Q)         0.456     5.346 r  out_fifo_inst/rd_idx_reg[1]/Q
                         net (fo=30, routed)          1.960     7.306    out_fifo_inst/fifo_data_reg_0_63_18_20/ADDRC1
    SLICE_X32Y10         RAMD64E (Prop_ramd64e_RADR1_O)
                                                      0.124     7.430 r  out_fifo_inst/fifo_data_reg_0_63_18_20/RAMC/O
                         net (fo=1, routed)           4.869    12.299    out_tdata_OBUF[20]
    E17                  OBUF (Prop_obuf_I_O)         2.603    14.902 r  out_tdata_OBUF[20]_inst/O
                         net (fo=0)                   0.000    14.902    out_tdata[20]
    E17                                                               r  out_tdata[20] (OUT)
  -------------------------------------------------------------------    -------------------

Slack:                    inf
  Source:                 out_fifo_inst/rd_idx_reg[1]/C
                            (rising edge-triggered cell FDRE clocked by sys_clk  {rise@0.000ns fall@4.000ns period=8.000ns})
  Destination:            out_tdata[8]
                            (output port)
  Path Group:             (none)
  Path Type:              Max at Slow Process Corner
  Data Path Delay:        9.649ns  (logic 3.237ns (33.548%)  route 6.412ns (66.452%))
  Logic Levels:           2  (OBUF=1 RAMD64E=1)
  Clock Uncertainty:      0.025ns  ((TSJ^2 + TIJ^2)^1/2 + DJ) / 2 + PE
    Total System Jitter     (TSJ):    0.050ns
    Total Input Jitter      (TIJ):    0.000ns
    Discrete Jitter          (DJ):    0.000ns
    Phase Error              (PE):    0.000ns

    Location             Delay type                Incr(ns)  Path(ns)    Netlist Resource(s)
  -------------------------------------------------------------------    -------------------
                         (clock sys_clk rise edge)    0.000     0.000 r  
    U14                                               0.000     0.000 r  clk (IN)
                         net (fo=0)                   0.000     0.000    clk
    U14                  IBUF (Prop_ibuf_I_O)         1.046     1.046 r  clk_IBUF_inst/O
                         net (fo=1, routed)           2.076     3.122    clk_IBUF
    BUFGCTRL_X0Y0        BUFG (Prop_bufg_I_O)         0.101     3.223 r  clk_IBUF_BUFG_inst/O
                         net (fo=987, routed)         1.667     4.890    out_fifo_inst/clk_IBUF_BUFG
    SLICE_X33Y15         FDRE                                         r  out_fifo_inst/rd_idx_reg[1]/C
  -------------------------------------------------------------------    -------------------
    SLICE_X33Y15         FDRE (Prop_fdre_C_Q)         0.456     5.346 r  out_fifo_inst/rd_idx_reg[1]/Q
                         net (fo=30, routed)          2.150     7.496    out_fifo_inst/fifo_data_reg_0_63_6_8/ADDRC1
    SLICE_X34Y10         RAMD64E (Prop_ramd64e_RADR1_O)
                                                      0.124     7.620 r  out_fifo_inst/fifo_data_reg_0_63_6_8/RAMC/O
                         net (fo=1, routed)           4.262    11.882    out_tdata_OBUF[8]
    L19                  OBUF (Prop_obuf_I_O)         2.657    14.539 r  out_tdata_OBUF[8]_inst/O
                         net (fo=0)                   0.000    14.539    out_tdata[8]
    L19                                                               r  out_tdata[8] (OUT)
  -------------------------------------------------------------------    -------------------

Slack:                    inf
  Source:                 out_fifo_inst/rd_idx_reg[3]/C
                            (rising edge-triggered cell FDRE clocked by sys_clk  {rise@0.000ns fall@4.000ns period=8.000ns})
  Destination:            out_tdata[14]
                            (output port)
  Path Group:             (none)
  Path Type:              Max at Slow Process Corner
  Data Path Delay:        9.586ns  (logic 3.187ns (33.246%)  route 6.399ns (66.754%))
  Logic Levels:           2  (OBUF=1 RAMD64E=1)
  Clock Uncertainty:      0.025ns  ((TSJ^2 + TIJ^2)^1/2 + DJ) / 2 + PE
    Total System Jitter     (TSJ):    0.050ns
    Total Input Jitter      (TIJ):    0.000ns
    Discrete Jitter          (DJ):    0.000ns
    Phase Error              (PE):    0.000ns

    Location             Delay type                Incr(ns)  Path(ns)    Netlist Resource(s)
  -------------------------------------------------------------------    -------------------
                         (clock sys_clk rise edge)    0.000     0.000 r  
    U14                                               0.000     0.000 r  clk (IN)
                         net (fo=0)                   0.000     0.000    clk
    U14                  IBUF (Prop_ibuf_I_O)         1.046     1.046 r  clk_IBUF_inst/O
                         net (fo=1, routed)           2.076     3.122    clk_IBUF
    BUFGCTRL_X0Y0        BUFG (Prop_bufg_I_O)         0.101     3.223 r  clk_IBUF_BUFG_inst/O
                         net (fo=987, routed)         1.667     4.890    out_fifo_inst/clk_IBUF_BUFG
    SLICE_X33Y15         FDRE                                         r  out_fifo_inst/rd_idx_reg[3]/C
  -------------------------------------------------------------------    -------------------
    SLICE_X33Y15         FDRE (Prop_fdre_C_Q)         0.456     5.346 r  out_fifo_inst/rd_idx_reg[3]/Q
                         net (fo=29, routed)          1.797     7.143    out_fifo_inst/fifo_data_reg_0_63_12_14/ADDRC3
    SLICE_X32Y14         RAMD64E (Prop_ramd64e_RADR3_O)
                                                      0.124     7.267 r  out_fifo_inst/fifo_data_reg_0_63_12_14/RAMC/O
                         net (fo=1, routed)           4.602    11.869    out_tdata_OBUF[14]
    F16                  OBUF (Prop_obuf_I_O)         2.607    14.476 r  out_tdata_OBUF[14]_inst/O
                         net (fo=0)                   0.000    14.476    out_tdata[14]
    F16                                                               r  out_tdata[14] (OUT)
  -------------------------------------------------------------------    -------------------

Slack:                    inf
  Source:                 out_fifo_inst/rd_idx_reg[1]/C
                            (rising edge-triggered cell FDRE clocked by sys_clk  {rise@0.000ns fall@4.000ns period=8.000ns})
  Destination:            out_tdata[18]
                            (output port)
  Path Group:             (none)
  Path Type:              Max at Slow Process Corner
  Data Path Delay:        9.571ns  (logic 3.205ns (33.486%)  route 6.366ns (66.514%))
  Logic Levels:           2  (OBUF=1 RAMD64E=1)
  Clock Uncertainty:      0.025ns  ((TSJ^2 + TIJ^2)^1/2 + DJ) / 2 + PE
    Total System Jitter     (TSJ):    0.050ns
    Total Input Jitter      (TIJ):    0.000ns
    Discrete Jitter          (DJ):    0.000ns
    Phase Error              (PE):    0.000ns

    Location             Delay type                Incr(ns)  Path(ns)    Netlist Resource(s)
  -------------------------------------------------------------------    -------------------
                         (clock sys_clk rise edge)    0.000     0.000 r  
    U14                                               0.000     0.000 r  clk (IN)
                         net (fo=0)                   0.000     0.000    clk
    U14                  IBUF (Prop_ibuf_I_O)         1.046     1.046 r  clk_IBUF_inst/O
                         net (fo=1, routed)           2.076     3.122    clk_IBUF
    BUFGCTRL_X0Y0        BUFG (Prop_bufg_I_O)         0.101     3.223 r  clk_IBUF_BUFG_inst/O
                         net (fo=987, routed)         1.667     4.890    out_fifo_inst/clk_IBUF_BUFG
    SLICE_X33Y15         FDRE                                         r  out_fifo_inst/rd_idx_reg[1]/C
  -------------------------------------------------------------------    -------------------
    SLICE_X33Y15         FDRE (Prop_fdre_C_Q)         0.456     5.346 r  out_fifo_inst/rd_idx_reg[1]/Q
                         net (fo=30, routed)          2.167     7.513    out_fifo_inst/fifo_data_reg_0_63_18_20/ADDRA1
    SLICE_X32Y10         RAMD64E (Prop_ramd64e_RADR1_O)
                                                      0.124     7.637 r  out_fifo_inst/fifo_data_reg_0_63_18_20/RAMA/O
                         net (fo=1, routed)           4.199    11.836    out_tdata_OBUF[18]
    D19                  OBUF (Prop_obuf_I_O)         2.625    14.461 r  out_tdata_OBUF[18]_inst/O
                         net (fo=0)                   0.000    14.461    out_tdata[18]
    D19                                                               r  out_tdata[18] (OUT)
  -------------------------------------------------------------------    -------------------

Slack:                    inf
  Source:                 out_fifo_inst/rd_idx_reg[1]/C
                            (rising edge-triggered cell FDRE clocked by sys_clk  {rise@0.000ns fall@4.000ns period=8.000ns})
  Destination:            out_tdata[7]
                            (output port)
  Path Group:             (none)
  Path Type:              Max at Slow Process Corner
  Data Path Delay:        9.566ns  (logic 3.239ns (33.859%)  route 6.327ns (66.141%))
  Logic Levels:           2  (OBUF=1 RAMD64E=1)
  Clock Uncertainty:      0.025ns  ((TSJ^2 + TIJ^2)^1/2 + DJ) / 2 + PE
    Total System Jitter     (TSJ):    0.050ns
    Total Input Jitter      (TIJ):    0.000ns
    Discrete Jitter          (DJ):    0.000ns
    Phase Error              (PE):    0.000ns

    Location             Delay type                Incr(ns)  Path(ns)    Netlist Resource(s)
  -------------------------------------------------------------------    -------------------
                         (clock sys_clk rise edge)    0.000     0.000 r  
    U14                                               0.000     0.000 r  clk (IN)
                         net (fo=0)                   0.000     0.000    clk
    U14                  IBUF (Prop_ibuf_I_O)         1.046     1.046 r  clk_IBUF_inst/O
                         net (fo=1, routed)           2.076     3.122    clk_IBUF
    BUFGCTRL_X0Y0        BUFG (Prop_bufg_I_O)         0.101     3.223 r  clk_IBUF_BUFG_inst/O
                         net (fo=987, routed)         1.667     4.890    out_fifo_inst/clk_IBUF_BUFG
    SLICE_X33Y15         FDRE                                         r  out_fifo_inst/rd_idx_reg[1]/C
  -------------------------------------------------------------------    -------------------
    SLICE_X33Y15         FDRE (Prop_fdre_C_Q)         0.456     5.346 r  out_fifo_inst/rd_idx_reg[1]/Q
                         net (fo=30, routed)          1.959     7.305    out_fifo_inst/fifo_data_reg_0_63_6_8/ADDRB1
    SLICE_X34Y10         RAMD64E (Prop_ramd64e_RADR1_O)
                                                      0.124     7.429 r  out_fifo_inst/fifo_data_reg_0_63_6_8/RAMB/O
                         net (fo=1, routed)           4.368    11.797    out_tdata_OBUF[7]
    L20                  OBUF (Prop_obuf_I_O)         2.659    14.456 r  out_tdata_OBUF[7]_inst/O
                         net (fo=0)                   0.000    14.456    out_tdata[7]
    L20                                                               r  out_tdata[7] (OUT)
  -------------------------------------------------------------------    -------------------

Slack:                    inf
  Source:                 out_fifo_inst/rd_idx_reg[1]/C
                            (rising edge-triggered cell FDRE clocked by sys_clk  {rise@0.000ns fall@4.000ns period=8.000ns})
  Destination:            out_tdata[21]
                            (output port)
  Path Group:             (none)
  Path Type:              Max at Slow Process Corner
  Data Path Delay:        9.520ns  (logic 3.212ns (33.734%)  route 6.309ns (66.266%))
  Logic Levels:           2  (OBUF=1 RAMD64E=1)
  Clock Uncertainty:      0.025ns  ((TSJ^2 + TIJ^2)^1/2 + DJ) / 2 + PE
    Total System Jitter     (TSJ):    0.050ns
    Total Input Jitter      (TIJ):    0.000ns
    Discrete Jitter          (DJ):    0.000ns
    Phase Error              (PE):    0.000ns

    Location             Delay type                Incr(ns)  Path(ns)    Netlist Resource(s)
  -------------------------------------------------------------------    -------------------
                         (clock sys_clk rise edge)    0.000     0.000 r  
    U14                                               0.000     0.000 r  clk (IN)
                         net (fo=0)                   0.000     0.000    clk
    U14                  IBUF (Prop_ibuf_I_O)         1.046     1.046 r  clk_IBUF_inst/O
                         net (fo=1, routed)           2.076     3.122    clk_IBUF
    BUFGCTRL_X0Y0        BUFG (Prop_bufg_I_O)         0.101     3.223 r  clk_IBUF_BUFG_inst/O
                         net (fo=987, routed)         1.667     4.890    out_fifo_inst/clk_IBUF_BUFG
    SLICE_X33Y15         FDRE                                         r  out_fifo_inst/rd_idx_reg[1]/C
  -------------------------------------------------------------------    -------------------
    SLICE_X33Y15         FDRE (Prop_fdre_C_Q)         0.456     5.346 r  out_fifo_inst/rd_idx_reg[1]/Q
                         net (fo=30, routed)          1.999     7.345    out_fifo_inst/fifo_data_reg_0_63_21_23/ADDRA1
    SLICE_X32Y11         RAMD64E (Prop_ramd64e_RADR1_O)
                                                      0.124     7.469 r  out_fifo_inst/fifo_data_reg_0_63_21_23/RAMA/O
                         net (fo=1, routed)           4.309    11.779    out_tdata_OBUF[21]
    A20                  OBUF (Prop_obuf_I_O)         2.632    14.410 r  out_tdata_OBUF[21]_inst/O
                         net (fo=0)                   0.000    14.410    out_tdata[21]
    A20                                                               r  out_tdata[21] (OUT)
  -------------------------------------------------------------------    -------------------

Slack:                    inf
  Source:                 out_fifo_inst/rd_idx_reg[3]/C
                            (rising edge-triggered cell FDRE clocked by sys_clk  {rise@0.000ns fall@4.000ns period=8.000ns})
  Destination:            out_tdata[16]
                            (output port)
  Path Group:             (none)
  Path Type:              Max at Slow Process Corner
  Data Path Delay:        9.376ns  (logic 3.189ns (34.015%)  route 6.187ns (65.985%))
  Logic Levels:           2  (OBUF=1 RAMD64E=1)
  Clock Uncertainty:      0.025ns  ((TSJ^2 + TIJ^2)^1/2 + DJ) / 2 + PE
    Total System Jitter     (TSJ):    0.050ns
    Total Input Jitter      (TIJ):    0.000ns
    Discrete Jitter          (DJ):    0.000ns
    Phase Error              (PE):    0.000ns

    Location             Delay type                Incr(ns)  Path(ns)    Netlist Resource(s)
  -------------------------------------------------------------------    -------------------
                         (clock sys_clk rise edge)    0.000     0.000 r  
    U14                                               0.000     0.000 r  clk (IN)
                         net (fo=0)                   0.000     0.000    clk
    U14                  IBUF (Prop_ibuf_I_O)         1.046     1.046 r  clk_IBUF_inst/O
                         net (fo=1, routed)           2.076     3.122    clk_IBUF
    BUFGCTRL_X0Y0        BUFG (Prop_bufg_I_O)         0.101     3.223 r  clk_IBUF_BUFG_inst/O
                         net (fo=987, routed)         1.667     4.890    out_fifo_inst/clk_IBUF_BUFG
    SLICE_X33Y15         FDRE                                         r  out_fifo_inst/rd_idx_reg[3]/C
  -------------------------------------------------------------------    -------------------
    SLICE_X33Y15         FDRE (Prop_fdre_C_Q)         0.456     5.346 r  out_fifo_inst/rd_idx_reg[3]/Q
                         net (fo=29, routed)          1.677     7.023    out_fifo_inst/fifo_data_reg_0_63_15_17/ADDRB3
    SLICE_X34Y14         RAMD64E (Prop_ramd64e_RADR3_O)
                                                      0.124     7.147 r  out_fifo_inst/fifo_data_reg_0_63_15_17/RAMB/O
                         net (fo=1, routed)           4.510    11.657    out_tdata_OBUF[16]
    E18                  OBUF (Prop_obuf_I_O)         2.609    14.266 r  out_tdata_OBUF[16]_inst/O
                         net (fo=0)                   0.000    14.266    out_tdata[16]
    E18                                                               r  out_tdata[16] (OUT)
  -------------------------------------------------------------------    -------------------





Min Delay Paths
--------------------------------------------------------------------------------------
Slack:                    inf
  Source:                 out_fifo_inst/count_reg[1]/C
                            (rising edge-triggered cell FDRE clocked by sys_clk  {rise@0.000ns fall@4.000ns period=8.000ns})
  Destination:            out_tvalid
                            (output port)
  Path Group:             (none)
  Path Type:              Min at Fast Process Corner
  Data Path Delay:        2.163ns  (logic 1.386ns (64.076%)  route 0.777ns (35.924%))
  Logic Levels:           2  (LUT6=1 OBUF=1)
  Clock Uncertainty:      0.025ns  ((TSJ^2 + TIJ^2)^1/2 + DJ) / 2 + PE
    Total System Jitter     (TSJ):    0.050ns
    Total Input Jitter      (TIJ):    0.000ns
    Discrete Jitter          (DJ):    0.000ns
    Phase Error              (PE):    0.000ns

    Location             Delay type                Incr(ns)  Path(ns)    Netlist Resource(s)
  -------------------------------------------------------------------    -------------------
                         (clock sys_clk rise edge)    0.000     0.000 r  
    U14                                               0.000     0.000 r  clk (IN)
                         net (fo=0)                   0.000     0.000    clk
    U14                  IBUF (Prop_ibuf_I_O)         0.274     0.274 r  clk_IBUF_inst/O
                         net (fo=1, routed)           0.627     0.901    clk_IBUF
    BUFGCTRL_X0Y0        BUFG (Prop_bufg_I_O)         0.026     0.927 r  clk_IBUF_BUFG_inst/O
                         net (fo=987, routed)         0.557     1.484    out_fifo_inst/clk_IBUF_BUFG
    SLICE_X30Y32         FDRE                                         r  out_fifo_inst/count_reg[1]/C
  -------------------------------------------------------------------    -------------------
    SLICE_X30Y32         FDRE (Prop_fdre_C_Q)         0.164     1.648 r  out_fifo_inst/count_reg[1]/Q
                         net (fo=6, routed)           0.139     1.786    out_fifo_inst/count_reg_n_0_[1]
    SLICE_X29Y32         LUT6 (Prop_lut6_I4_O)        0.045     1.831 r  out_fifo_inst/out_tvalid_OBUF_inst_i_1/O
                         net (fo=3, routed)           0.638     2.470    out_tvalid_OBUF
    R14                  OBUF (Prop_obuf_I_O)         1.177     3.646 r  out_tvalid_OBUF_inst/O
                         net (fo=0)                   0.000     3.646    out_tvalid
    R14                                                               r  out_tvalid (OUT)
  -------------------------------------------------------------------    -------------------

Slack:                    inf
  Source:                 out_fifo_inst/count_reg[1]/C
                            (rising edge-triggered cell FDRE clocked by sys_clk  {rise@0.000ns fall@4.000ns period=8.000ns})
  Destination:            out_tlast
                            (output port)
  Path Group:             (none)
  Path Type:              Min at Fast Process Corner
  Data Path Delay:        2.472ns  (logic 1.548ns (62.611%)  route 0.924ns (37.389%))
  Logic Levels:           3  (LUT2=1 LUT6=1 OBUF=1)
  Clock Uncertainty:      0.025ns  ((TSJ^2 + TIJ^2)^1/2 + DJ) / 2 + PE
    Total System Jitter     (TSJ):    0.050ns
    Total Input Jitter      (TIJ):    0.000ns
    Discrete Jitter          (DJ):    0.000ns
    Phase Error              (PE):    0.000ns

    Location             Delay type                Incr(ns)  Path(ns)    Netlist Resource(s)
  -------------------------------------------------------------------    -------------------
                         (clock sys_clk rise edge)    0.000     0.000 r  
    U14                                               0.000     0.000 r  clk (IN)
                         net (fo=0)                   0.000     0.000    clk
    U14                  IBUF (Prop_ibuf_I_O)         0.274     0.274 r  clk_IBUF_inst/O
                         net (fo=1, routed)           0.627     0.901    clk_IBUF
    BUFGCTRL_X0Y0        BUFG (Prop_bufg_I_O)         0.026     0.927 r  clk_IBUF_BUFG_inst/O
                         net (fo=987, routed)         0.557     1.484    out_fifo_inst/clk_IBUF_BUFG
    SLICE_X30Y32         FDRE                                         r  out_fifo_inst/count_reg[1]/C
  -------------------------------------------------------------------    -------------------
    SLICE_X30Y32         FDRE (Prop_fdre_C_Q)         0.164     1.648 r  out_fifo_inst/count_reg[1]/Q
                         net (fo=6, routed)           0.139     1.786    out_fifo_inst/count_reg_n_0_[1]
    SLICE_X29Y32         LUT6 (Prop_lut6_I4_O)        0.045     1.831 r  out_fifo_inst/out_tvalid_OBUF_inst_i_1/O
                         net (fo=3, routed)           0.282     2.114    out_fifo_inst/out_tvalid_OBUF
    SLICE_X35Y32         LUT2 (Prop_lut2_I0_O)        0.046     2.160 r  out_fifo_inst/out_tlast_OBUF_inst_i_1/O
                         net (fo=1, routed)           0.503     2.663    out_tlast_OBUF
    Y16                  OBUF (Prop_obuf_I_O)         1.293     3.956 r  out_tlast_OBUF_inst/O
                         net (fo=0)                   0.000     3.956    out_tlast
    Y16                                                               r  out_tlast (OUT)
  -------------------------------------------------------------------    -------------------

Slack:                    inf
  Source:                 out_fifo_inst/fifo_data_reg_0_63_0_2/RAMA/CLK
                            (rising edge-triggered cell RAMD64E clocked by sys_clk  {rise@0.000ns fall@4.000ns period=8.000ns})
  Destination:            out_tdata[0]
                            (output port)
  Path Group:             (none)
  Path Type:              Min at Fast Process Corner
  Data Path Delay:        2.803ns  (logic 1.600ns (57.080%)  route 1.203ns (42.920%))
  Logic Levels:           1  (OBUF=1)
  Clock Uncertainty:      0.025ns  ((TSJ^2 + TIJ^2)^1/2 + DJ) / 2 + PE
    Total System Jitter     (TSJ):    0.050ns
    Total Input Jitter      (TIJ):    0.000ns
    Discrete Jitter          (DJ):    0.000ns
    Phase Error              (PE):    0.000ns

    Location             Delay type                Incr(ns)  Path(ns)    Netlist Resource(s)
  -------------------------------------------------------------------    -------------------
                         (clock sys_clk rise edge)    0.000     0.000 r  
    U14                                               0.000     0.000 r  clk (IN)
                         net (fo=0)                   0.000     0.000    clk
    U14                  IBUF (Prop_ibuf_I_O)         0.274     0.274 r  clk_IBUF_inst/O
                         net (fo=1, routed)           0.627     0.901    clk_IBUF
    BUFGCTRL_X0Y0        BUFG (Prop_bufg_I_O)         0.026     0.927 r  clk_IBUF_BUFG_inst/O
                         net (fo=987, routed)         0.560     1.487    out_fifo_inst/fifo_data_reg_0_63_0_2/WCLK
    SLICE_X32Y12         RAMD64E                                      r  out_fifo_inst/fifo_data_reg_0_63_0_2/RAMA/CLK
  -------------------------------------------------------------------    -------------------
    SLICE_X32Y12         RAMD64E (Prop_ramd64e_CLK_O)
                                                      0.478     1.965 r  out_fifo_inst/fifo_data_reg_0_63_0_2/RAMA/O
                         net (fo=1, routed)           1.203     3.168    out_tdata_OBUF[0]
    H16                  OBUF (Prop_obuf_I_O)         1.122     4.290 r  out_tdata_OBUF[0]_inst/O
                         net (fo=0)                   0.000     4.290    out_tdata[0]
    H16                                                               r  out_tdata[0] (OUT)
  -------------------------------------------------------------------    -------------------

Slack:                    inf
  Source:                 out_fifo_inst/fifo_data_reg_0_63_3_5/RAMA/CLK
                            (rising edge-triggered cell RAMD64E clocked by sys_clk  {rise@0.000ns fall@4.000ns period=8.000ns})
  Destination:            out_tdata[3]
                            (output port)
  Path Group:             (none)
  Path Type:              Min at Fast Process Corner
  Data Path Delay:        2.848ns  (logic 1.637ns (57.468%)  route 1.211ns (42.532%))
  Logic Levels:           1  (OBUF=1)
  Clock Uncertainty:      0.025ns  ((TSJ^2 + TIJ^2)^1/2 + DJ) / 2 + PE
    Total System Jitter     (TSJ):    0.050ns
    Total Input Jitter      (TIJ):    0.000ns
    Discrete Jitter          (DJ):    0.000ns
    Phase Error              (PE):    0.000ns

    Location             Delay type                Incr(ns)  Path(ns)    Netlist Resource(s)
  -------------------------------------------------------------------    -------------------
                         (clock sys_clk rise edge)    0.000     0.000 r  
    U14                                               0.000     0.000 r  clk (IN)
                         net (fo=0)                   0.000     0.000    clk
    U14                  IBUF (Prop_ibuf_I_O)         0.274     0.274 r  clk_IBUF_inst/O
                         net (fo=1, routed)           0.627     0.901    clk_IBUF
    BUFGCTRL_X0Y0        BUFG (Prop_bufg_I_O)         0.026     0.927 r  clk_IBUF_BUFG_inst/O
                         net (fo=987, routed)         0.559     1.486    out_fifo_inst/fifo_data_reg_0_63_3_5/WCLK
    SLICE_X32Y13         RAMD64E                                      r  out_fifo_inst/fifo_data_reg_0_63_3_5/RAMA/CLK
  -------------------------------------------------------------------    -------------------
    SLICE_X32Y13         RAMD64E (Prop_ramd64e_CLK_O)
                                                      0.478     1.964 r  out_fifo_inst/fifo_data_reg_0_63_3_5/RAMA/O
                         net (fo=1, routed)           1.211     3.175    out_tdata_OBUF[3]
    L17                  OBUF (Prop_obuf_I_O)         1.159     4.334 r  out_tdata_OBUF[3]_inst/O
                         net (fo=0)                   0.000     4.334    out_tdata[3]
    L17                                                               r  out_tdata[3] (OUT)
  -------------------------------------------------------------------    -------------------

Slack:                    inf
  Source:                 out_fifo_inst/fifo_data_reg_0_63_15_17/RAMA/CLK
                            (rising edge-triggered cell RAMD64E clocked by sys_clk  {rise@0.000ns fall@4.000ns period=8.000ns})
  Destination:            out_tdata[15]
                            (output port)
  Path Group:             (none)
  Path Type:              Min at Fast Process Corner
  Data Path Delay:        2.891ns  (logic 1.618ns (55.974%)  route 1.273ns (44.026%))
  Logic Levels:           1  (OBUF=1)
  Clock Uncertainty:      0.025ns  ((TSJ^2 + TIJ^2)^1/2 + DJ) / 2 + PE
    Total System Jitter     (TSJ):    0.050ns
    Total Input Jitter      (TIJ):    0.000ns
    Discrete Jitter          (DJ):    0.000ns
    Phase Error              (PE):    0.000ns

    Location             Delay type                Incr(ns)  Path(ns)    Netlist Resource(s)
  -------------------------------------------------------------------    -------------------
                         (clock sys_clk rise edge)    0.000     0.000 r  
    U14                                               0.000     0.000 r  clk (IN)
                         net (fo=0)                   0.000     0.000    clk
    U14                  IBUF (Prop_ibuf_I_O)         0.274     0.274 r  clk_IBUF_inst/O
                         net (fo=1, routed)           0.627     0.901    clk_IBUF
    BUFGCTRL_X0Y0        BUFG (Prop_bufg_I_O)         0.026     0.927 r  clk_IBUF_BUFG_inst/O
                         net (fo=987, routed)         0.559     1.486    out_fifo_inst/fifo_data_reg_0_63_15_17/WCLK
    SLICE_X34Y14         RAMD64E                                      r  out_fifo_inst/fifo_data_reg_0_63_15_17/RAMA/CLK
  -------------------------------------------------------------------    -------------------
    SLICE_X34Y14         RAMD64E (Prop_ramd64e_CLK_O)
                                                      0.478     1.964 r  out_fifo_inst/fifo_data_reg_0_63_15_17/RAMA/O
                         net (fo=1, routed)           1.273     3.236    out_tdata_OBUF[15]
    E19                  OBUF (Prop_obuf_I_O)         1.140     4.377 r  out_tdata_OBUF[15]_inst/O
                         net (fo=0)                   0.000     4.377    out_tdata[15]
    E19                                                               r  out_tdata[15] (OUT)
  -------------------------------------------------------------------    -------------------

Slack:                    inf
  Source:                 out_fifo_inst/fifo_data_reg_0_63_0_2/RAMB/CLK
                            (rising edge-triggered cell RAMD64E clocked by sys_clk  {rise@0.000ns fall@4.000ns period=8.000ns})
  Destination:            out_tdata[1]
                            (output port)
  Path Group:             (none)
  Path Type:              Min at Fast Process Corner
  Data Path Delay:        2.930ns  (logic 1.541ns (52.600%)  route 1.389ns (47.400%))
  Logic Levels:           1  (OBUF=1)
  Clock Uncertainty:      0.025ns  ((TSJ^2 + TIJ^2)^1/2 + DJ) / 2 + PE
    Total System Jitter     (TSJ):    0.050ns
    Total Input Jitter      (TIJ):    0.000ns
    Discrete Jitter          (DJ):    0.000ns
    Phase Error              (PE):    0.000ns

    Location             Delay type                Incr(ns)  Path(ns)    Netlist Resource(s)
  -------------------------------------------------------------------    -------------------
                         (clock sys_clk rise edge)    0.000     0.000 r  
    U14                                               0.000     0.000 r  clk (IN)
                         net (fo=0)                   0.000     0.000    clk
    U14                  IBUF (Prop_ibuf_I_O)         0.274     0.274 r  clk_IBUF_inst/O
                         net (fo=1, routed)           0.627     0.901    clk_IBUF
    BUFGCTRL_X0Y0        BUFG (Prop_bufg_I_O)         0.026     0.927 r  clk_IBUF_BUFG_inst/O
                         net (fo=987, routed)         0.560     1.487    out_fifo_inst/fifo_data_reg_0_63_0_2/WCLK
    SLICE_X32Y12         RAMD64E                                      r  out_fifo_inst/fifo_data_reg_0_63_0_2/RAMB/CLK
  -------------------------------------------------------------------    -------------------
    SLICE_X32Y12         RAMD64E (Prop_ramd64e_CLK_O)
                                                      0.388     1.875 r  out_fifo_inst/fifo_data_reg_0_63_0_2/RAMB/O
                         net (fo=1, routed)           1.389     3.264    out_tdata_OBUF[1]
    K18                  OBUF (Prop_obuf_I_O)         1.153     4.417 r  out_tdata_OBUF[1]_inst/O
                         net (fo=0)                   0.000     4.417    out_tdata[1]
    K18                                                               r  out_tdata[1] (OUT)
  -------------------------------------------------------------------    -------------------

Slack:                    inf
  Source:                 out_fifo_inst/rd_idx_reg[5]/C
                            (rising edge-triggered cell FDRE clocked by sys_clk  {rise@0.000ns fall@4.000ns period=8.000ns})
  Destination:            out_tdata[9]
                            (output port)
  Path Group:             (none)
  Path Type:              Min at Fast Process Corner
  Data Path Delay:        2.961ns  (logic 1.385ns (46.772%)  route 1.576ns (53.228%))
  Logic Levels:           2  (OBUF=1 RAMD64E=1)
  Clock Uncertainty:      0.025ns  ((TSJ^2 + TIJ^2)^1/2 + DJ) / 2 + PE
    Total System Jitter     (TSJ):    0.050ns
    Total Input Jitter      (TIJ):    0.000ns
    Discrete Jitter          (DJ):    0.000ns
    Phase Error              (PE):    0.000ns

    Location             Delay type                Incr(ns)  Path(ns)    Netlist Resource(s)
  -------------------------------------------------------------------    -------------------
                         (clock sys_clk rise edge)    0.000     0.000 r  
    U14                                               0.000     0.000 r  clk (IN)
                         net (fo=0)                   0.000     0.000    clk
    U14                  IBUF (Prop_ibuf_I_O)         0.274     0.274 r  clk_IBUF_inst/O
                         net (fo=1, routed)           0.627     0.901    clk_IBUF
    BUFGCTRL_X0Y0        BUFG (Prop_bufg_I_O)         0.026     0.927 r  clk_IBUF_BUFG_inst/O
                         net (fo=987, routed)         0.559     1.486    out_fifo_inst/clk_IBUF_BUFG
    SLICE_X33Y15         FDRE                                         r  out_fifo_inst/rd_idx_reg[5]/C
  -------------------------------------------------------------------    -------------------
    SLICE_X33Y15         FDRE (Prop_fdre_C_Q)         0.141     1.627 r  out_fifo_inst/rd_idx_reg[5]/Q
                         net (fo=28, routed)          0.253     1.879    out_fifo_inst/fifo_data_reg_0_63_9_11/ADDRA5
    SLICE_X34Y15         RAMD64E (Prop_ramd64e_RADR5_O)
                                                      0.045     1.924 r  out_fifo_inst/fifo_data_reg_0_63_9_11/RAMA/O
                         net (fo=1, routed)           1.323     3.248    out_tdata_OBUF[9]
    M18                  OBUF (Prop_obuf_I_O)         1.199     4.446 r  out_tdata_OBUF[9]_inst/O
                         net (fo=0)                   0.000     4.446    out_tdata[9]
    M18                                                               r  out_tdata[9] (OUT)
  -------------------------------------------------------------------    -------------------

Slack:                    inf
  Source:                 out_fifo_inst/fifo_data_reg_0_63_3_5/RAMB/CLK
                            (rising edge-triggered cell RAMD64E clocked by sys_clk  {rise@0.000ns fall@4.000ns period=8.000ns})
  Destination:            out_tdata[4]
                            (output port)
  Path Group:             (none)
  Path Type:              Min at Fast Process Corner
  Data Path Delay:        2.966ns  (logic 1.544ns (52.053%)  route 1.422ns (47.947%))
  Logic Levels:           1  (OBUF=1)
  Clock Uncertainty:      0.025ns  ((TSJ^2 + TIJ^2)^1/2 + DJ) / 2 + PE
    Total System Jitter     (TSJ):    0.050ns
    Total Input Jitter      (TIJ):    0.000ns
    Discrete Jitter          (DJ):    0.000ns
    Phase Error              (PE):    0.000ns

    Location             Delay type                Incr(ns)  Path(ns)    Netlist Resource(s)
  -------------------------------------------------------------------    -------------------
                         (clock sys_clk rise edge)    0.000     0.000 r  
    U14                                               0.000     0.000 r  clk (IN)
                         net (fo=0)                   0.000     0.000    clk
    U14                  IBUF (Prop_ibuf_I_O)         0.274     0.274 r  clk_IBUF_inst/O
                         net (fo=1, routed)           0.627     0.901    clk_IBUF
    BUFGCTRL_X0Y0        BUFG (Prop_bufg_I_O)         0.026     0.927 r  clk_IBUF_BUFG_inst/O
                         net (fo=987, routed)         0.559     1.486    out_fifo_inst/fifo_data_reg_0_63_3_5/WCLK
    SLICE_X32Y13         RAMD64E                                      r  out_fifo_inst/fifo_data_reg_0_63_3_5/RAMB/CLK
  -------------------------------------------------------------------    -------------------
    SLICE_X32Y13         RAMD64E (Prop_ramd64e_CLK_O)
                                                      0.388     1.874 r  out_fifo_inst/fifo_data_reg_0_63_3_5/RAMB/O
                         net (fo=1, routed)           1.422     3.296    out_tdata_OBUF[4]
    L16                  OBUF (Prop_obuf_I_O)         1.156     4.452 r  out_tdata_OBUF[4]_inst/O
                         net (fo=0)                   0.000     4.452    out_tdata[4]
    L16                                                               r  out_tdata[4] (OUT)
  -------------------------------------------------------------------    -------------------

Slack:                    inf
  Source:                 out_fifo_inst/fifo_data_reg_0_63_6_8/RAMA/CLK
                            (rising edge-triggered cell RAMD64E clocked by sys_clk  {rise@0.000ns fall@4.000ns period=8.000ns})
  Destination:            out_tdata[6]
                            (output port)
  Path Group:             (none)
  Path Type:              Min at Fast Process Corner
  Data Path Delay:        2.969ns  (logic 1.631ns (54.921%)  route 1.338ns (45.079%))
  Logic Levels:           1  (OBUF=1)
  Clock Uncertainty:      0.025ns  ((TSJ^2 + TIJ^2)^1/2 + DJ) / 2 + PE
    Total System Jitter     (TSJ):    0.050ns
    Total Input Jitter      (TIJ):    0.000ns
    Discrete Jitter          (DJ):    0.000ns
    Phase Error              (PE):    0.000ns

    Location             Delay type                Incr(ns)  Path(ns)    Netlist Resource(s)
  -------------------------------------------------------------------    -------------------
                         (clock sys_clk rise edge)    0.000     0.000 r  
    U14                                               0.000     0.000 r  clk (IN)
                         net (fo=0)                   0.000     0.000    clk
    U14                  IBUF (Prop_ibuf_I_O)         0.274     0.274 r  clk_IBUF_inst/O
                         net (fo=1, routed)           0.627     0.901    clk_IBUF
    BUFGCTRL_X0Y0        BUFG (Prop_bufg_I_O)         0.026     0.927 r  clk_IBUF_BUFG_inst/O
                         net (fo=987, routed)         0.561     1.488    out_fifo_inst/fifo_data_reg_0_63_6_8/WCLK
    SLICE_X34Y10         RAMD64E                                      r  out_fifo_inst/fifo_data_reg_0_63_6_8/RAMA/CLK
  -------------------------------------------------------------------    -------------------
    SLICE_X34Y10         RAMD64E (Prop_ramd64e_CLK_O)
                                                      0.478     1.966 r  out_fifo_inst/fifo_data_reg_0_63_6_8/RAMA/O
                         net (fo=1, routed)           1.338     3.304    out_tdata_OBUF[6]
    K19                  OBUF (Prop_obuf_I_O)         1.153     4.457 r  out_tdata_OBUF[6]_inst/O
                         net (fo=0)                   0.000     4.457    out_tdata[6]
    K19                                                               r  out_tdata[6] (OUT)
  -------------------------------------------------------------------    -------------------

Slack:                    inf
  Source:                 out_fifo_inst/fifo_data_reg_0_63_12_14/RAMA/CLK
                            (rising edge-triggered cell RAMD64E clocked by sys_clk  {rise@0.000ns fall@4.000ns period=8.000ns})
  Destination:            out_tdata[12]
                            (output port)
  Path Group:             (none)
  Path Type:              Min at Fast Process Corner
  Data Path Delay:        3.006ns  (logic 1.688ns (56.146%)  route 1.318ns (43.854%))
  Logic Levels:           1  (OBUF=1)
  Clock Uncertainty:      0.025ns  ((TSJ^2 + TIJ^2)^1/2 + DJ) / 2 + PE
    Total System Jitter     (TSJ):    0.050ns
    Total Input Jitter      (TIJ):    0.000ns
    Discrete Jitter          (DJ):    0.000ns
    Phase Error              (PE):    0.000ns

    Location             Delay type                Incr(ns)  Path(ns)    Netlist Resource(s)
  -------------------------------------------------------------------    -------------------
                         (clock sys_clk rise edge)    0.000     0.000 r  
    U14                                               0.000     0.000 r  clk (IN)
                         net (fo=0)                   0.000     0.000    clk
    U14                  IBUF (Prop_ibuf_I_O)         0.274     0.274 r  clk_IBUF_inst/O
                         net (fo=1, routed)           0.627     0.901    clk_IBUF
    BUFGCTRL_X0Y0        BUFG (Prop_bufg_I_O)         0.026     0.927 r  clk_IBUF_BUFG_inst/O
                         net (fo=987, routed)         0.559     1.486    out_fifo_inst/fifo_data_reg_0_63_12_14/WCLK
    SLICE_X32Y14         RAMD64E                                      r  out_fifo_inst/fifo_data_reg_0_63_12_14/RAMA/CLK
  -------------------------------------------------------------------    -------------------
    SLICE_X32Y14         RAMD64E (Prop_ramd64e_CLK_O)
                                                      0.478     1.964 r  out_fifo_inst/fifo_data_reg_0_63_12_14/RAMA/O
                         net (fo=1, routed)           1.318     3.282    out_tdata_OBUF[12]
    M19                  OBUF (Prop_obuf_I_O)         1.210     4.492 r  out_tdata_OBUF[12]_inst/O
                         net (fo=0)                   0.000     4.492    out_tdata[12]
    M19                                                               r  out_tdata[12] (OUT)
  -------------------------------------------------------------------    -------------------





--------------------------------------------------------------------------------------
Path Group:  (none)
From Clock:  
  To Clock:  sys_clk

Max Delay          2391 Endpoints
Min Delay          2391 Endpoints
--------------------------------------------------------------------------------------


Max Delay Paths
--------------------------------------------------------------------------------------
Slack:                    inf
  Source:                 coef_i[18]
                            (input port)
  Destination:            fir_inst/gen_stages[2].stage_inst/gen_mac_units[0].mac_inst/mult_s_reg/A[18]
                            (rising edge-triggered cell DSP48E1 clocked by sys_clk  {rise@0.000ns fall@4.000ns period=8.000ns})
  Path Group:             (none)
  Path Type:              Setup (Max at Slow Process Corner)
  Data Path Delay:        12.106ns  (logic 0.956ns (7.900%)  route 11.149ns (92.100%))
  Logic Levels:           1  (IBUF=1)
  Clock Path Skew:        4.459ns (DCD - SCD + CPR)
    Destination Clock Delay (DCD):    4.459ns
    Source Clock Delay      (SCD):    0.000ns
    Clock Pessimism Removal (CPR):    0.000ns
  Clock Uncertainty:      0.025ns  ((TSJ^2 + TIJ^2)^1/2 + DJ) / 2 + PE
    Total System Jitter     (TSJ):    0.050ns
    Total Input Jitter      (TIJ):    0.000ns
    Discrete Jitter          (DJ):    0.000ns
    Phase Error              (PE):    0.000ns

    Location             Delay type                Incr(ns)  Path(ns)    Netlist Resource(s)
  -------------------------------------------------------------------    -------------------
    G17                                               0.000     0.000 r  coef_i[18] (IN)
                         net (fo=0)                   0.000     0.000    coef_i[18]
    G17                  IBUF (Prop_ibuf_I_O)         0.956     0.956 r  coef_i_IBUF[18]_inst/O
                         net (fo=42, routed)         11.149    12.106    fir_inst/gen_stages[2].stage_inst/gen_mac_units[0].mac_inst/coeff_i[18]
    DSP48_X0Y32          DSP48E1                                      r  fir_inst/gen_stages[2].stage_inst/gen_mac_units[0].mac_inst/mult_s_reg/A[18]
  -------------------------------------------------------------------    -------------------

                         (clock sys_clk rise edge)    0.000     0.000 r  
    U14                                               0.000     0.000 r  clk (IN)
                         net (fo=0)                   0.000     0.000    clk
    U14                  IBUF (Prop_ibuf_I_O)         0.912     0.912 r  clk_IBUF_inst/O
                         net (fo=1, routed)           1.880     2.792    clk_IBUF
    BUFGCTRL_X0Y0        BUFG (Prop_bufg_I_O)         0.091     2.883 r  clk_IBUF_BUFG_inst/O
                         net (fo=987, routed)         1.576     4.459    fir_inst/gen_stages[2].stage_inst/gen_mac_units[0].mac_inst/clk_IBUF_BUFG
    DSP48_X0Y32          DSP48E1                                      r  fir_inst/gen_stages[2].stage_inst/gen_mac_units[0].mac_inst/mult_s_reg/CLK

Slack:                    inf
  Source:                 coef_i[18]
                            (input port)
  Destination:            fir_inst/gen_stages[2].stage_inst/gen_mac_units[0].mac_inst/mult_s0/A[18]
                            (rising edge-triggered cell DSP48E1 clocked by sys_clk  {rise@0.000ns fall@4.000ns period=8.000ns})
  Path Group:             (none)
  Path Type:              Setup (Max at Slow Process Corner)
  Data Path Delay:        11.853ns  (logic 0.956ns (8.069%)  route 10.896ns (91.931%))
  Logic Levels:           1  (IBUF=1)
  Clock Path Skew:        4.457ns (DCD - SCD + CPR)
    Destination Clock Delay (DCD):    4.457ns
    Source Clock Delay      (SCD):    0.000ns
    Clock Pessimism Removal (CPR):    0.000ns
  Clock Uncertainty:      0.025ns  ((TSJ^2 + TIJ^2)^1/2 + DJ) / 2 + PE
    Total System Jitter     (TSJ):    0.050ns
    Total Input Jitter      (TIJ):    0.000ns
    Discrete Jitter          (DJ):    0.000ns
    Phase Error              (PE):    0.000ns

    Location             Delay type                Incr(ns)  Path(ns)    Netlist Resource(s)
  -------------------------------------------------------------------    -------------------
    G17                                               0.000     0.000 r  coef_i[18] (IN)
                         net (fo=0)                   0.000     0.000    coef_i[18]
    G17                  IBUF (Prop_ibuf_I_O)         0.956     0.956 r  coef_i_IBUF[18]_inst/O
                         net (fo=42, routed)         10.896    11.853    fir_inst/gen_stages[2].stage_inst/gen_mac_units[0].mac_inst/coeff_i[18]
    DSP48_X0Y31          DSP48E1                                      r  fir_inst/gen_stages[2].stage_inst/gen_mac_units[0].mac_inst/mult_s0/A[18]
  -------------------------------------------------------------------    -------------------

                         (clock sys_clk rise edge)    0.000     0.000 r  
    U14                                               0.000     0.000 r  clk (IN)
                         net (fo=0)                   0.000     0.000    clk
    U14                  IBUF (Prop_ibuf_I_O)         0.912     0.912 r  clk_IBUF_inst/O
                         net (fo=1, routed)           1.880     2.792    clk_IBUF
    BUFGCTRL_X0Y0        BUFG (Prop_bufg_I_O)         0.091     2.883 r  clk_IBUF_BUFG_inst/O
                         net (fo=987, routed)         1.574     4.457    fir_inst/gen_stages[2].stage_inst/gen_mac_units[0].mac_inst/clk_IBUF_BUFG
    DSP48_X0Y31          DSP48E1                                      r  fir_inst/gen_stages[2].stage_inst/gen_mac_units[0].mac_inst/mult_s0/CLK

Slack:                    inf
  Source:                 reset
                            (input port)
  Destination:            fir_inst/gen_stage_0/gen_mac_units[0].mac_inst/acc_s_reg/RSTA
                            (rising edge-triggered cell DSP48E1 clocked by sys_clk  {rise@0.000ns fall@4.000ns period=8.000ns})
  Path Group:             (none)
  Path Type:              Setup (Max at Slow Process Corner)
  Data Path Delay:        11.843ns  (logic 1.194ns (10.085%)  route 10.648ns (89.915%))
  Logic Levels:           2  (IBUF=1 LUT1=1)
  Clock Path Skew:        4.466ns (DCD - SCD + CPR)
    Destination Clock Delay (DCD):    4.466ns
    Source Clock Delay      (SCD):    0.000ns
    Clock Pessimism Removal (CPR):    0.000ns
  Clock Uncertainty:      0.025ns  ((TSJ^2 + TIJ^2)^1/2 + DJ) / 2 + PE
    Total System Jitter     (TSJ):    0.050ns
    Total Input Jitter      (TIJ):    0.000ns
    Discrete Jitter          (DJ):    0.000ns
    Phase Error              (PE):    0.000ns

    Location             Delay type                Incr(ns)  Path(ns)    Netlist Resource(s)
  -------------------------------------------------------------------    -------------------
    Y14                                               0.000     0.000 f  reset (IN)
                         net (fo=0)                   0.000     0.000    reset
    Y14                  IBUF (Prop_ibuf_I_O)         1.070     1.070 f  reset_IBUF_inst/O
                         net (fo=3, routed)           2.213     3.283    fir_inst/gen_stage_0/gen_mac_units[0].mac_inst/reset_IBUF
    SLICE_X26Y39         LUT1 (Prop_lut1_I0_O)        0.124     3.407 r  fir_inst/gen_stage_0/gen_mac_units[0].mac_inst/mult_s[16]_i_1/O
                         net (fo=980, routed)         8.436    11.843    fir_inst/gen_stage_0/gen_mac_units[0].mac_inst/SR[0]
    DSP48_X0Y24          DSP48E1                                      r  fir_inst/gen_stage_0/gen_mac_units[0].mac_inst/acc_s_reg/RSTA
  -------------------------------------------------------------------    -------------------

                         (clock sys_clk rise edge)    0.000     0.000 r  
    U14                                               0.000     0.000 r  clk (IN)
                         net (fo=0)                   0.000     0.000    clk
    U14                  IBUF (Prop_ibuf_I_O)         0.912     0.912 r  clk_IBUF_inst/O
                         net (fo=1, routed)           1.880     2.792    clk_IBUF
    BUFGCTRL_X0Y0        BUFG (Prop_bufg_I_O)         0.091     2.883 r  clk_IBUF_BUFG_inst/O
                         net (fo=987, routed)         1.583     4.466    fir_inst/gen_stage_0/gen_mac_units[0].mac_inst/clk_IBUF_BUFG
    DSP48_X0Y24          DSP48E1                                      r  fir_inst/gen_stage_0/gen_mac_units[0].mac_inst/acc_s_reg/CLK

Slack:                    inf
  Source:                 reset
                            (input port)
  Destination:            fir_inst/last_shift_reg[11]/R
                            (rising edge-triggered cell FDRE clocked by sys_clk  {rise@0.000ns fall@4.000ns period=8.000ns})
  Path Group:             (none)
  Path Type:              Setup (Max at Slow Process Corner)
  Data Path Delay:        11.839ns  (logic 1.194ns (10.088%)  route 10.645ns (89.912%))
  Logic Levels:           2  (IBUF=1 LUT1=1)
  Clock Path Skew:        4.375ns (DCD - SCD + CPR)
    Destination Clock Delay (DCD):    4.375ns
    Source Clock Delay      (SCD):    0.000ns
    Clock Pessimism Removal (CPR):    0.000ns
  Clock Uncertainty:      0.025ns  ((TSJ^2 + TIJ^2)^1/2 + DJ) / 2 + PE
    Total System Jitter     (TSJ):    0.050ns
    Total Input Jitter      (TIJ):    0.000ns
    Discrete Jitter          (DJ):    0.000ns
    Phase Error              (PE):    0.000ns

    Location             Delay type                Incr(ns)  Path(ns)    Netlist Resource(s)
  -------------------------------------------------------------------    -------------------
    Y14                                               0.000     0.000 f  reset (IN)
                         net (fo=0)                   0.000     0.000    reset
    Y14                  IBUF (Prop_ibuf_I_O)         1.070     1.070 f  reset_IBUF_inst/O
                         net (fo=3, routed)           2.213     3.283    fir_inst/gen_stage_0/gen_mac_units[0].mac_inst/reset_IBUF
    SLICE_X26Y39         LUT1 (Prop_lut1_I0_O)        0.124     3.407 r  fir_inst/gen_stage_0/gen_mac_units[0].mac_inst/mult_s[16]_i_1/O
                         net (fo=980, routed)         8.432    11.839    fir_inst/p_0_in
    SLICE_X11Y62         FDRE                                         r  fir_inst/last_shift_reg[11]/R
  -------------------------------------------------------------------    -------------------

                         (clock sys_clk rise edge)    0.000     0.000 r  
    U14                                               0.000     0.000 r  clk (IN)
                         net (fo=0)                   0.000     0.000    clk
    U14                  IBUF (Prop_ibuf_I_O)         0.912     0.912 r  clk_IBUF_inst/O
                         net (fo=1, routed)           1.880     2.792    clk_IBUF
    BUFGCTRL_X0Y0        BUFG (Prop_bufg_I_O)         0.091     2.883 r  clk_IBUF_BUFG_inst/O
                         net (fo=987, routed)         1.493     4.375    fir_inst/clk_IBUF_BUFG
    SLICE_X11Y62         FDRE                                         r  fir_inst/last_shift_reg[11]/C

Slack:                    inf
  Source:                 reset
                            (input port)
  Destination:            fir_inst/last_shift_reg[12]/R
                            (rising edge-triggered cell FDRE clocked by sys_clk  {rise@0.000ns fall@4.000ns period=8.000ns})
  Path Group:             (none)
  Path Type:              Setup (Max at Slow Process Corner)
  Data Path Delay:        11.839ns  (logic 1.194ns (10.088%)  route 10.645ns (89.912%))
  Logic Levels:           2  (IBUF=1 LUT1=1)
  Clock Path Skew:        4.375ns (DCD - SCD + CPR)
    Destination Clock Delay (DCD):    4.375ns
    Source Clock Delay      (SCD):    0.000ns
    Clock Pessimism Removal (CPR):    0.000ns
  Clock Uncertainty:      0.025ns  ((TSJ^2 + TIJ^2)^1/2 + DJ) / 2 + PE
    Total System Jitter     (TSJ):    0.050ns
    Total Input Jitter      (TIJ):    0.000ns
    Discrete Jitter          (DJ):    0.000ns
    Phase Error              (PE):    0.000ns

    Location             Delay type                Incr(ns)  Path(ns)    Netlist Resource(s)
  -------------------------------------------------------------------    -------------------
    Y14                                               0.000     0.000 f  reset (IN)
                         net (fo=0)                   0.000     0.000    reset
    Y14                  IBUF (Prop_ibuf_I_O)         1.070     1.070 f  reset_IBUF_inst/O
                         net (fo=3, routed)           2.213     3.283    fir_inst/gen_stage_0/gen_mac_units[0].mac_inst/reset_IBUF
    SLICE_X26Y39         LUT1 (Prop_lut1_I0_O)        0.124     3.407 r  fir_inst/gen_stage_0/gen_mac_units[0].mac_inst/mult_s[16]_i_1/O
                         net (fo=980, routed)         8.432    11.839    fir_inst/p_0_in
    SLICE_X11Y62         FDRE                                         r  fir_inst/last_shift_reg[12]/R
  -------------------------------------------------------------------    -------------------

                         (clock sys_clk rise edge)    0.000     0.000 r  
    U14                                               0.000     0.000 r  clk (IN)
                         net (fo=0)                   0.000     0.000    clk
    U14                  IBUF (Prop_ibuf_I_O)         0.912     0.912 r  clk_IBUF_inst/O
                         net (fo=1, routed)           1.880     2.792    clk_IBUF
    BUFGCTRL_X0Y0        BUFG (Prop_bufg_I_O)         0.091     2.883 r  clk_IBUF_BUFG_inst/O
                         net (fo=987, routed)         1.493     4.375    fir_inst/clk_IBUF_BUFG
    SLICE_X11Y62         FDRE                                         r  fir_inst/last_shift_reg[12]/C

Slack:                    inf
  Source:                 reset
                            (input port)
  Destination:            fir_inst/last_shift_reg[14]/R
                            (rising edge-triggered cell FDRE clocked by sys_clk  {rise@0.000ns fall@4.000ns period=8.000ns})
  Path Group:             (none)
  Path Type:              Setup (Max at Slow Process Corner)
  Data Path Delay:        11.839ns  (logic 1.194ns (10.088%)  route 10.645ns (89.912%))
  Logic Levels:           2  (IBUF=1 LUT1=1)
  Clock Path Skew:        4.375ns (DCD - SCD + CPR)
    Destination Clock Delay (DCD):    4.375ns
    Source Clock Delay      (SCD):    0.000ns
    Clock Pessimism Removal (CPR):    0.000ns
  Clock Uncertainty:      0.025ns  ((TSJ^2 + TIJ^2)^1/2 + DJ) / 2 + PE
    Total System Jitter     (TSJ):    0.050ns
    Total Input Jitter      (TIJ):    0.000ns
    Discrete Jitter          (DJ):    0.000ns
    Phase Error              (PE):    0.000ns

    Location             Delay type                Incr(ns)  Path(ns)    Netlist Resource(s)
  -------------------------------------------------------------------    -------------------
    Y14                                               0.000     0.000 f  reset (IN)
                         net (fo=0)                   0.000     0.000    reset
    Y14                  IBUF (Prop_ibuf_I_O)         1.070     1.070 f  reset_IBUF_inst/O
                         net (fo=3, routed)           2.213     3.283    fir_inst/gen_stage_0/gen_mac_units[0].mac_inst/reset_IBUF
    SLICE_X26Y39         LUT1 (Prop_lut1_I0_O)        0.124     3.407 r  fir_inst/gen_stage_0/gen_mac_units[0].mac_inst/mult_s[16]_i_1/O
                         net (fo=980, routed)         8.432    11.839    fir_inst/p_0_in
    SLICE_X11Y62         FDRE                                         r  fir_inst/last_shift_reg[14]/R
  -------------------------------------------------------------------    -------------------

                         (clock sys_clk rise edge)    0.000     0.000 r  
    U14                                               0.000     0.000 r  clk (IN)
                         net (fo=0)                   0.000     0.000    clk
    U14                  IBUF (Prop_ibuf_I_O)         0.912     0.912 r  clk_IBUF_inst/O
                         net (fo=1, routed)           1.880     2.792    clk_IBUF
    BUFGCTRL_X0Y0        BUFG (Prop_bufg_I_O)         0.091     2.883 r  clk_IBUF_BUFG_inst/O
                         net (fo=987, routed)         1.493     4.375    fir_inst/clk_IBUF_BUFG
    SLICE_X11Y62         FDRE                                         r  fir_inst/last_shift_reg[14]/C

Slack:                    inf
  Source:                 reset
                            (input port)
  Destination:            fir_inst/last_shift_reg[8]/R
                            (rising edge-triggered cell FDRE clocked by sys_clk  {rise@0.000ns fall@4.000ns period=8.000ns})
  Path Group:             (none)
  Path Type:              Setup (Max at Slow Process Corner)
  Data Path Delay:        11.839ns  (logic 1.194ns (10.088%)  route 10.645ns (89.912%))
  Logic Levels:           2  (IBUF=1 LUT1=1)
  Clock Path Skew:        4.375ns (DCD - SCD + CPR)
    Destination Clock Delay (DCD):    4.375ns
    Source Clock Delay      (SCD):    0.000ns
    Clock Pessimism Removal (CPR):    0.000ns
  Clock Uncertainty:      0.025ns  ((TSJ^2 + TIJ^2)^1/2 + DJ) / 2 + PE
    Total System Jitter     (TSJ):    0.050ns
    Total Input Jitter      (TIJ):    0.000ns
    Discrete Jitter          (DJ):    0.000ns
    Phase Error              (PE):    0.000ns

    Location             Delay type                Incr(ns)  Path(ns)    Netlist Resource(s)
  -------------------------------------------------------------------    -------------------
    Y14                                               0.000     0.000 f  reset (IN)
                         net (fo=0)                   0.000     0.000    reset
    Y14                  IBUF (Prop_ibuf_I_O)         1.070     1.070 f  reset_IBUF_inst/O
                         net (fo=3, routed)           2.213     3.283    fir_inst/gen_stage_0/gen_mac_units[0].mac_inst/reset_IBUF
    SLICE_X26Y39         LUT1 (Prop_lut1_I0_O)        0.124     3.407 r  fir_inst/gen_stage_0/gen_mac_units[0].mac_inst/mult_s[16]_i_1/O
                         net (fo=980, routed)         8.432    11.839    fir_inst/p_0_in
    SLICE_X11Y62         FDRE                                         r  fir_inst/last_shift_reg[8]/R
  -------------------------------------------------------------------    -------------------

                         (clock sys_clk rise edge)    0.000     0.000 r  
    U14                                               0.000     0.000 r  clk (IN)
                         net (fo=0)                   0.000     0.000    clk
    U14                  IBUF (Prop_ibuf_I_O)         0.912     0.912 r  clk_IBUF_inst/O
                         net (fo=1, routed)           1.880     2.792    clk_IBUF
    BUFGCTRL_X0Y0        BUFG (Prop_bufg_I_O)         0.091     2.883 r  clk_IBUF_BUFG_inst/O
                         net (fo=987, routed)         1.493     4.375    fir_inst/clk_IBUF_BUFG
    SLICE_X11Y62         FDRE                                         r  fir_inst/last_shift_reg[8]/C

Slack:                    inf
  Source:                 reset
                            (input port)
  Destination:            in_fifo_inst/rd_idx_reg[0]/R
                            (rising edge-triggered cell FDRE clocked by sys_clk  {rise@0.000ns fall@4.000ns period=8.000ns})
  Path Group:             (none)
  Path Type:              Setup (Max at Slow Process Corner)
  Data Path Delay:        11.834ns  (logic 1.194ns (10.093%)  route 10.639ns (89.907%))
  Logic Levels:           2  (IBUF=1 LUT1=1)
  Clock Path Skew:        4.376ns (DCD - SCD + CPR)
    Destination Clock Delay (DCD):    4.376ns
    Source Clock Delay      (SCD):    0.000ns
    Clock Pessimism Removal (CPR):    0.000ns
  Clock Uncertainty:      0.025ns  ((TSJ^2 + TIJ^2)^1/2 + DJ) / 2 + PE
    Total System Jitter     (TSJ):    0.050ns
    Total Input Jitter      (TIJ):    0.000ns
    Discrete Jitter          (DJ):    0.000ns
    Phase Error              (PE):    0.000ns

    Location             Delay type                Incr(ns)  Path(ns)    Netlist Resource(s)
  -------------------------------------------------------------------    -------------------
    Y14                                               0.000     0.000 f  reset (IN)
                         net (fo=0)                   0.000     0.000    reset
    Y14                  IBUF (Prop_ibuf_I_O)         1.070     1.070 f  reset_IBUF_inst/O
                         net (fo=3, routed)           2.213     3.283    fir_inst/gen_stage_0/gen_mac_units[0].mac_inst/reset_IBUF
    SLICE_X26Y39         LUT1 (Prop_lut1_I0_O)        0.124     3.407 r  fir_inst/gen_stage_0/gen_mac_units[0].mac_inst/mult_s[16]_i_1/O
                         net (fo=980, routed)         8.426    11.834    in_fifo_inst/SR[0]
    SLICE_X13Y61         FDRE                                         r  in_fifo_inst/rd_idx_reg[0]/R
  -------------------------------------------------------------------    -------------------

                         (clock sys_clk rise edge)    0.000     0.000 r  
    U14                                               0.000     0.000 r  clk (IN)
                         net (fo=0)                   0.000     0.000    clk
    U14                  IBUF (Prop_ibuf_I_O)         0.912     0.912 r  clk_IBUF_inst/O
                         net (fo=1, routed)           1.880     2.792    clk_IBUF
    BUFGCTRL_X0Y0        BUFG (Prop_bufg_I_O)         0.091     2.883 r  clk_IBUF_BUFG_inst/O
                         net (fo=987, routed)         1.494     4.376    in_fifo_inst/clk_IBUF_BUFG
    SLICE_X13Y61         FDRE                                         r  in_fifo_inst/rd_idx_reg[0]/C

Slack:                    inf
  Source:                 reset
                            (input port)
  Destination:            fir_inst/last_shift_reg[7]/R
                            (rising edge-triggered cell FDRE clocked by sys_clk  {rise@0.000ns fall@4.000ns period=8.000ns})
  Path Group:             (none)
  Path Type:              Setup (Max at Slow Process Corner)
  Data Path Delay:        11.701ns  (logic 1.194ns (10.208%)  route 10.506ns (89.792%))
  Logic Levels:           2  (IBUF=1 LUT1=1)
  Clock Path Skew:        4.376ns (DCD - SCD + CPR)
    Destination Clock Delay (DCD):    4.376ns
    Source Clock Delay      (SCD):    0.000ns
    Clock Pessimism Removal (CPR):    0.000ns
  Clock Uncertainty:      0.025ns  ((TSJ^2 + TIJ^2)^1/2 + DJ) / 2 + PE
    Total System Jitter     (TSJ):    0.050ns
    Total Input Jitter      (TIJ):    0.000ns
    Discrete Jitter          (DJ):    0.000ns
    Phase Error              (PE):    0.000ns

    Location             Delay type                Incr(ns)  Path(ns)    Netlist Resource(s)
  -------------------------------------------------------------------    -------------------
    Y14                                               0.000     0.000 f  reset (IN)
                         net (fo=0)                   0.000     0.000    reset
    Y14                  IBUF (Prop_ibuf_I_O)         1.070     1.070 f  reset_IBUF_inst/O
                         net (fo=3, routed)           2.213     3.283    fir_inst/gen_stage_0/gen_mac_units[0].mac_inst/reset_IBUF
    SLICE_X26Y39         LUT1 (Prop_lut1_I0_O)        0.124     3.407 r  fir_inst/gen_stage_0/gen_mac_units[0].mac_inst/mult_s[16]_i_1/O
                         net (fo=980, routed)         8.293    11.701    fir_inst/p_0_in
    SLICE_X11Y61         FDRE                                         r  fir_inst/last_shift_reg[7]/R
  -------------------------------------------------------------------    -------------------

                         (clock sys_clk rise edge)    0.000     0.000 r  
    U14                                               0.000     0.000 r  clk (IN)
                         net (fo=0)                   0.000     0.000    clk
    U14                  IBUF (Prop_ibuf_I_O)         0.912     0.912 r  clk_IBUF_inst/O
                         net (fo=1, routed)           1.880     2.792    clk_IBUF
    BUFGCTRL_X0Y0        BUFG (Prop_bufg_I_O)         0.091     2.883 r  clk_IBUF_BUFG_inst/O
                         net (fo=987, routed)         1.494     4.376    fir_inst/clk_IBUF_BUFG
    SLICE_X11Y61         FDRE                                         r  fir_inst/last_shift_reg[7]/C

Slack:                    inf
  Source:                 reset
                            (input port)
  Destination:            fir_inst/gen_stages[6].stage_inst/gen_mac_units[0].mac_inst/mult_s_reg/RSTB
                            (rising edge-triggered cell DSP48E1 clocked by sys_clk  {rise@0.000ns fall@4.000ns period=8.000ns})
  Path Group:             (none)
  Path Type:              Setup (Max at Slow Process Corner)
  Data Path Delay:        11.687ns  (logic 1.194ns (10.219%)  route 10.493ns (89.781%))
  Logic Levels:           2  (IBUF=1 LUT1=1)
  Clock Path Skew:        4.468ns (DCD - SCD + CPR)
    Destination Clock Delay (DCD):    4.468ns
    Source Clock Delay      (SCD):    0.000ns
    Clock Pessimism Removal (CPR):    0.000ns
  Clock Uncertainty:      0.025ns  ((TSJ^2 + TIJ^2)^1/2 + DJ) / 2 + PE
    Total System Jitter     (TSJ):    0.050ns
    Total Input Jitter      (TIJ):    0.000ns
    Discrete Jitter          (DJ):    0.000ns
    Phase Error              (PE):    0.000ns

    Location             Delay type                Incr(ns)  Path(ns)    Netlist Resource(s)
  -------------------------------------------------------------------    -------------------
    Y14                                               0.000     0.000 f  reset (IN)
                         net (fo=0)                   0.000     0.000    reset
    Y14                  IBUF (Prop_ibuf_I_O)         1.070     1.070 f  reset_IBUF_inst/O
                         net (fo=3, routed)           2.213     3.283    fir_inst/gen_stage_0/gen_mac_units[0].mac_inst/reset_IBUF
    SLICE_X26Y39         LUT1 (Prop_lut1_I0_O)        0.124     3.407 r  fir_inst/gen_stage_0/gen_mac_units[0].mac_inst/mult_s[16]_i_1/O
                         net (fo=980, routed)         8.280    11.687    fir_inst/gen_stages[6].stage_inst/gen_mac_units[0].mac_inst/SR[0]
    DSP48_X0Y23          DSP48E1                                      r  fir_inst/gen_stages[6].stage_inst/gen_mac_units[0].mac_inst/mult_s_reg/RSTB
  -------------------------------------------------------------------    -------------------

                         (clock sys_clk rise edge)    0.000     0.000 r  
    U14                                               0.000     0.000 r  clk (IN)
                         net (fo=0)                   0.000     0.000    clk
    U14                  IBUF (Prop_ibuf_I_O)         0.912     0.912 r  clk_IBUF_inst/O
                         net (fo=1, routed)           1.880     2.792    clk_IBUF
    BUFGCTRL_X0Y0        BUFG (Prop_bufg_I_O)         0.091     2.883 r  clk_IBUF_BUFG_inst/O
                         net (fo=987, routed)         1.585     4.468    fir_inst/gen_stages[6].stage_inst/gen_mac_units[0].mac_inst/clk_IBUF_BUFG
    DSP48_X0Y23          DSP48E1                                      r  fir_inst/gen_stages[6].stage_inst/gen_mac_units[0].mac_inst/mult_s_reg/CLK





Min Delay Paths
--------------------------------------------------------------------------------------
Slack:                    inf
  Source:                 coef_i[23]
                            (input port)
  Destination:            fir_inst/gen_stages[4].stage_inst/gen_mac_units[0].mac_inst/mult_s_reg/A[26]
                            (rising edge-triggered cell DSP48E1 clocked by sys_clk  {rise@0.000ns fall@4.000ns period=8.000ns})
  Path Group:             (none)
  Path Type:              Hold (Min at Fast Process Corner)
  Data Path Delay:        0.776ns  (logic 0.173ns (22.247%)  route 0.603ns (77.753%))
  Logic Levels:           1  (IBUF=1)
  Clock Path Skew:        2.083ns (DCD - SCD - CPR)
    Destination Clock Delay (DCD):    2.083ns
    Source Clock Delay      (SCD):    0.000ns
    Clock Pessimism Removal (CPR):    -0.000ns

    Location             Delay type                Incr(ns)  Path(ns)    Netlist Resource(s)
  -------------------------------------------------------------------    -------------------
    H17                                               0.000     0.000 r  coef_i[23] (IN)
                         net (fo=0)                   0.000     0.000    coef_i[23]
    H17                  IBUF (Prop_ibuf_I_O)         0.173     0.173 r  coef_i_IBUF[23]_inst/O
                         net (fo=294, routed)         0.603     0.776    fir_inst/gen_stages[4].stage_inst/gen_mac_units[0].mac_inst/coeff_i[23]
    DSP48_X1Y28          DSP48E1                                      r  fir_inst/gen_stages[4].stage_inst/gen_mac_units[0].mac_inst/mult_s_reg/A[26]
  -------------------------------------------------------------------    -------------------

                         (clock sys_clk rise edge)    0.000     0.000 r  
    U14                                               0.000     0.000 r  clk (IN)
                         net (fo=0)                   0.000     0.000    clk
    U14                  IBUF (Prop_ibuf_I_O)         0.464     0.464 r  clk_IBUF_inst/O
                         net (fo=1, routed)           0.683     1.147    clk_IBUF
    BUFGCTRL_X0Y0        BUFG (Prop_bufg_I_O)         0.029     1.176 r  clk_IBUF_BUFG_inst/O
                         net (fo=987, routed)         0.908     2.083    fir_inst/gen_stages[4].stage_inst/gen_mac_units[0].mac_inst/clk_IBUF_BUFG
    DSP48_X1Y28          DSP48E1                                      r  fir_inst/gen_stages[4].stage_inst/gen_mac_units[0].mac_inst/mult_s_reg/CLK

Slack:                    inf
  Source:                 coef_i[0]
                            (input port)
  Destination:            fir_inst/gen_stages[7].stage_inst/gen_mac_units[0].mac_inst/mult_s0/A[0]
                            (rising edge-triggered cell DSP48E1 clocked by sys_clk  {rise@0.000ns fall@4.000ns period=8.000ns})
  Path Group:             (none)
  Path Type:              Hold (Min at Fast Process Corner)
  Data Path Delay:        0.786ns  (logic 0.172ns (21.935%)  route 0.613ns (78.065%))
  Logic Levels:           1  (IBUF=1)
  Clock Path Skew:        2.096ns (DCD - SCD - CPR)
    Destination Clock Delay (DCD):    2.096ns
    Source Clock Delay      (SCD):    0.000ns
    Clock Pessimism Removal (CPR):    -0.000ns

    Location             Delay type                Incr(ns)  Path(ns)    Netlist Resource(s)
  -------------------------------------------------------------------    -------------------
    J15                                               0.000     0.000 r  coef_i[0] (IN)
                         net (fo=0)                   0.000     0.000    coef_i[0]
    J15                  IBUF (Prop_ibuf_I_O)         0.172     0.172 r  coef_i_IBUF[0]_inst/O
                         net (fo=42, routed)          0.613     0.786    fir_inst/gen_stages[7].stage_inst/gen_mac_units[0].mac_inst/coeff_i[0]
    DSP48_X1Y20          DSP48E1                                      r  fir_inst/gen_stages[7].stage_inst/gen_mac_units[0].mac_inst/mult_s0/A[0]
  -------------------------------------------------------------------    -------------------

                         (clock sys_clk rise edge)    0.000     0.000 r  
    U14                                               0.000     0.000 r  clk (IN)
                         net (fo=0)                   0.000     0.000    clk
    U14                  IBUF (Prop_ibuf_I_O)         0.464     0.464 r  clk_IBUF_inst/O
                         net (fo=1, routed)           0.683     1.147    clk_IBUF
    BUFGCTRL_X0Y0        BUFG (Prop_bufg_I_O)         0.029     1.176 r  clk_IBUF_BUFG_inst/O
                         net (fo=987, routed)         0.921     2.096    fir_inst/gen_stages[7].stage_inst/gen_mac_units[0].mac_inst/clk_IBUF_BUFG
    DSP48_X1Y20          DSP48E1                                      r  fir_inst/gen_stages[7].stage_inst/gen_mac_units[0].mac_inst/mult_s0/CLK

Slack:                    inf
  Source:                 coef_i[0]
                            (input port)
  Destination:            fir_inst/gen_stages[7].stage_inst/gen_mac_units[0].mac_inst/mult_s_reg/A[0]
                            (rising edge-triggered cell DSP48E1 clocked by sys_clk  {rise@0.000ns fall@4.000ns period=8.000ns})
  Path Group:             (none)
  Path Type:              Hold (Min at Fast Process Corner)
  Data Path Delay:        0.786ns  (logic 0.172ns (21.935%)  route 0.613ns (78.065%))
  Logic Levels:           1  (IBUF=1)
  Clock Path Skew:        2.095ns (DCD - SCD - CPR)
    Destination Clock Delay (DCD):    2.095ns
    Source Clock Delay      (SCD):    0.000ns
    Clock Pessimism Removal (CPR):    -0.000ns

    Location             Delay type                Incr(ns)  Path(ns)    Netlist Resource(s)
  -------------------------------------------------------------------    -------------------
    J15                                               0.000     0.000 r  coef_i[0] (IN)
                         net (fo=0)                   0.000     0.000    coef_i[0]
    J15                  IBUF (Prop_ibuf_I_O)         0.172     0.172 r  coef_i_IBUF[0]_inst/O
                         net (fo=42, routed)          0.613     0.786    fir_inst/gen_stages[7].stage_inst/gen_mac_units[0].mac_inst/coeff_i[0]
    DSP48_X1Y21          DSP48E1                                      r  fir_inst/gen_stages[7].stage_inst/gen_mac_units[0].mac_inst/mult_s_reg/A[0]
  -------------------------------------------------------------------    -------------------

                         (clock sys_clk rise edge)    0.000     0.000 r  
    U14                                               0.000     0.000 r  clk (IN)
                         net (fo=0)                   0.000     0.000    clk
    U14                  IBUF (Prop_ibuf_I_O)         0.464     0.464 r  clk_IBUF_inst/O
                         net (fo=1, routed)           0.683     1.147    clk_IBUF
    BUFGCTRL_X0Y0        BUFG (Prop_bufg_I_O)         0.029     1.176 r  clk_IBUF_BUFG_inst/O
                         net (fo=987, routed)         0.920     2.095    fir_inst/gen_stages[7].stage_inst/gen_mac_units[0].mac_inst/clk_IBUF_BUFG
    DSP48_X1Y21          DSP48E1                                      r  fir_inst/gen_stages[7].stage_inst/gen_mac_units[0].mac_inst/mult_s_reg/CLK

Slack:                    inf
  Source:                 coef_i[14]
                            (input port)
  Destination:            fir_inst/gen_stages[5].stage_inst/gen_mac_units[0].mac_inst/mult_s_reg/A[14]
                            (rising edge-triggered cell DSP48E1 clocked by sys_clk  {rise@0.000ns fall@4.000ns period=8.000ns})
  Path Group:             (none)
  Path Type:              Hold (Min at Fast Process Corner)
  Data Path Delay:        0.797ns  (logic 0.182ns (22.844%)  route 0.615ns (77.156%))
  Logic Levels:           1  (IBUF=1)
  Clock Path Skew:        2.090ns (DCD - SCD - CPR)
    Destination Clock Delay (DCD):    2.090ns
    Source Clock Delay      (SCD):    0.000ns
    Clock Pessimism Removal (CPR):    -0.000ns

    Location             Delay type                Incr(ns)  Path(ns)    Netlist Resource(s)
  -------------------------------------------------------------------    -------------------
    G19                                               0.000     0.000 r  coef_i[14] (IN)
                         net (fo=0)                   0.000     0.000    coef_i[14]
    G19                  IBUF (Prop_ibuf_I_O)         0.182     0.182 r  coef_i_IBUF[14]_inst/O
                         net (fo=42, routed)          0.615     0.797    fir_inst/gen_stages[5].stage_inst/gen_mac_units[0].mac_inst/coeff_i[14]
    DSP48_X1Y25          DSP48E1                                      r  fir_inst/gen_stages[5].stage_inst/gen_mac_units[0].mac_inst/mult_s_reg/A[14]
  -------------------------------------------------------------------    -------------------

                         (clock sys_clk rise edge)    0.000     0.000 r  
    U14                                               0.000     0.000 r  clk (IN)
                         net (fo=0)                   0.000     0.000    clk
    U14                  IBUF (Prop_ibuf_I_O)         0.464     0.464 r  clk_IBUF_inst/O
                         net (fo=1, routed)           0.683     1.147    clk_IBUF
    BUFGCTRL_X0Y0        BUFG (Prop_bufg_I_O)         0.029     1.176 r  clk_IBUF_BUFG_inst/O
                         net (fo=987, routed)         0.915     2.090    fir_inst/gen_stages[5].stage_inst/gen_mac_units[0].mac_inst/clk_IBUF_BUFG
    DSP48_X1Y25          DSP48E1                                      r  fir_inst/gen_stages[5].stage_inst/gen_mac_units[0].mac_inst/mult_s_reg/CLK

Slack:                    inf
  Source:                 coef_i[21]
                            (input port)
  Destination:            fir_inst/gen_stages[3].stage_inst/gen_mac_units[0].mac_inst/mult_s0/A[21]
                            (rising edge-triggered cell DSP48E1 clocked by sys_clk  {rise@0.000ns fall@4.000ns period=8.000ns})
  Path Group:             (none)
  Path Type:              Hold (Min at Fast Process Corner)
  Data Path Delay:        0.802ns  (logic 0.189ns (23.581%)  route 0.613ns (76.419%))
  Logic Levels:           1  (IBUF=1)
  Clock Path Skew:        2.080ns (DCD - SCD - CPR)
    Destination Clock Delay (DCD):    2.080ns
    Source Clock Delay      (SCD):    0.000ns
    Clock Pessimism Removal (CPR):    -0.000ns

    Location             Delay type                Incr(ns)  Path(ns)    Netlist Resource(s)
  -------------------------------------------------------------------    -------------------
    H18                                               0.000     0.000 r  coef_i[21] (IN)
                         net (fo=0)                   0.000     0.000    coef_i[21]
    H18                  IBUF (Prop_ibuf_I_O)         0.189     0.189 r  coef_i_IBUF[21]_inst/O
                         net (fo=42, routed)          0.613     0.802    fir_inst/gen_stages[3].stage_inst/gen_mac_units[0].mac_inst/coeff_i[21]
    DSP48_X1Y29          DSP48E1                                      r  fir_inst/gen_stages[3].stage_inst/gen_mac_units[0].mac_inst/mult_s0/A[21]
  -------------------------------------------------------------------    -------------------

                         (clock sys_clk rise edge)    0.000     0.000 r  
    U14                                               0.000     0.000 r  clk (IN)
                         net (fo=0)                   0.000     0.000    clk
    U14                  IBUF (Prop_ibuf_I_O)         0.464     0.464 r  clk_IBUF_inst/O
                         net (fo=1, routed)           0.683     1.147    clk_IBUF
    BUFGCTRL_X0Y0        BUFG (Prop_bufg_I_O)         0.029     1.176 r  clk_IBUF_BUFG_inst/O
                         net (fo=987, routed)         0.905     2.080    fir_inst/gen_stages[3].stage_inst/gen_mac_units[0].mac_inst/clk_IBUF_BUFG
    DSP48_X1Y29          DSP48E1                                      r  fir_inst/gen_stages[3].stage_inst/gen_mac_units[0].mac_inst/mult_s0/CLK

Slack:                    inf
  Source:                 coef_i[23]
                            (input port)
  Destination:            fir_inst/gen_stages[3].stage_inst/gen_mac_units[0].mac_inst/mult_s0/A[28]
                            (rising edge-triggered cell DSP48E1 clocked by sys_clk  {rise@0.000ns fall@4.000ns period=8.000ns})
  Path Group:             (none)
  Path Type:              Hold (Min at Fast Process Corner)
  Data Path Delay:        0.815ns  (logic 0.173ns (21.195%)  route 0.642ns (78.805%))
  Logic Levels:           1  (IBUF=1)
  Clock Path Skew:        2.080ns (DCD - SCD - CPR)
    Destination Clock Delay (DCD):    2.080ns
    Source Clock Delay      (SCD):    0.000ns
    Clock Pessimism Removal (CPR):    -0.000ns

    Location             Delay type                Incr(ns)  Path(ns)    Netlist Resource(s)
  -------------------------------------------------------------------    -------------------
    H17                                               0.000     0.000 r  coef_i[23] (IN)
                         net (fo=0)                   0.000     0.000    coef_i[23]
    H17                  IBUF (Prop_ibuf_I_O)         0.173     0.173 r  coef_i_IBUF[23]_inst/O
                         net (fo=294, routed)         0.642     0.815    fir_inst/gen_stages[3].stage_inst/gen_mac_units[0].mac_inst/coeff_i[23]
    DSP48_X1Y29          DSP48E1                                      r  fir_inst/gen_stages[3].stage_inst/gen_mac_units[0].mac_inst/mult_s0/A[28]
  -------------------------------------------------------------------    -------------------

                         (clock sys_clk rise edge)    0.000     0.000 r  
    U14                                               0.000     0.000 r  clk (IN)
                         net (fo=0)                   0.000     0.000    clk
    U14                  IBUF (Prop_ibuf_I_O)         0.464     0.464 r  clk_IBUF_inst/O
                         net (fo=1, routed)           0.683     1.147    clk_IBUF
    BUFGCTRL_X0Y0        BUFG (Prop_bufg_I_O)         0.029     1.176 r  clk_IBUF_BUFG_inst/O
                         net (fo=987, routed)         0.905     2.080    fir_inst/gen_stages[3].stage_inst/gen_mac_units[0].mac_inst/clk_IBUF_BUFG
    DSP48_X1Y29          DSP48E1                                      r  fir_inst/gen_stages[3].stage_inst/gen_mac_units[0].mac_inst/mult_s0/CLK

Slack:                    inf
  Source:                 coef_i[23]
                            (input port)
  Destination:            fir_inst/gen_stages[3].stage_inst/gen_mac_units[0].mac_inst/mult_s0/A[29]
                            (rising edge-triggered cell DSP48E1 clocked by sys_clk  {rise@0.000ns fall@4.000ns period=8.000ns})
  Path Group:             (none)
  Path Type:              Hold (Min at Fast Process Corner)
  Data Path Delay:        0.815ns  (logic 0.173ns (21.195%)  route 0.642ns (78.805%))
  Logic Levels:           1  (IBUF=1)
  Clock Path Skew:        2.080ns (DCD - SCD - CPR)
    Destination Clock Delay (DCD):    2.080ns
    Source Clock Delay      (SCD):    0.000ns
    Clock Pessimism Removal (CPR):    -0.000ns

    Location             Delay type                Incr(ns)  Path(ns)    Netlist Resource(s)
  -------------------------------------------------------------------    -------------------
    H17                                               0.000     0.000 r  coef_i[23] (IN)
                         net (fo=0)                   0.000     0.000    coef_i[23]
    H17                  IBUF (Prop_ibuf_I_O)         0.173     0.173 r  coef_i_IBUF[23]_inst/O
                         net (fo=294, routed)         0.642     0.815    fir_inst/gen_stages[3].stage_inst/gen_mac_units[0].mac_inst/coeff_i[23]
    DSP48_X1Y29          DSP48E1                                      r  fir_inst/gen_stages[3].stage_inst/gen_mac_units[0].mac_inst/mult_s0/A[29]
  -------------------------------------------------------------------    -------------------

                         (clock sys_clk rise edge)    0.000     0.000 r  
    U14                                               0.000     0.000 r  clk (IN)
                         net (fo=0)                   0.000     0.000    clk
    U14                  IBUF (Prop_ibuf_I_O)         0.464     0.464 r  clk_IBUF_inst/O
                         net (fo=1, routed)           0.683     1.147    clk_IBUF
    BUFGCTRL_X0Y0        BUFG (Prop_bufg_I_O)         0.029     1.176 r  clk_IBUF_BUFG_inst/O
                         net (fo=987, routed)         0.905     2.080    fir_inst/gen_stages[3].stage_inst/gen_mac_units[0].mac_inst/clk_IBUF_BUFG
    DSP48_X1Y29          DSP48E1                                      r  fir_inst/gen_stages[3].stage_inst/gen_mac_units[0].mac_inst/mult_s0/CLK

Slack:                    inf
  Source:                 coef_i[12]
                            (input port)
  Destination:            fir_inst/gen_stages[5].stage_inst/gen_mac_units[0].mac_inst/mult_s_reg/A[12]
                            (rising edge-triggered cell DSP48E1 clocked by sys_clk  {rise@0.000ns fall@4.000ns period=8.000ns})
  Path Group:             (none)
  Path Type:              Hold (Min at Fast Process Corner)
  Data Path Delay:        0.839ns  (logic 0.175ns (20.839%)  route 0.664ns (79.161%))
  Logic Levels:           1  (IBUF=1)
  Clock Path Skew:        2.090ns (DCD - SCD - CPR)
    Destination Clock Delay (DCD):    2.090ns
    Source Clock Delay      (SCD):    0.000ns
    Clock Pessimism Removal (CPR):    -0.000ns

    Location             Delay type                Incr(ns)  Path(ns)    Netlist Resource(s)
  -------------------------------------------------------------------    -------------------
    H15                                               0.000     0.000 r  coef_i[12] (IN)
                         net (fo=0)                   0.000     0.000    coef_i[12]
    H15                  IBUF (Prop_ibuf_I_O)         0.175     0.175 r  coef_i_IBUF[12]_inst/O
                         net (fo=42, routed)          0.664     0.839    fir_inst/gen_stages[5].stage_inst/gen_mac_units[0].mac_inst/coeff_i[12]
    DSP48_X1Y25          DSP48E1                                      r  fir_inst/gen_stages[5].stage_inst/gen_mac_units[0].mac_inst/mult_s_reg/A[12]
  -------------------------------------------------------------------    -------------------

                         (clock sys_clk rise edge)    0.000     0.000 r  
    U14                                               0.000     0.000 r  clk (IN)
                         net (fo=0)                   0.000     0.000    clk
    U14                  IBUF (Prop_ibuf_I_O)         0.464     0.464 r  clk_IBUF_inst/O
                         net (fo=1, routed)           0.683     1.147    clk_IBUF
    BUFGCTRL_X0Y0        BUFG (Prop_bufg_I_O)         0.029     1.176 r  clk_IBUF_BUFG_inst/O
                         net (fo=987, routed)         0.915     2.090    fir_inst/gen_stages[5].stage_inst/gen_mac_units[0].mac_inst/clk_IBUF_BUFG
    DSP48_X1Y25          DSP48E1                                      r  fir_inst/gen_stages[5].stage_inst/gen_mac_units[0].mac_inst/mult_s_reg/CLK

Slack:                    inf
  Source:                 coef_i[11]
                            (input port)
  Destination:            fir_inst/gen_stages[5].stage_inst/gen_mac_units[0].mac_inst/mult_s0/A[11]
                            (rising edge-triggered cell DSP48E1 clocked by sys_clk  {rise@0.000ns fall@4.000ns period=8.000ns})
  Path Group:             (none)
  Path Type:              Hold (Min at Fast Process Corner)
  Data Path Delay:        0.842ns  (logic 0.166ns (19.780%)  route 0.675ns (80.220%))
  Logic Levels:           1  (IBUF=1)
  Clock Path Skew:        2.093ns (DCD - SCD - CPR)
    Destination Clock Delay (DCD):    2.093ns
    Source Clock Delay      (SCD):    0.000ns
    Clock Pessimism Removal (CPR):    -0.000ns

    Location             Delay type                Incr(ns)  Path(ns)    Netlist Resource(s)
  -------------------------------------------------------------------    -------------------
    G15                                               0.000     0.000 r  coef_i[11] (IN)
                         net (fo=0)                   0.000     0.000    coef_i[11]
    G15                  IBUF (Prop_ibuf_I_O)         0.166     0.166 r  coef_i_IBUF[11]_inst/O
                         net (fo=42, routed)          0.675     0.842    fir_inst/gen_stages[5].stage_inst/gen_mac_units[0].mac_inst/coeff_i[11]
    DSP48_X1Y24          DSP48E1                                      r  fir_inst/gen_stages[5].stage_inst/gen_mac_units[0].mac_inst/mult_s0/A[11]
  -------------------------------------------------------------------    -------------------

                         (clock sys_clk rise edge)    0.000     0.000 r  
    U14                                               0.000     0.000 r  clk (IN)
                         net (fo=0)                   0.000     0.000    clk
    U14                  IBUF (Prop_ibuf_I_O)         0.464     0.464 r  clk_IBUF_inst/O
                         net (fo=1, routed)           0.683     1.147    clk_IBUF
    BUFGCTRL_X0Y0        BUFG (Prop_bufg_I_O)         0.029     1.176 r  clk_IBUF_BUFG_inst/O
                         net (fo=987, routed)         0.918     2.093    fir_inst/gen_stages[5].stage_inst/gen_mac_units[0].mac_inst/clk_IBUF_BUFG
    DSP48_X1Y24          DSP48E1                                      r  fir_inst/gen_stages[5].stage_inst/gen_mac_units[0].mac_inst/mult_s0/CLK

Slack:                    inf
  Source:                 coef_i[11]
                            (input port)
  Destination:            fir_inst/gen_stages[5].stage_inst/gen_mac_units[0].mac_inst/mult_s_reg/A[11]
                            (rising edge-triggered cell DSP48E1 clocked by sys_clk  {rise@0.000ns fall@4.000ns period=8.000ns})
  Path Group:             (none)
  Path Type:              Hold (Min at Fast Process Corner)
  Data Path Delay:        0.842ns  (logic 0.166ns (19.780%)  route 0.675ns (80.220%))
  Logic Levels:           1  (IBUF=1)
  Clock Path Skew:        2.090ns (DCD - SCD - CPR)
    Destination Clock Delay (DCD):    2.090ns
    Source Clock Delay      (SCD):    0.000ns
    Clock Pessimism Removal (CPR):    -0.000ns

    Location             Delay type                Incr(ns)  Path(ns)    Netlist Resource(s)
  -------------------------------------------------------------------    -------------------
    G15                                               0.000     0.000 r  coef_i[11] (IN)
                         net (fo=0)                   0.000     0.000    coef_i[11]
    G15                  IBUF (Prop_ibuf_I_O)         0.166     0.166 r  coef_i_IBUF[11]_inst/O
                         net (fo=42, routed)          0.675     0.842    fir_inst/gen_stages[5].stage_inst/gen_mac_units[0].mac_inst/coeff_i[11]
    DSP48_X1Y25          DSP48E1                                      r  fir_inst/gen_stages[5].stage_inst/gen_mac_units[0].mac_inst/mult_s_reg/A[11]
  -------------------------------------------------------------------    -------------------

                         (clock sys_clk rise edge)    0.000     0.000 r  
    U14                                               0.000     0.000 r  clk (IN)
                         net (fo=0)                   0.000     0.000    clk
    U14                  IBUF (Prop_ibuf_I_O)         0.464     0.464 r  clk_IBUF_inst/O
                         net (fo=1, routed)           0.683     1.147    clk_IBUF
    BUFGCTRL_X0Y0        BUFG (Prop_bufg_I_O)         0.029     1.176 r  clk_IBUF_BUFG_inst/O
                         net (fo=987, routed)         0.915     2.090    fir_inst/gen_stages[5].stage_inst/gen_mac_units[0].mac_inst/clk_IBUF_BUFG
    DSP48_X1Y25          DSP48E1                                      r  fir_inst/gen_stages[5].stage_inst/gen_mac_units[0].mac_inst/mult_s_reg/CLK





