Copyright 1986-2022 Xilinx, Inc. All Rights Reserved. Copyright 2022-2024 Advanced Micro Devices, Inc. All Rights Reserved.
------------------------------------------------------------------------------------------------------------------------------------------------------------------------------------------------------------------------------
| Tool Version : Vivado v.2024.1 (win64) Build 5076996 Wed May 22 18:37:14 MDT 2024
| Date         : Sun Sep 20 21:00:50 2026
| Host         : DESKTOP-UPFCS1D running 64-bit major release  (build 9200)
| Command      : report_timing_summary -max_paths 10 -report_unconstrained -file axi_wrapper_timing_summary_routed.rpt -pb axi_wrapper_timing_summary_routed.pb -rpx axi_wrapper_timing_summary_routed.rpx -warn_on_violation
| Design       : axi_wrapper
| Device       : 7z010-clg400
| Speed File   : -1  PRODUCTION 1.12 2019-11-22
| Design State : Routed
------------------------------------------------------------------------------------------------------------------------------------------------------------------------------------------------------------------------------

Timing Summary Report

------------------------------------------------------------------------------------------------
| Timer Settings
| --------------
------------------------------------------------------------------------------------------------

  Enable Multi Corner Analysis               :  Yes
  Enable Pessimism Removal                   :  Yes
  Pessimism Removal Resolution               :  Nearest Common Node
  Enable Input Delay Default Clock           :  No
  Enable Preset / Clear Arcs                 :  No
  Disable Flight Delays                      :  No
  Ignore I/O Paths                           :  No
  Timing Early Launch at Borrowing Latches   :  No
  Borrow Time for Max Delay Exceptions       :  Yes
  Merge Timing Exceptions                    :  Yes
  Inter-SLR Compensation                     :  Conservative

  Corner  Analyze    Analyze    
  Name    Max Paths  Min Paths  
  ------  ---------  ---------  
  Slow    Yes        Yes        
  Fast    Yes        Yes        


------------------------------------------------------------------------------------------------
| Report Methodology
| ------------------
------------------------------------------------------------------------------------------------

Rule       Severity  Description                    Violations  
---------  --------  -----------------------------  ----------  
TIMING-18  Warning   Missing input or output delay  85          

Note: This report is based on the most recent report_methodology run and may not be up-to-date. Run report_methodology on the current design for the latest report.



check_timing report

Table of Contents
-----------------
1. checking no_clock (0)
2. checking constant_clock (0)
3. checking pulse_width_clock (0)
4. checking unconstrained_internal_endpoints (0)
5. checking no_input_delay (58)
6. checking no_output_delay (27)
7. checking multiple_clock (0)
8. checking generated_clocks (0)
9. checking loops (0)
10. checking partial_input_delay (0)
11. checking partial_output_delay (0)
12. checking latch_loops (0)

1. checking no_clock (0)
------------------------
 There are 0 register/latch pins with no clock.


2. checking constant_clock (0)
------------------------------
 There are 0 register/latch pins with constant_clock.


3. checking pulse_width_clock (0)
---------------------------------
 There are 0 register/latch pins which need pulse_width check


4. checking unconstrained_internal_endpoints (0)
------------------------------------------------
 There are 0 pins that are not constrained for maximum delay.

 There are 0 pins that are not constrained for maximum delay due to constant clock.


5. checking no_input_delay (58)
-------------------------------
 There are 58 input ports with no input delay specified. (HIGH)

 There are 0 input ports with no input delay but user has a false path constraint.


6. checking no_output_delay (27)
--------------------------------
 There are 27 ports with no output delay specified. (HIGH)

 There are 0 ports with no output delay but user has a false path constraint

 There are 0 ports with no output delay but with a timing clock defined on it or propagating through it


7. checking multiple_clock (0)
------------------------------
 There are 0 register/latch pins with multiple clocks.


8. checking generated_clocks (0)
--------------------------------
 There are 0 generated clocks that are not connected to a clock source.


9. checking loops (0)
---------------------
 There are 0 combinational loops in the design.


10. checking partial_input_delay (0)
------------------------------------
 There are 0 input ports with partial input delay specified.


11. checking partial_output_delay (0)
-------------------------------------
 There are 0 ports with partial output delay specified.


12. checking latch_loops (0)
----------------------------
 There are 0 combinational latch loops in the design through latch input



------------------------------------------------------------------------------------------------
| Design Timing Summary
| ---------------------
------------------------------------------------------------------------------------------------

    WNS(ns)      TNS(ns)  TNS Failing Endpoints  TNS Total Endpoints      WHS(ns)      THS(ns)  THS Failing Endpoints  THS Total Endpoints     WPWS(ns)     TPWS(ns)  TPWS Failing Endpoints  TPWS Total Endpoints  
    -------      -------  ---------------------  -------------------      -------      -------  ---------------------  -------------------     --------     --------  ----------------------  --------------------  
      1.647        0.000                      0                 7369        0.062        0.000                      0                 7369        2.750        0.000                       0                  1569  


All user specified timing constraints are met.


------------------------------------------------------------------------------------------------
| Clock Summary
| -------------
------------------------------------------------------------------------------------------------

Clock    Waveform(ns)         Period(ns)      Frequency(MHz)
-----    ------------         ----------      --------------
sys_clk  {0.000 4.000}        8.000           125.000         


------------------------------------------------------------------------------------------------
| Intra Clock Table
| -----------------
------------------------------------------------------------------------------------------------

Clock             WNS(ns)      TNS(ns)  TNS Failing Endpoints  TNS Total Endpoints      WHS(ns)      THS(ns)  THS Failing Endpoints  THS Total Endpoints     WPWS(ns)     TPWS(ns)  TPWS Failing Endpoints  TPWS Total Endpoints  
-----             -------      -------  ---------------------  -------------------      -------      -------  ---------------------  -------------------     --------     --------  ----------------------  --------------------  
sys_clk             1.647        0.000                      0                 7369        0.062        0.000                      0                 7369        2.750        0.000                       0                  1569  


------------------------------------------------------------------------------------------------
| Inter Clock Table
| -----------------
------------------------------------------------------------------------------------------------

From Clock    To Clock          WNS(ns)      TNS(ns)  TNS Failing Endpoints  TNS Total Endpoints      WHS(ns)      THS(ns)  THS Failing Endpoints  THS Total Endpoints  
----------    --------          -------      -------  ---------------------  -------------------      -------      -------  ---------------------  -------------------  


------------------------------------------------------------------------------------------------
| Other Path Groups Table
| -----------------------
------------------------------------------------------------------------------------------------

Path Group    From Clock    To Clock          WNS(ns)      TNS(ns)  TNS Failing Endpoints  TNS Total Endpoints      WHS(ns)      THS(ns)  THS Failing Endpoints  THS Total Endpoints  
----------    ----------    --------          -------      -------  ---------------------  -------------------      -------      -------  ---------------------  -------------------  


------------------------------------------------------------------------------------------------
| User Ignored Path Table
| -----------------------
------------------------------------------------------------------------------------------------

Path Group    From Clock    To Clock    
----------    ----------    --------    


------------------------------------------------------------------------------------------------
| Unconstrained Path Table
| ------------------------
------------------------------------------------------------------------------------------------

Path Group    From Clock    To Clock    
----------    ----------    --------    
(none)        sys_clk                     
(none)                      sys_clk       


------------------------------------------------------------------------------------------------
| Timing Details
| --------------
------------------------------------------------------------------------------------------------


---------------------------------------------------------------------------------------------------
From Clock:  sys_clk
  To Clock:  sys_clk

Setup :            0  Failing Endpoints,  Worst Slack        1.647ns,  Total Violation        0.000ns
Hold  :            0  Failing Endpoints,  Worst Slack        0.062ns,  Total Violation        0.000ns
PW    :            0  Failing Endpoints,  Worst Slack        2.750ns,  Total Violation        0.000ns
---------------------------------------------------------------------------------------------------


Max Delay Paths
--------------------------------------------------------------------------------------
Slack (MET) :             1.647ns  (required time - arrival time)
  Source:                 fir_inst/last_shift_reg[24]/C
                            (rising edge-triggered cell FDRE clocked by sys_clk  {rise@0.000ns fall@4.000ns period=8.000ns})
  Destination:            fir_inst/gen_stages[3].stage_inst/gen_mac_units[0].mac_inst/mult_s_reg/CEB2
                            (rising edge-triggered cell DSP48E1 clocked by sys_clk  {rise@0.000ns fall@4.000ns period=8.000ns})
  Path Group:             sys_clk
  Path Type:              Setup (Max at Slow Process Corner)
  Requirement:            8.000ns  (sys_clk rise@8.000ns - sys_clk rise@0.000ns)
  Data Path Delay:        5.712ns  (logic 1.027ns (17.978%)  route 4.685ns (82.022%))
  Logic Levels:           3  (LUT4=1 LUT5=1 LUT6=1)
  Clock Path Skew:        -0.091ns (DCD - SCD + CPR)
    Destination Clock Delay (DCD):    4.464ns = ( 12.464 - 8.000 ) 
    Source Clock Delay      (SCD):    4.895ns
    Clock Pessimism Removal (CPR):    0.340ns
  Clock Uncertainty:      0.035ns  ((TSJ^2 + TIJ^2)^1/2 + DJ) / 2 + PE
    Total System Jitter     (TSJ):    0.071ns
    Total Input Jitter      (TIJ):    0.000ns
    Discrete Jitter          (DJ):    0.000ns
    Phase Error              (PE):    0.000ns

    Location             Delay type                Incr(ns)  Path(ns)    Netlist Resource(s)
  -------------------------------------------------------------------    -------------------
                         (clock sys_clk rise edge)    0.000     0.000 r  
    U14                                               0.000     0.000 r  clk (IN)
                         net (fo=0)                   0.000     0.000    clk
    U14                  IBUF (Prop_ibuf_I_O)         1.046     1.046 r  clk_IBUF_inst/O
                         net (fo=1, routed)           2.076     3.122    clk_IBUF
    BUFGCTRL_X0Y0        BUFG (Prop_bufg_I_O)         0.101     3.223 r  clk_IBUF_BUFG_inst/O
                         net (fo=1568, routed)        1.672     4.895    fir_inst/clk_IBUF_BUFG
    SLICE_X28Y40         FDRE                                         r  fir_inst/last_shift_reg[24]/C
  -------------------------------------------------------------------    -------------------
    SLICE_X28Y40         FDRE (Prop_fdre_C_Q)         0.478     5.373 r  fir_inst/last_shift_reg[24]/Q
                         net (fo=3, routed)           0.893     6.266    fir_inst/out_fifo_din[24]
    SLICE_X28Y40         LUT6 (Prop_lut6_I1_O)        0.301     6.567 r  fir_inst/mult_s0_i_23/O
                         net (fo=1, routed)           0.579     7.147    fir_inst/mult_s0_i_23_n_0
    SLICE_X27Y40         LUT5 (Prop_lut5_I1_O)        0.124     7.271 r  fir_inst/mult_s0_i_21/O
                         net (fo=33, routed)          0.655     7.926    in_fifo_inst/flush_pipeline
    SLICE_X29Y39         LUT4 (Prop_lut4_I1_O)        0.124     8.050 r  in_fifo_inst/mult_s0_i_1/O
                         net (fo=1121, routed)        2.557    10.607    fir_inst/gen_stages[3].stage_inst/gen_mac_units[0].mac_inst/p_3_in
    DSP48_X0Y34          DSP48E1                                      r  fir_inst/gen_stages[3].stage_inst/gen_mac_units[0].mac_inst/mult_s_reg/CEB2
  -------------------------------------------------------------------    -------------------

                         (clock sys_clk rise edge)    8.000     8.000 r  
    U14                                               0.000     8.000 r  clk (IN)
                         net (fo=0)                   0.000     8.000    clk
    U14                  IBUF (Prop_ibuf_I_O)         0.912     8.912 r  clk_IBUF_inst/O
                         net (fo=1, routed)           1.880    10.792    clk_IBUF
    BUFGCTRL_X0Y0        BUFG (Prop_bufg_I_O)         0.091    10.883 r  clk_IBUF_BUFG_inst/O
                         net (fo=1568, routed)        1.581    12.464    fir_inst/gen_stages[3].stage_inst/gen_mac_units[0].mac_inst/clk_IBUF_BUFG
    DSP48_X0Y34          DSP48E1                                      r  fir_inst/gen_stages[3].stage_inst/gen_mac_units[0].mac_inst/mult_s_reg/CLK
                         clock pessimism              0.340    12.804    
                         clock uncertainty           -0.035    12.769    
    DSP48_X0Y34          DSP48E1 (Setup_dsp48e1_CLK_CEB2)
                                                     -0.514    12.255    fir_inst/gen_stages[3].stage_inst/gen_mac_units[0].mac_inst/mult_s_reg
  -------------------------------------------------------------------
                         required time                         12.255    
                         arrival time                         -10.607    
  -------------------------------------------------------------------
                         slack                                  1.647    

Slack (MET) :             1.664ns  (required time - arrival time)
  Source:                 fir_inst/last_shift_reg[24]/C
                            (rising edge-triggered cell FDRE clocked by sys_clk  {rise@0.000ns fall@4.000ns period=8.000ns})
  Destination:            fir_inst/gen_stages[3].stage_inst/gen_mac_units[0].mac_inst/mult_s_reg/CEA2
                            (rising edge-triggered cell DSP48E1 clocked by sys_clk  {rise@0.000ns fall@4.000ns period=8.000ns})
  Path Group:             sys_clk
  Path Type:              Setup (Max at Slow Process Corner)
  Requirement:            8.000ns  (sys_clk rise@8.000ns - sys_clk rise@0.000ns)
  Data Path Delay:        5.712ns  (logic 1.027ns (17.978%)  route 4.685ns (82.022%))
  Logic Levels:           3  (LUT4=1 LUT5=1 LUT6=1)
  Clock Path Skew:        -0.091ns (DCD - SCD + CPR)
    Destination Clock Delay (DCD):    4.464ns = ( 12.464 - 8.000 ) 
    Source Clock Delay      (SCD):    4.895ns
    Clock Pessimism Removal (CPR):    0.340ns
  Clock Uncertainty:      0.035ns  ((TSJ^2 + TIJ^2)^1/2 + DJ) / 2 + PE
    Total System Jitter     (TSJ):    0.071ns
    Total Input Jitter      (TIJ):    0.000ns
    Discrete Jitter          (DJ):    0.000ns
    Phase Error              (PE):    0.000ns

    Location             Delay type                Incr(ns)  Path(ns)    Netlist Resource(s)
  -------------------------------------------------------------------    -------------------
                         (clock sys_clk rise edge)    0.000     0.000 r  
    U14                                               0.000     0.000 r  clk (IN)
                         net (fo=0)                   0.000     0.000    clk
    U14                  IBUF (Prop_ibuf_I_O)         1.046     1.046 r  clk_IBUF_inst/O
                         net (fo=1, routed)           2.076     3.122    clk_IBUF
    BUFGCTRL_X0Y0        BUFG (Prop_bufg_I_O)         0.101     3.223 r  clk_IBUF_BUFG_inst/O
                         net (fo=1568, routed)        1.672     4.895    fir_inst/clk_IBUF_BUFG
    SLICE_X28Y40         FDRE                                         r  fir_inst/last_shift_reg[24]/C
  -------------------------------------------------------------------    -------------------
    SLICE_X28Y40         FDRE (Prop_fdre_C_Q)         0.478     5.373 r  fir_inst/last_shift_reg[24]/Q
                         net (fo=3, routed)           0.893     6.266    fir_inst/out_fifo_din[24]
    SLICE_X28Y40         LUT6 (Prop_lut6_I1_O)        0.301     6.567 r  fir_inst/mult_s0_i_23/O
                         net (fo=1, routed)           0.579     7.147    fir_inst/mult_s0_i_23_n_0
    SLICE_X27Y40         LUT5 (Prop_lut5_I1_O)        0.124     7.271 r  fir_inst/mult_s0_i_21/O
                         net (fo=33, routed)          0.655     7.926    in_fifo_inst/flush_pipeline
    SLICE_X29Y39         LUT4 (Prop_lut4_I1_O)        0.124     8.050 r  in_fifo_inst/mult_s0_i_1/O
                         net (fo=1121, routed)        2.557    10.607    fir_inst/gen_stages[3].stage_inst/gen_mac_units[0].mac_inst/p_3_in
    DSP48_X0Y34          DSP48E1                                      r  fir_inst/gen_stages[3].stage_inst/gen_mac_units[0].mac_inst/mult_s_reg/CEA2
  -------------------------------------------------------------------    -------------------

                         (clock sys_clk rise edge)    8.000     8.000 r  
    U14                                               0.000     8.000 r  clk (IN)
                         net (fo=0)                   0.000     8.000    clk
    U14                  IBUF (Prop_ibuf_I_O)         0.912     8.912 r  clk_IBUF_inst/O
                         net (fo=1, routed)           1.880    10.792    clk_IBUF
    BUFGCTRL_X0Y0        BUFG (Prop_bufg_I_O)         0.091    10.883 r  clk_IBUF_BUFG_inst/O
                         net (fo=1568, routed)        1.581    12.464    fir_inst/gen_stages[3].stage_inst/gen_mac_units[0].mac_inst/clk_IBUF_BUFG
    DSP48_X0Y34          DSP48E1                                      r  fir_inst/gen_stages[3].stage_inst/gen_mac_units[0].mac_inst/mult_s_reg/CLK
                         clock pessimism              0.340    12.804    
                         clock uncertainty           -0.035    12.769    
    DSP48_X0Y34          DSP48E1 (Setup_dsp48e1_CLK_CEA2)
                                                     -0.497    12.272    fir_inst/gen_stages[3].stage_inst/gen_mac_units[0].mac_inst/mult_s_reg
  -------------------------------------------------------------------
                         required time                         12.272    
                         arrival time                         -10.607    
  -------------------------------------------------------------------
                         slack                                  1.664    

Slack (MET) :             1.672ns  (required time - arrival time)
  Source:                 fir_inst/last_shift_reg[24]/C
                            (rising edge-triggered cell FDRE clocked by sys_clk  {rise@0.000ns fall@4.000ns period=8.000ns})
  Destination:            fir_inst/gen_stages[3].stage_inst/gen_mac_units[0].mac_inst/mult_s0/CEA2
                            (rising edge-triggered cell DSP48E1 clocked by sys_clk  {rise@0.000ns fall@4.000ns period=8.000ns})
  Path Group:             sys_clk
  Path Type:              Setup (Max at Slow Process Corner)
  Requirement:            8.000ns  (sys_clk rise@8.000ns - sys_clk rise@0.000ns)
  Data Path Delay:        5.703ns  (logic 1.027ns (18.008%)  route 4.676ns (81.992%))
  Logic Levels:           3  (LUT4=1 LUT5=1 LUT6=1)
  Clock Path Skew:        -0.093ns (DCD - SCD + CPR)
    Destination Clock Delay (DCD):    4.462ns = ( 12.462 - 8.000 ) 
    Source Clock Delay      (SCD):    4.895ns
    Clock Pessimism Removal (CPR):    0.340ns
  Clock Uncertainty:      0.035ns  ((TSJ^2 + TIJ^2)^1/2 + DJ) / 2 + PE
    Total System Jitter     (TSJ):    0.071ns
    Total Input Jitter      (TIJ):    0.000ns
    Discrete Jitter          (DJ):    0.000ns
    Phase Error              (PE):    0.000ns

    Location             Delay type                Incr(ns)  Path(ns)    Netlist Resource(s)
  -------------------------------------------------------------------    -------------------
                         (clock sys_clk rise edge)    0.000     0.000 r  
    U14                                               0.000     0.000 r  clk (IN)
                         net (fo=0)                   0.000     0.000    clk
    U14                  IBUF (Prop_ibuf_I_O)         1.046     1.046 r  clk_IBUF_inst/O
                         net (fo=1, routed)           2.076     3.122    clk_IBUF
    BUFGCTRL_X0Y0        BUFG (Prop_bufg_I_O)         0.101     3.223 r  clk_IBUF_BUFG_inst/O
                         net (fo=1568, routed)        1.672     4.895    fir_inst/clk_IBUF_BUFG
    SLICE_X28Y40         FDRE                                         r  fir_inst/last_shift_reg[24]/C
  -------------------------------------------------------------------    -------------------
    SLICE_X28Y40         FDRE (Prop_fdre_C_Q)         0.478     5.373 r  fir_inst/last_shift_reg[24]/Q
                         net (fo=3, routed)           0.893     6.266    fir_inst/out_fifo_din[24]
    SLICE_X28Y40         LUT6 (Prop_lut6_I1_O)        0.301     6.567 r  fir_inst/mult_s0_i_23/O
                         net (fo=1, routed)           0.579     7.147    fir_inst/mult_s0_i_23_n_0
    SLICE_X27Y40         LUT5 (Prop_lut5_I1_O)        0.124     7.271 r  fir_inst/mult_s0_i_21/O
                         net (fo=33, routed)          0.655     7.926    in_fifo_inst/flush_pipeline
    SLICE_X29Y39         LUT4 (Prop_lut4_I1_O)        0.124     8.050 r  in_fifo_inst/mult_s0_i_1/O
                         net (fo=1121, routed)        2.548    10.598    fir_inst/gen_stages[3].stage_inst/gen_mac_units[0].mac_inst/p_3_in
    DSP48_X0Y33          DSP48E1                                      r  fir_inst/gen_stages[3].stage_inst/gen_mac_units[0].mac_inst/mult_s0/CEA2
  -------------------------------------------------------------------    -------------------

                         (clock sys_clk rise edge)    8.000     8.000 r  
    U14                                               0.000     8.000 r  clk (IN)
                         net (fo=0)                   0.000     8.000    clk
    U14                  IBUF (Prop_ibuf_I_O)         0.912     8.912 r  clk_IBUF_inst/O
                         net (fo=1, routed)           1.880    10.792    clk_IBUF
    BUFGCTRL_X0Y0        BUFG (Prop_bufg_I_O)         0.091    10.883 r  clk_IBUF_BUFG_inst/O
                         net (fo=1568, routed)        1.579    12.462    fir_inst/gen_stages[3].stage_inst/gen_mac_units[0].mac_inst/clk_IBUF_BUFG
    DSP48_X0Y33          DSP48E1                                      r  fir_inst/gen_stages[3].stage_inst/gen_mac_units[0].mac_inst/mult_s0/CLK
                         clock pessimism              0.340    12.802    
                         clock uncertainty           -0.035    12.767    
    DSP48_X0Y33          DSP48E1 (Setup_dsp48e1_CLK_CEA2)
                                                     -0.497    12.270    fir_inst/gen_stages[3].stage_inst/gen_mac_units[0].mac_inst/mult_s0
  -------------------------------------------------------------------
                         required time                         12.270    
                         arrival time                         -10.598    
  -------------------------------------------------------------------
                         slack                                  1.672    

Slack (MET) :             1.716ns  (required time - arrival time)
  Source:                 fir_inst/last_shift_reg[24]/C
                            (rising edge-triggered cell FDRE clocked by sys_clk  {rise@0.000ns fall@4.000ns period=8.000ns})
  Destination:            fir_inst/gen_stages[3].stage_inst/gen_mac_units[0].mac_inst/mult_s_reg/CEP
                            (rising edge-triggered cell DSP48E1 clocked by sys_clk  {rise@0.000ns fall@4.000ns period=8.000ns})
  Path Group:             sys_clk
  Path Type:              Setup (Max at Slow Process Corner)
  Requirement:            8.000ns  (sys_clk rise@8.000ns - sys_clk rise@0.000ns)
  Data Path Delay:        5.633ns  (logic 1.027ns (18.231%)  route 4.606ns (81.769%))
  Logic Levels:           3  (LUT4=1 LUT5=1 LUT6=1)
  Clock Path Skew:        -0.091ns (DCD - SCD + CPR)
    Destination Clock Delay (DCD):    4.464ns = ( 12.464 - 8.000 ) 
    Source Clock Delay      (SCD):    4.895ns
    Clock Pessimism Removal (CPR):    0.340ns
  Clock Uncertainty:      0.035ns  ((TSJ^2 + TIJ^2)^1/2 + DJ) / 2 + PE
    Total System Jitter     (TSJ):    0.071ns
    Total Input Jitter      (TIJ):    0.000ns
    Discrete Jitter          (DJ):    0.000ns
    Phase Error              (PE):    0.000ns

    Location             Delay type                Incr(ns)  Path(ns)    Netlist Resource(s)
  -------------------------------------------------------------------    -------------------
                         (clock sys_clk rise edge)    0.000     0.000 r  
    U14                                               0.000     0.000 r  clk (IN)
                         net (fo=0)                   0.000     0.000    clk
    U14                  IBUF (Prop_ibuf_I_O)         1.046     1.046 r  clk_IBUF_inst/O
                         net (fo=1, routed)           2.076     3.122    clk_IBUF
    BUFGCTRL_X0Y0        BUFG (Prop_bufg_I_O)         0.101     3.223 r  clk_IBUF_BUFG_inst/O
                         net (fo=1568, routed)        1.672     4.895    fir_inst/clk_IBUF_BUFG
    SLICE_X28Y40         FDRE                                         r  fir_inst/last_shift_reg[24]/C
  -------------------------------------------------------------------    -------------------
    SLICE_X28Y40         FDRE (Prop_fdre_C_Q)         0.478     5.373 r  fir_inst/last_shift_reg[24]/Q
                         net (fo=3, routed)           0.893     6.266    fir_inst/out_fifo_din[24]
    SLICE_X28Y40         LUT6 (Prop_lut6_I1_O)        0.301     6.567 r  fir_inst/mult_s0_i_23/O
                         net (fo=1, routed)           0.579     7.147    fir_inst/mult_s0_i_23_n_0
    SLICE_X27Y40         LUT5 (Prop_lut5_I1_O)        0.124     7.271 r  fir_inst/mult_s0_i_21/O
                         net (fo=33, routed)          0.655     7.926    in_fifo_inst/flush_pipeline
    SLICE_X29Y39         LUT4 (Prop_lut4_I1_O)        0.124     8.050 r  in_fifo_inst/mult_s0_i_1/O
                         net (fo=1121, routed)        2.478    10.528    fir_inst/gen_stages[3].stage_inst/gen_mac_units[0].mac_inst/p_3_in
    DSP48_X0Y34          DSP48E1                                      r  fir_inst/gen_stages[3].stage_inst/gen_mac_units[0].mac_inst/mult_s_reg/CEP
  -------------------------------------------------------------------    -------------------

                         (clock sys_clk rise edge)    8.000     8.000 r  
    U14                                               0.000     8.000 r  clk (IN)
                         net (fo=0)                   0.000     8.000    clk
    U14                  IBUF (Prop_ibuf_I_O)         0.912     8.912 r  clk_IBUF_inst/O
                         net (fo=1, routed)           1.880    10.792    clk_IBUF
    BUFGCTRL_X0Y0        BUFG (Prop_bufg_I_O)         0.091    10.883 r  clk_IBUF_BUFG_inst/O
                         net (fo=1568, routed)        1.581    12.464    fir_inst/gen_stages[3].stage_inst/gen_mac_units[0].mac_inst/clk_IBUF_BUFG
    DSP48_X0Y34          DSP48E1                                      r  fir_inst/gen_stages[3].stage_inst/gen_mac_units[0].mac_inst/mult_s_reg/CLK
                         clock pessimism              0.340    12.804    
                         clock uncertainty           -0.035    12.769    
    DSP48_X0Y34          DSP48E1 (Setup_dsp48e1_CLK_CEP)
                                                     -0.524    12.245    fir_inst/gen_stages[3].stage_inst/gen_mac_units[0].mac_inst/mult_s_reg
  -------------------------------------------------------------------
                         required time                         12.245    
                         arrival time                         -10.528    
  -------------------------------------------------------------------
                         slack                                  1.716    

Slack (MET) :             1.755ns  (required time - arrival time)
  Source:                 fir_inst/last_shift_reg[24]/C
                            (rising edge-triggered cell FDRE clocked by sys_clk  {rise@0.000ns fall@4.000ns period=8.000ns})
  Destination:            fir_inst/gen_stages[3].stage_inst/gen_mac_units[0].mac_inst/mult_s0/CEB1
                            (rising edge-triggered cell DSP48E1 clocked by sys_clk  {rise@0.000ns fall@4.000ns period=8.000ns})
  Path Group:             sys_clk
  Path Type:              Setup (Max at Slow Process Corner)
  Requirement:            8.000ns  (sys_clk rise@8.000ns - sys_clk rise@0.000ns)
  Data Path Delay:        5.603ns  (logic 1.027ns (18.329%)  route 4.576ns (81.671%))
  Logic Levels:           3  (LUT4=1 LUT5=1 LUT6=1)
  Clock Path Skew:        -0.093ns (DCD - SCD + CPR)
    Destination Clock Delay (DCD):    4.462ns = ( 12.462 - 8.000 ) 
    Source Clock Delay      (SCD):    4.895ns
    Clock Pessimism Removal (CPR):    0.340ns
  Clock Uncertainty:      0.035ns  ((TSJ^2 + TIJ^2)^1/2 + DJ) / 2 + PE
    Total System Jitter     (TSJ):    0.071ns
    Total Input Jitter      (TIJ):    0.000ns
    Discrete Jitter          (DJ):    0.000ns
    Phase Error              (PE):    0.000ns

    Location             Delay type                Incr(ns)  Path(ns)    Netlist Resource(s)
  -------------------------------------------------------------------    -------------------
                         (clock sys_clk rise edge)    0.000     0.000 r  
    U14                                               0.000     0.000 r  clk (IN)
                         net (fo=0)                   0.000     0.000    clk
    U14                  IBUF (Prop_ibuf_I_O)         1.046     1.046 r  clk_IBUF_inst/O
                         net (fo=1, routed)           2.076     3.122    clk_IBUF
    BUFGCTRL_X0Y0        BUFG (Prop_bufg_I_O)         0.101     3.223 r  clk_IBUF_BUFG_inst/O
                         net (fo=1568, routed)        1.672     4.895    fir_inst/clk_IBUF_BUFG
    SLICE_X28Y40         FDRE                                         r  fir_inst/last_shift_reg[24]/C
  -------------------------------------------------------------------    -------------------
    SLICE_X28Y40         FDRE (Prop_fdre_C_Q)         0.478     5.373 r  fir_inst/last_shift_reg[24]/Q
                         net (fo=3, routed)           0.893     6.266    fir_inst/out_fifo_din[24]
    SLICE_X28Y40         LUT6 (Prop_lut6_I1_O)        0.301     6.567 r  fir_inst/mult_s0_i_23/O
                         net (fo=1, routed)           0.579     7.147    fir_inst/mult_s0_i_23_n_0
    SLICE_X27Y40         LUT5 (Prop_lut5_I1_O)        0.124     7.271 r  fir_inst/mult_s0_i_21/O
                         net (fo=33, routed)          0.655     7.926    in_fifo_inst/flush_pipeline
    SLICE_X29Y39         LUT4 (Prop_lut4_I1_O)        0.124     8.050 r  in_fifo_inst/mult_s0_i_1/O
                         net (fo=1121, routed)        2.448    10.498    fir_inst/gen_stages[3].stage_inst/gen_mac_units[0].mac_inst/p_3_in
    DSP48_X0Y33          DSP48E1                                      r  fir_inst/gen_stages[3].stage_inst/gen_mac_units[0].mac_inst/mult_s0/CEB1
  -------------------------------------------------------------------    -------------------

                         (clock sys_clk rise edge)    8.000     8.000 r  
    U14                                               0.000     8.000 r  clk (IN)
                         net (fo=0)                   0.000     8.000    clk
    U14                  IBUF (Prop_ibuf_I_O)         0.912     8.912 r  clk_IBUF_inst/O
                         net (fo=1, routed)           1.880    10.792    clk_IBUF
    BUFGCTRL_X0Y0        BUFG (Prop_bufg_I_O)         0.091    10.883 r  clk_IBUF_BUFG_inst/O
                         net (fo=1568, routed)        1.579    12.462    fir_inst/gen_stages[3].stage_inst/gen_mac_units[0].mac_inst/clk_IBUF_BUFG
    DSP48_X0Y33          DSP48E1                                      r  fir_inst/gen_stages[3].stage_inst/gen_mac_units[0].mac_inst/mult_s0/CLK
                         clock pessimism              0.340    12.802    
                         clock uncertainty           -0.035    12.767    
    DSP48_X0Y33          DSP48E1 (Setup_dsp48e1_CLK_CEB1)
                                                     -0.514    12.253    fir_inst/gen_stages[3].stage_inst/gen_mac_units[0].mac_inst/mult_s0
  -------------------------------------------------------------------
                         required time                         12.253    
                         arrival time                         -10.498    
  -------------------------------------------------------------------
                         slack                                  1.755    

Slack (MET) :             1.755ns  (required time - arrival time)
  Source:                 fir_inst/last_shift_reg[24]/C
                            (rising edge-triggered cell FDRE clocked by sys_clk  {rise@0.000ns fall@4.000ns period=8.000ns})
  Destination:            fir_inst/gen_stages[3].stage_inst/gen_mac_units[0].mac_inst/mult_s0/CEB2
                            (rising edge-triggered cell DSP48E1 clocked by sys_clk  {rise@0.000ns fall@4.000ns period=8.000ns})
  Path Group:             sys_clk
  Path Type:              Setup (Max at Slow Process Corner)
  Requirement:            8.000ns  (sys_clk rise@8.000ns - sys_clk rise@0.000ns)
  Data Path Delay:        5.603ns  (logic 1.027ns (18.329%)  route 4.576ns (81.671%))
  Logic Levels:           3  (LUT4=1 LUT5=1 LUT6=1)
  Clock Path Skew:        -0.093ns (DCD - SCD + CPR)
    Destination Clock Delay (DCD):    4.462ns = ( 12.462 - 8.000 ) 
    Source Clock Delay      (SCD):    4.895ns
    Clock Pessimism Removal (CPR):    0.340ns
  Clock Uncertainty:      0.035ns  ((TSJ^2 + TIJ^2)^1/2 + DJ) / 2 + PE
    Total System Jitter     (TSJ):    0.071ns
    Total Input Jitter      (TIJ):    0.000ns
    Discrete Jitter          (DJ):    0.000ns
    Phase Error              (PE):    0.000ns

    Location             Delay type                Incr(ns)  Path(ns)    Netlist Resource(s)
  -------------------------------------------------------------------    -------------------
                         (clock sys_clk rise edge)    0.000     0.000 r  
    U14                                               0.000     0.000 r  clk (IN)
                         net (fo=0)                   0.000     0.000    clk
    U14                  IBUF (Prop_ibuf_I_O)         1.046     1.046 r  clk_IBUF_inst/O
                         net (fo=1, routed)           2.076     3.122    clk_IBUF
    BUFGCTRL_X0Y0        BUFG (Prop_bufg_I_O)         0.101     3.223 r  clk_IBUF_BUFG_inst/O
                         net (fo=1568, routed)        1.672     4.895    fir_inst/clk_IBUF_BUFG
    SLICE_X28Y40         FDRE                                         r  fir_inst/last_shift_reg[24]/C
  -------------------------------------------------------------------    -------------------
    SLICE_X28Y40         FDRE (Prop_fdre_C_Q)         0.478     5.373 r  fir_inst/last_shift_reg[24]/Q
                         net (fo=3, routed)           0.893     6.266    fir_inst/out_fifo_din[24]
    SLICE_X28Y40         LUT6 (Prop_lut6_I1_O)        0.301     6.567 r  fir_inst/mult_s0_i_23/O
                         net (fo=1, routed)           0.579     7.147    fir_inst/mult_s0_i_23_n_0
    SLICE_X27Y40         LUT5 (Prop_lut5_I1_O)        0.124     7.271 r  fir_inst/mult_s0_i_21/O
                         net (fo=33, routed)          0.655     7.926    in_fifo_inst/flush_pipeline
    SLICE_X29Y39         LUT4 (Prop_lut4_I1_O)        0.124     8.050 r  in_fifo_inst/mult_s0_i_1/O
                         net (fo=1121, routed)        2.448    10.498    fir_inst/gen_stages[3].stage_inst/gen_mac_units[0].mac_inst/p_3_in
    DSP48_X0Y33          DSP48E1                                      r  fir_inst/gen_stages[3].stage_inst/gen_mac_units[0].mac_inst/mult_s0/CEB2
  -------------------------------------------------------------------    -------------------

                         (clock sys_clk rise edge)    8.000     8.000 r  
    U14                                               0.000     8.000 r  clk (IN)
                         net (fo=0)                   0.000     8.000    clk
    U14                  IBUF (Prop_ibuf_I_O)         0.912     8.912 r  clk_IBUF_inst/O
                         net (fo=1, routed)           1.880    10.792    clk_IBUF
    BUFGCTRL_X0Y0        BUFG (Prop_bufg_I_O)         0.091    10.883 r  clk_IBUF_BUFG_inst/O
                         net (fo=1568, routed)        1.579    12.462    fir_inst/gen_stages[3].stage_inst/gen_mac_units[0].mac_inst/clk_IBUF_BUFG
    DSP48_X0Y33          DSP48E1                                      r  fir_inst/gen_stages[3].stage_inst/gen_mac_units[0].mac_inst/mult_s0/CLK
                         clock pessimism              0.340    12.802    
                         clock uncertainty           -0.035    12.767    
    DSP48_X0Y33          DSP48E1 (Setup_dsp48e1_CLK_CEB2)
                                                     -0.514    12.253    fir_inst/gen_stages[3].stage_inst/gen_mac_units[0].mac_inst/mult_s0
  -------------------------------------------------------------------
                         required time                         12.253    
                         arrival time                         -10.498    
  -------------------------------------------------------------------
                         slack                                  1.755    

Slack (MET) :             1.805ns  (required time - arrival time)
  Source:                 fir_inst/last_shift_reg[24]/C
                            (rising edge-triggered cell FDRE clocked by sys_clk  {rise@0.000ns fall@4.000ns period=8.000ns})
  Destination:            fir_inst/gen_stages[2].stage_inst/gen_mac_units[0].mac_inst/mult_s_reg/CEB1
                            (rising edge-triggered cell DSP48E1 clocked by sys_clk  {rise@0.000ns fall@4.000ns period=8.000ns})
  Path Group:             sys_clk
  Path Type:              Setup (Max at Slow Process Corner)
  Requirement:            8.000ns  (sys_clk rise@8.000ns - sys_clk rise@0.000ns)
  Data Path Delay:        5.550ns  (logic 1.027ns (18.505%)  route 4.523ns (81.495%))
  Logic Levels:           3  (LUT4=1 LUT5=1 LUT6=1)
  Clock Path Skew:        -0.096ns (DCD - SCD + CPR)
    Destination Clock Delay (DCD):    4.459ns = ( 12.459 - 8.000 ) 
    Source Clock Delay      (SCD):    4.895ns
    Clock Pessimism Removal (CPR):    0.340ns
  Clock Uncertainty:      0.035ns  ((TSJ^2 + TIJ^2)^1/2 + DJ) / 2 + PE
    Total System Jitter     (TSJ):    0.071ns
    Total Input Jitter      (TIJ):    0.000ns
    Discrete Jitter          (DJ):    0.000ns
    Phase Error              (PE):    0.000ns

    Location             Delay type                Incr(ns)  Path(ns)    Netlist Resource(s)
  -------------------------------------------------------------------    -------------------
                         (clock sys_clk rise edge)    0.000     0.000 r  
    U14                                               0.000     0.000 r  clk (IN)
                         net (fo=0)                   0.000     0.000    clk
    U14                  IBUF (Prop_ibuf_I_O)         1.046     1.046 r  clk_IBUF_inst/O
                         net (fo=1, routed)           2.076     3.122    clk_IBUF
    BUFGCTRL_X0Y0        BUFG (Prop_bufg_I_O)         0.101     3.223 r  clk_IBUF_BUFG_inst/O
                         net (fo=1568, routed)        1.672     4.895    fir_inst/clk_IBUF_BUFG
    SLICE_X28Y40         FDRE                                         r  fir_inst/last_shift_reg[24]/C
  -------------------------------------------------------------------    -------------------
    SLICE_X28Y40         FDRE (Prop_fdre_C_Q)         0.478     5.373 r  fir_inst/last_shift_reg[24]/Q
                         net (fo=3, routed)           0.893     6.266    fir_inst/out_fifo_din[24]
    SLICE_X28Y40         LUT6 (Prop_lut6_I1_O)        0.301     6.567 r  fir_inst/mult_s0_i_23/O
                         net (fo=1, routed)           0.579     7.147    fir_inst/mult_s0_i_23_n_0
    SLICE_X27Y40         LUT5 (Prop_lut5_I1_O)        0.124     7.271 r  fir_inst/mult_s0_i_21/O
                         net (fo=33, routed)          0.655     7.926    in_fifo_inst/flush_pipeline
    SLICE_X29Y39         LUT4 (Prop_lut4_I1_O)        0.124     8.050 r  in_fifo_inst/mult_s0_i_1/O
                         net (fo=1121, routed)        2.394    10.445    fir_inst/gen_stages[2].stage_inst/gen_mac_units[0].mac_inst/p_3_in
    DSP48_X0Y32          DSP48E1                                      r  fir_inst/gen_stages[2].stage_inst/gen_mac_units[0].mac_inst/mult_s_reg/CEB1
  -------------------------------------------------------------------    -------------------

                         (clock sys_clk rise edge)    8.000     8.000 r  
    U14                                               0.000     8.000 r  clk (IN)
                         net (fo=0)                   0.000     8.000    clk
    U14                  IBUF (Prop_ibuf_I_O)         0.912     8.912 r  clk_IBUF_inst/O
                         net (fo=1, routed)           1.880    10.792    clk_IBUF
    BUFGCTRL_X0Y0        BUFG (Prop_bufg_I_O)         0.091    10.883 r  clk_IBUF_BUFG_inst/O
                         net (fo=1568, routed)        1.576    12.459    fir_inst/gen_stages[2].stage_inst/gen_mac_units[0].mac_inst/clk_IBUF_BUFG
    DSP48_X0Y32          DSP48E1                                      r  fir_inst/gen_stages[2].stage_inst/gen_mac_units[0].mac_inst/mult_s_reg/CLK
                         clock pessimism              0.340    12.799    
                         clock uncertainty           -0.035    12.764    
    DSP48_X0Y32          DSP48E1 (Setup_dsp48e1_CLK_CEB1)
                                                     -0.514    12.250    fir_inst/gen_stages[2].stage_inst/gen_mac_units[0].mac_inst/mult_s_reg
  -------------------------------------------------------------------
                         required time                         12.250    
                         arrival time                         -10.445    
  -------------------------------------------------------------------
                         slack                                  1.805    

Slack (MET) :             1.825ns  (required time - arrival time)
  Source:                 fir_inst/last_shift_reg[24]/C
                            (rising edge-triggered cell FDRE clocked by sys_clk  {rise@0.000ns fall@4.000ns period=8.000ns})
  Destination:            fir_inst/gen_stages[17].stage_inst/gen_mac_units[0].mac_inst/acc_s_reg/CEP
                            (rising edge-triggered cell DSP48E1 clocked by sys_clk  {rise@0.000ns fall@4.000ns period=8.000ns})
  Path Group:             sys_clk
  Path Type:              Setup (Max at Slow Process Corner)
  Requirement:            8.000ns  (sys_clk rise@8.000ns - sys_clk rise@0.000ns)
  Data Path Delay:        5.554ns  (logic 1.027ns (18.491%)  route 4.527ns (81.509%))
  Logic Levels:           3  (LUT4=1 LUT5=1 LUT6=1)
  Clock Path Skew:        -0.062ns (DCD - SCD + CPR)
    Destination Clock Delay (DCD):    4.479ns = ( 12.479 - 8.000 ) 
    Source Clock Delay      (SCD):    4.895ns
    Clock Pessimism Removal (CPR):    0.354ns
  Clock Uncertainty:      0.035ns  ((TSJ^2 + TIJ^2)^1/2 + DJ) / 2 + PE
    Total System Jitter     (TSJ):    0.071ns
    Total Input Jitter      (TIJ):    0.000ns
    Discrete Jitter          (DJ):    0.000ns
    Phase Error              (PE):    0.000ns

    Location             Delay type                Incr(ns)  Path(ns)    Netlist Resource(s)
  -------------------------------------------------------------------    -------------------
                         (clock sys_clk rise edge)    0.000     0.000 r  
    U14                                               0.000     0.000 r  clk (IN)
                         net (fo=0)                   0.000     0.000    clk
    U14                  IBUF (Prop_ibuf_I_O)         1.046     1.046 r  clk_IBUF_inst/O
                         net (fo=1, routed)           2.076     3.122    clk_IBUF
    BUFGCTRL_X0Y0        BUFG (Prop_bufg_I_O)         0.101     3.223 r  clk_IBUF_BUFG_inst/O
                         net (fo=1568, routed)        1.672     4.895    fir_inst/clk_IBUF_BUFG
    SLICE_X28Y40         FDRE                                         r  fir_inst/last_shift_reg[24]/C
  -------------------------------------------------------------------    -------------------
    SLICE_X28Y40         FDRE (Prop_fdre_C_Q)         0.478     5.373 r  fir_inst/last_shift_reg[24]/Q
                         net (fo=3, routed)           0.893     6.266    fir_inst/out_fifo_din[24]
    SLICE_X28Y40         LUT6 (Prop_lut6_I1_O)        0.301     6.567 r  fir_inst/mult_s0_i_23/O
                         net (fo=1, routed)           0.579     7.147    fir_inst/mult_s0_i_23_n_0
    SLICE_X27Y40         LUT5 (Prop_lut5_I1_O)        0.124     7.271 r  fir_inst/mult_s0_i_21/O
                         net (fo=33, routed)          0.655     7.926    in_fifo_inst/flush_pipeline
    SLICE_X29Y39         LUT4 (Prop_lut4_I1_O)        0.124     8.050 r  in_fifo_inst/mult_s0_i_1/O
                         net (fo=1121, routed)        2.399    10.449    fir_inst/gen_stages[17].stage_inst/gen_mac_units[0].mac_inst/p_3_in
    DSP48_X0Y3           DSP48E1                                      r  fir_inst/gen_stages[17].stage_inst/gen_mac_units[0].mac_inst/acc_s_reg/CEP
  -------------------------------------------------------------------    -------------------

                         (clock sys_clk rise edge)    8.000     8.000 r  
    U14                                               0.000     8.000 r  clk (IN)
                         net (fo=0)                   0.000     8.000    clk
    U14                  IBUF (Prop_ibuf_I_O)         0.912     8.912 r  clk_IBUF_inst/O
                         net (fo=1, routed)           1.880    10.792    clk_IBUF
    BUFGCTRL_X0Y0        BUFG (Prop_bufg_I_O)         0.091    10.883 r  clk_IBUF_BUFG_inst/O
                         net (fo=1568, routed)        1.596    12.479    fir_inst/gen_stages[17].stage_inst/gen_mac_units[0].mac_inst/clk_IBUF_BUFG
    DSP48_X0Y3           DSP48E1                                      r  fir_inst/gen_stages[17].stage_inst/gen_mac_units[0].mac_inst/acc_s_reg/CLK
                         clock pessimism              0.354    12.833    
                         clock uncertainty           -0.035    12.798    
    DSP48_X0Y3           DSP48E1 (Setup_dsp48e1_CLK_CEP)
                                                     -0.524    12.274    fir_inst/gen_stages[17].stage_inst/gen_mac_units[0].mac_inst/acc_s_reg
  -------------------------------------------------------------------
                         required time                         12.274    
                         arrival time                         -10.449    
  -------------------------------------------------------------------
                         slack                                  1.825    

Slack (MET) :             1.826ns  (required time - arrival time)
  Source:                 fir_inst/last_shift_reg[24]/C
                            (rising edge-triggered cell FDRE clocked by sys_clk  {rise@0.000ns fall@4.000ns period=8.000ns})
  Destination:            fir_inst/gen_stages[17].stage_inst/gen_mac_units[0].mac_inst/mult_s0/CEA2
                            (rising edge-triggered cell DSP48E1 clocked by sys_clk  {rise@0.000ns fall@4.000ns period=8.000ns})
  Path Group:             sys_clk
  Path Type:              Setup (Max at Slow Process Corner)
  Requirement:            8.000ns  (sys_clk rise@8.000ns - sys_clk rise@0.000ns)
  Data Path Delay:        5.581ns  (logic 1.027ns (18.401%)  route 4.554ns (81.599%))
  Logic Levels:           3  (LUT4=1 LUT5=1 LUT6=1)
  Clock Path Skew:        -0.060ns (DCD - SCD + CPR)
    Destination Clock Delay (DCD):    4.481ns = ( 12.481 - 8.000 ) 
    Source Clock Delay      (SCD):    4.895ns
    Clock Pessimism Removal (CPR):    0.354ns
  Clock Uncertainty:      0.035ns  ((TSJ^2 + TIJ^2)^1/2 + DJ) / 2 + PE
    Total System Jitter     (TSJ):    0.071ns
    Total Input Jitter      (TIJ):    0.000ns
    Discrete Jitter          (DJ):    0.000ns
    Phase Error              (PE):    0.000ns

    Location             Delay type                Incr(ns)  Path(ns)    Netlist Resource(s)
  -------------------------------------------------------------------    -------------------
                         (clock sys_clk rise edge)    0.000     0.000 r  
    U14                                               0.000     0.000 r  clk (IN)
                         net (fo=0)                   0.000     0.000    clk
    U14                  IBUF (Prop_ibuf_I_O)         1.046     1.046 r  clk_IBUF_inst/O
                         net (fo=1, routed)           2.076     3.122    clk_IBUF
    BUFGCTRL_X0Y0        BUFG (Prop_bufg_I_O)         0.101     3.223 r  clk_IBUF_BUFG_inst/O
                         net (fo=1568, routed)        1.672     4.895    fir_inst/clk_IBUF_BUFG
    SLICE_X28Y40         FDRE                                         r  fir_inst/last_shift_reg[24]/C
  -------------------------------------------------------------------    -------------------
    SLICE_X28Y40         FDRE (Prop_fdre_C_Q)         0.478     5.373 r  fir_inst/last_shift_reg[24]/Q
                         net (fo=3, routed)           0.893     6.266    fir_inst/out_fifo_din[24]
    SLICE_X28Y40         LUT6 (Prop_lut6_I1_O)        0.301     6.567 r  fir_inst/mult_s0_i_23/O
                         net (fo=1, routed)           0.579     7.147    fir_inst/mult_s0_i_23_n_0
    SLICE_X27Y40         LUT5 (Prop_lut5_I1_O)        0.124     7.271 r  fir_inst/mult_s0_i_21/O
                         net (fo=33, routed)          0.655     7.926    in_fifo_inst/flush_pipeline
    SLICE_X29Y39         LUT4 (Prop_lut4_I1_O)        0.124     8.050 r  in_fifo_inst/mult_s0_i_1/O
                         net (fo=1121, routed)        2.426    10.476    fir_inst/gen_stages[17].stage_inst/gen_mac_units[0].mac_inst/p_3_in
    DSP48_X0Y0           DSP48E1                                      r  fir_inst/gen_stages[17].stage_inst/gen_mac_units[0].mac_inst/mult_s0/CEA2
  -------------------------------------------------------------------    -------------------

                         (clock sys_clk rise edge)    8.000     8.000 r  
    U14                                               0.000     8.000 r  clk (IN)
                         net (fo=0)                   0.000     8.000    clk
    U14                  IBUF (Prop_ibuf_I_O)         0.912     8.912 r  clk_IBUF_inst/O
                         net (fo=1, routed)           1.880    10.792    clk_IBUF
    BUFGCTRL_X0Y0        BUFG (Prop_bufg_I_O)         0.091    10.883 r  clk_IBUF_BUFG_inst/O
                         net (fo=1568, routed)        1.598    12.481    fir_inst/gen_stages[17].stage_inst/gen_mac_units[0].mac_inst/clk_IBUF_BUFG
    DSP48_X0Y0           DSP48E1                                      r  fir_inst/gen_stages[17].stage_inst/gen_mac_units[0].mac_inst/mult_s0/CLK
                         clock pessimism              0.354    12.835    
                         clock uncertainty           -0.035    12.800    
    DSP48_X0Y0           DSP48E1 (Setup_dsp48e1_CLK_CEA2)
                                                     -0.497    12.303    fir_inst/gen_stages[17].stage_inst/gen_mac_units[0].mac_inst/mult_s0
  -------------------------------------------------------------------
                         required time                         12.303    
                         arrival time                         -10.476    
  -------------------------------------------------------------------
                         slack                                  1.826    

Slack (MET) :             1.838ns  (required time - arrival time)
  Source:                 fir_inst/last_shift_reg[24]/C
                            (rising edge-triggered cell FDRE clocked by sys_clk  {rise@0.000ns fall@4.000ns period=8.000ns})
  Destination:            fir_inst/gen_stage_0/gen_mac_units[0].mac_inst/mult_s_reg/B[16]
                            (rising edge-triggered cell DSP48E1 clocked by sys_clk  {rise@0.000ns fall@4.000ns period=8.000ns})
  Path Group:             sys_clk
  Path Type:              Setup (Max at Slow Process Corner)
  Requirement:            8.000ns  (sys_clk rise@8.000ns - sys_clk rise@0.000ns)
  Data Path Delay:        5.368ns  (logic 1.023ns (19.056%)  route 4.345ns (80.944%))
  Logic Levels:           3  (LUT2=1 LUT5=1 LUT6=1)
  Clock Path Skew:        -0.105ns (DCD - SCD + CPR)
    Destination Clock Delay (DCD):    4.450ns = ( 12.450 - 8.000 ) 
    Source Clock Delay      (SCD):    4.895ns
    Clock Pessimism Removal (CPR):    0.340ns
  Clock Uncertainty:      0.035ns  ((TSJ^2 + TIJ^2)^1/2 + DJ) / 2 + PE
    Total System Jitter     (TSJ):    0.071ns
    Total Input Jitter      (TIJ):    0.000ns
    Discrete Jitter          (DJ):    0.000ns
    Phase Error              (PE):    0.000ns

    Location             Delay type                Incr(ns)  Path(ns)    Netlist Resource(s)
  -------------------------------------------------------------------    -------------------
                         (clock sys_clk rise edge)    0.000     0.000 r  
    U14                                               0.000     0.000 r  clk (IN)
                         net (fo=0)                   0.000     0.000    clk
    U14                  IBUF (Prop_ibuf_I_O)         1.046     1.046 r  clk_IBUF_inst/O
                         net (fo=1, routed)           2.076     3.122    clk_IBUF
    BUFGCTRL_X0Y0        BUFG (Prop_bufg_I_O)         0.101     3.223 r  clk_IBUF_BUFG_inst/O
                         net (fo=1568, routed)        1.672     4.895    fir_inst/clk_IBUF_BUFG
    SLICE_X28Y40         FDRE                                         r  fir_inst/last_shift_reg[24]/C
  -------------------------------------------------------------------    -------------------
    SLICE_X28Y40         FDRE (Prop_fdre_C_Q)         0.478     5.373 f  fir_inst/last_shift_reg[24]/Q
                         net (fo=3, routed)           0.893     6.266    fir_inst/out_fifo_din[24]
    SLICE_X28Y40         LUT6 (Prop_lut6_I1_O)        0.301     6.567 f  fir_inst/mult_s0_i_23/O
                         net (fo=1, routed)           0.579     7.147    fir_inst/mult_s0_i_23_n_0
    SLICE_X27Y40         LUT5 (Prop_lut5_I1_O)        0.124     7.271 f  fir_inst/mult_s0_i_21/O
                         net (fo=33, routed)          1.976     9.247    in_fifo_inst/flush_pipeline
    SLICE_X33Y69         LUT2 (Prop_lut2_I1_O)        0.120     9.367 r  in_fifo_inst/mult_s_reg_i_1/O
                         net (fo=13, routed)          0.897    10.263    fir_inst/gen_stage_0/gen_mac_units[0].mac_inst/input[23]
    DSP48_X1Y28          DSP48E1                                      r  fir_inst/gen_stage_0/gen_mac_units[0].mac_inst/mult_s_reg/B[16]
  -------------------------------------------------------------------    -------------------

                         (clock sys_clk rise edge)    8.000     8.000 r  
    U14                                               0.000     8.000 r  clk (IN)
                         net (fo=0)                   0.000     8.000    clk
    U14                  IBUF (Prop_ibuf_I_O)         0.912     8.912 r  clk_IBUF_inst/O
                         net (fo=1, routed)           1.880    10.792    clk_IBUF
    BUFGCTRL_X0Y0        BUFG (Prop_bufg_I_O)         0.091    10.883 r  clk_IBUF_BUFG_inst/O
                         net (fo=1568, routed)        1.567    12.450    fir_inst/gen_stage_0/gen_mac_units[0].mac_inst/clk_IBUF_BUFG
    DSP48_X1Y28          DSP48E1                                      r  fir_inst/gen_stage_0/gen_mac_units[0].mac_inst/mult_s_reg/CLK
                         clock pessimism              0.340    12.790    
                         clock uncertainty           -0.035    12.755    
    DSP48_X1Y28          DSP48E1 (Setup_dsp48e1_CLK_B[16])
                                                     -0.653    12.102    fir_inst/gen_stage_0/gen_mac_units[0].mac_inst/mult_s_reg
  -------------------------------------------------------------------
                         required time                         12.102    
                         arrival time                         -10.263    
  -------------------------------------------------------------------
                         slack                                  1.838    





Min Delay Paths
--------------------------------------------------------------------------------------
Slack (MET) :             0.062ns  (arrival time - required time)
  Source:                 fir_inst/sample_chain_reg[6][13]/C
                            (rising edge-triggered cell FDRE clocked by sys_clk  {rise@0.000ns fall@4.000ns period=8.000ns})
  Destination:            fir_inst/sample_chain_reg[7][13]/D
                            (rising edge-triggered cell FDRE clocked by sys_clk  {rise@0.000ns fall@4.000ns period=8.000ns})
  Path Group:             sys_clk
  Path Type:              Hold (Min at Fast Process Corner)
  Requirement:            0.000ns  (sys_clk rise@0.000ns - sys_clk rise@0.000ns)
  Data Path Delay:        0.395ns  (logic 0.141ns (35.700%)  route 0.254ns (64.300%))
  Logic Levels:           0  
  Clock Path Skew:        0.267ns (DCD - SCD - CPR)
    Destination Clock Delay (DCD):    2.008ns
    Source Clock Delay      (SCD):    1.492ns
    Clock Pessimism Removal (CPR):    0.249ns

    Location             Delay type                Incr(ns)  Path(ns)    Netlist Resource(s)
  -------------------------------------------------------------------    -------------------
                         (clock sys_clk rise edge)    0.000     0.000 r  
    U14                                               0.000     0.000 r  clk (IN)
                         net (fo=0)                   0.000     0.000    clk
    U14                  IBUF (Prop_ibuf_I_O)         0.274     0.274 r  clk_IBUF_inst/O
                         net (fo=1, routed)           0.627     0.901    clk_IBUF
    BUFGCTRL_X0Y0        BUFG (Prop_bufg_I_O)         0.026     0.927 r  clk_IBUF_BUFG_inst/O
                         net (fo=1568, routed)        0.565     1.492    fir_inst/clk_IBUF_BUFG
    SLICE_X11Y50         FDRE                                         r  fir_inst/sample_chain_reg[6][13]/C
  -------------------------------------------------------------------    -------------------
    SLICE_X11Y50         FDRE (Prop_fdre_C_Q)         0.141     1.633 r  fir_inst/sample_chain_reg[6][13]/Q
                         net (fo=2, routed)           0.254     1.887    fir_inst/sample_chain_reg_n_0_[6][13]
    SLICE_X18Y48         FDRE                                         r  fir_inst/sample_chain_reg[7][13]/D
  -------------------------------------------------------------------    -------------------

                         (clock sys_clk rise edge)    0.000     0.000 r  
    U14                                               0.000     0.000 r  clk (IN)
                         net (fo=0)                   0.000     0.000    clk
    U14                  IBUF (Prop_ibuf_I_O)         0.464     0.464 r  clk_IBUF_inst/O
                         net (fo=1, routed)           0.683     1.147    clk_IBUF
    BUFGCTRL_X0Y0        BUFG (Prop_bufg_I_O)         0.029     1.176 r  clk_IBUF_BUFG_inst/O
                         net (fo=1568, routed)        0.832     2.008    fir_inst/clk_IBUF_BUFG
    SLICE_X18Y48         FDRE                                         r  fir_inst/sample_chain_reg[7][13]/C
                         clock pessimism             -0.249     1.759    
    SLICE_X18Y48         FDRE (Hold_fdre_C_D)         0.066     1.825    fir_inst/sample_chain_reg[7][13]
  -------------------------------------------------------------------
                         required time                         -1.825    
                         arrival time                           1.887    
  -------------------------------------------------------------------
                         slack                                  0.062    

Slack (MET) :             0.063ns  (arrival time - required time)
  Source:                 fir_inst/sample_chain_reg[6][12]/C
                            (rising edge-triggered cell FDRE clocked by sys_clk  {rise@0.000ns fall@4.000ns period=8.000ns})
  Destination:            fir_inst/sample_chain_reg[7][12]/D
                            (rising edge-triggered cell FDRE clocked by sys_clk  {rise@0.000ns fall@4.000ns period=8.000ns})
  Path Group:             sys_clk
  Path Type:              Hold (Min at Fast Process Corner)
  Requirement:            0.000ns  (sys_clk rise@0.000ns - sys_clk rise@0.000ns)
  Data Path Delay:        0.400ns  (logic 0.141ns (35.251%)  route 0.259ns (64.749%))
  Logic Levels:           0  
  Clock Path Skew:        0.267ns (DCD - SCD - CPR)
    Destination Clock Delay (DCD):    2.008ns
    Source Clock Delay      (SCD):    1.492ns
    Clock Pessimism Removal (CPR):    0.249ns

    Location             Delay type                Incr(ns)  Path(ns)    Netlist Resource(s)
  -------------------------------------------------------------------    -------------------
                         (clock sys_clk rise edge)    0.000     0.000 r  
    U14                                               0.000     0.000 r  clk (IN)
                         net (fo=0)                   0.000     0.000    clk
    U14                  IBUF (Prop_ibuf_I_O)         0.274     0.274 r  clk_IBUF_inst/O
                         net (fo=1, routed)           0.627     0.901    clk_IBUF
    BUFGCTRL_X0Y0        BUFG (Prop_bufg_I_O)         0.026     0.927 r  clk_IBUF_BUFG_inst/O
                         net (fo=1568, routed)        0.565     1.492    fir_inst/clk_IBUF_BUFG
    SLICE_X11Y50         FDRE                                         r  fir_inst/sample_chain_reg[6][12]/C
  -------------------------------------------------------------------    -------------------
    SLICE_X11Y50         FDRE (Prop_fdre_C_Q)         0.141     1.633 r  fir_inst/sample_chain_reg[6][12]/Q
                         net (fo=2, routed)           0.259     1.892    fir_inst/sample_chain_reg_n_0_[6][12]
    SLICE_X18Y48         FDRE                                         r  fir_inst/sample_chain_reg[7][12]/D
  -------------------------------------------------------------------    -------------------

                         (clock sys_clk rise edge)    0.000     0.000 r  
    U14                                               0.000     0.000 r  clk (IN)
                         net (fo=0)                   0.000     0.000    clk
    U14                  IBUF (Prop_ibuf_I_O)         0.464     0.464 r  clk_IBUF_inst/O
                         net (fo=1, routed)           0.683     1.147    clk_IBUF
    BUFGCTRL_X0Y0        BUFG (Prop_bufg_I_O)         0.029     1.176 r  clk_IBUF_BUFG_inst/O
                         net (fo=1568, routed)        0.832     2.008    fir_inst/clk_IBUF_BUFG
    SLICE_X18Y48         FDRE                                         r  fir_inst/sample_chain_reg[7][12]/C
                         clock pessimism             -0.249     1.759    
    SLICE_X18Y48         FDRE (Hold_fdre_C_D)         0.070     1.829    fir_inst/sample_chain_reg[7][12]
  -------------------------------------------------------------------
                         required time                         -1.829    
                         arrival time                           1.892    
  -------------------------------------------------------------------
                         slack                                  0.063    

Slack (MET) :             0.092ns  (arrival time - required time)
  Source:                 fir_inst/gen_stages[8].stage_inst/gen_mac_units[0].mac_inst/acc_s_reg/CLK
                            (rising edge-triggered cell DSP48E1 clocked by sys_clk  {rise@0.000ns fall@4.000ns period=8.000ns})
  Destination:            fir_inst/gen_stages[9].stage_inst/gen_mac_units[0].mac_inst/acc_s_reg/A[0]
                            (rising edge-triggered cell DSP48E1 clocked by sys_clk  {rise@0.000ns fall@4.000ns period=8.000ns})
  Path Group:             sys_clk
  Path Type:              Hold (Min at Fast Process Corner)
  Requirement:            0.000ns  (sys_clk rise@0.000ns - sys_clk rise@0.000ns)
  Data Path Delay:        0.425ns  (logic 0.126ns (29.631%)  route 0.299ns (70.369%))
  Logic Levels:           0  
  Clock Path Skew:        0.267ns (DCD - SCD - CPR)
    Destination Clock Delay (DCD):    2.096ns
    Source Clock Delay      (SCD):    1.580ns
    Clock Pessimism Removal (CPR):    0.249ns

    Location             Delay type                Incr(ns)  Path(ns)    Netlist Resource(s)
  -------------------------------------------------------------------    -------------------
                         (clock sys_clk rise edge)    0.000     0.000 r  
    U14                                               0.000     0.000 r  clk (IN)
                         net (fo=0)                   0.000     0.000    clk
    U14                  IBUF (Prop_ibuf_I_O)         0.274     0.274 r  clk_IBUF_inst/O
                         net (fo=1, routed)           0.627     0.901    clk_IBUF
    BUFGCTRL_X0Y0        BUFG (Prop_bufg_I_O)         0.026     0.927 r  clk_IBUF_BUFG_inst/O
                         net (fo=1568, routed)        0.653     1.580    fir_inst/gen_stages[8].stage_inst/gen_mac_units[0].mac_inst/clk_IBUF_BUFG
    DSP48_X1Y19          DSP48E1                                      r  fir_inst/gen_stages[8].stage_inst/gen_mac_units[0].mac_inst/acc_s_reg/CLK
  -------------------------------------------------------------------    -------------------
    DSP48_X1Y19          DSP48E1 (Prop_dsp48e1_CLK_P[18])
                                                      0.126     1.706 r  fir_inst/gen_stages[8].stage_inst/gen_mac_units[0].mac_inst/acc_s_reg/P[18]
                         net (fo=1, routed)           0.299     2.005    fir_inst/gen_stages[9].stage_inst/gen_mac_units[0].mac_inst/acc_i[18]
    DSP48_X1Y20          DSP48E1                                      r  fir_inst/gen_stages[9].stage_inst/gen_mac_units[0].mac_inst/acc_s_reg/A[0]
  -------------------------------------------------------------------    -------------------

                         (clock sys_clk rise edge)    0.000     0.000 r  
    U14                                               0.000     0.000 r  clk (IN)
                         net (fo=0)                   0.000     0.000    clk
    U14                  IBUF (Prop_ibuf_I_O)         0.464     0.464 r  clk_IBUF_inst/O
                         net (fo=1, routed)           0.683     1.147    clk_IBUF
    BUFGCTRL_X0Y0        BUFG (Prop_bufg_I_O)         0.029     1.176 r  clk_IBUF_BUFG_inst/O
                         net (fo=1568, routed)        0.921     2.096    fir_inst/gen_stages[9].stage_inst/gen_mac_units[0].mac_inst/clk_IBUF_BUFG
    DSP48_X1Y20          DSP48E1                                      r  fir_inst/gen_stages[9].stage_inst/gen_mac_units[0].mac_inst/acc_s_reg/CLK
                         clock pessimism             -0.249     1.848    
    DSP48_X1Y20          DSP48E1 (Hold_dsp48e1_CLK_A[0])
                                                      0.066     1.914    fir_inst/gen_stages[9].stage_inst/gen_mac_units[0].mac_inst/acc_s_reg
  -------------------------------------------------------------------
                         required time                         -1.914    
                         arrival time                           2.005    
  -------------------------------------------------------------------
                         slack                                  0.092    

Slack (MET) :             0.092ns  (arrival time - required time)
  Source:                 fir_inst/gen_stages[8].stage_inst/gen_mac_units[0].mac_inst/acc_s_reg/CLK
                            (rising edge-triggered cell DSP48E1 clocked by sys_clk  {rise@0.000ns fall@4.000ns period=8.000ns})
  Destination:            fir_inst/gen_stages[9].stage_inst/gen_mac_units[0].mac_inst/acc_s_reg/A[1]
                            (rising edge-triggered cell DSP48E1 clocked by sys_clk  {rise@0.000ns fall@4.000ns period=8.000ns})
  Path Group:             sys_clk
  Path Type:              Hold (Min at Fast Process Corner)
  Requirement:            0.000ns  (sys_clk rise@0.000ns - sys_clk rise@0.000ns)
  Data Path Delay:        0.425ns  (logic 0.126ns (29.617%)  route 0.299ns (70.383%))
  Logic Levels:           0  
  Clock Path Skew:        0.267ns (DCD - SCD - CPR)
    Destination Clock Delay (DCD):    2.096ns
    Source Clock Delay      (SCD):    1.580ns
    Clock Pessimism Removal (CPR):    0.249ns

    Location             Delay type                Incr(ns)  Path(ns)    Netlist Resource(s)
  -------------------------------------------------------------------    -------------------
                         (clock sys_clk rise edge)    0.000     0.000 r  
    U14                                               0.000     0.000 r  clk (IN)
                         net (fo=0)                   0.000     0.000    clk
    U14                  IBUF (Prop_ibuf_I_O)         0.274     0.274 r  clk_IBUF_inst/O
                         net (fo=1, routed)           0.627     0.901    clk_IBUF
    BUFGCTRL_X0Y0        BUFG (Prop_bufg_I_O)         0.026     0.927 r  clk_IBUF_BUFG_inst/O
                         net (fo=1568, routed)        0.653     1.580    fir_inst/gen_stages[8].stage_inst/gen_mac_units[0].mac_inst/clk_IBUF_BUFG
    DSP48_X1Y19          DSP48E1                                      r  fir_inst/gen_stages[8].stage_inst/gen_mac_units[0].mac_inst/acc_s_reg/CLK
  -------------------------------------------------------------------    -------------------
    DSP48_X1Y19          DSP48E1 (Prop_dsp48e1_CLK_P[19])
                                                      0.126     1.706 r  fir_inst/gen_stages[8].stage_inst/gen_mac_units[0].mac_inst/acc_s_reg/P[19]
                         net (fo=1, routed)           0.299     2.006    fir_inst/gen_stages[9].stage_inst/gen_mac_units[0].mac_inst/acc_i[19]
    DSP48_X1Y20          DSP48E1                                      r  fir_inst/gen_stages[9].stage_inst/gen_mac_units[0].mac_inst/acc_s_reg/A[1]
  -------------------------------------------------------------------    -------------------

                         (clock sys_clk rise edge)    0.000     0.000 r  
    U14                                               0.000     0.000 r  clk (IN)
                         net (fo=0)                   0.000     0.000    clk
    U14                  IBUF (Prop_ibuf_I_O)         0.464     0.464 r  clk_IBUF_inst/O
                         net (fo=1, routed)           0.683     1.147    clk_IBUF
    BUFGCTRL_X0Y0        BUFG (Prop_bufg_I_O)         0.029     1.176 r  clk_IBUF_BUFG_inst/O
                         net (fo=1568, routed)        0.921     2.096    fir_inst/gen_stages[9].stage_inst/gen_mac_units[0].mac_inst/clk_IBUF_BUFG
    DSP48_X1Y20          DSP48E1                                      r  fir_inst/gen_stages[9].stage_inst/gen_mac_units[0].mac_inst/acc_s_reg/CLK
                         clock pessimism             -0.249     1.848    
    DSP48_X1Y20          DSP48E1 (Hold_dsp48e1_CLK_A[1])
                                                      0.066     1.914    fir_inst/gen_stages[9].stage_inst/gen_mac_units[0].mac_inst/acc_s_reg
  -------------------------------------------------------------------
                         required time                         -1.914    
                         arrival time                           2.006    
  -------------------------------------------------------------------
                         slack                                  0.092    

Slack (MET) :             0.116ns  (arrival time - required time)
  Source:                 fir_inst/output_reg[12]/C
                            (rising edge-triggered cell FDRE clocked by sys_clk  {rise@0.000ns fall@4.000ns period=8.000ns})
  Destination:            out_fifo_inst/fifo_data_reg_0_63_12_14/RAMA/I
                            (rising edge-triggered cell RAMD64E clocked by sys_clk  {rise@0.000ns fall@4.000ns period=8.000ns})
  Path Group:             sys_clk
  Path Type:              Hold (Min at Fast Process Corner)
  Requirement:            0.000ns  (sys_clk rise@0.000ns - sys_clk rise@0.000ns)
  Data Path Delay:        0.276ns  (logic 0.164ns (59.419%)  route 0.112ns (40.581%))
  Logic Levels:           0  
  Clock Path Skew:        0.013ns (DCD - SCD - CPR)
    Destination Clock Delay (DCD):    1.998ns
    Source Clock Delay      (SCD):    1.484ns
    Clock Pessimism Removal (CPR):    0.501ns

    Location             Delay type                Incr(ns)  Path(ns)    Netlist Resource(s)
  -------------------------------------------------------------------    -------------------
                         (clock sys_clk rise edge)    0.000     0.000 r  
    U14                                               0.000     0.000 r  clk (IN)
                         net (fo=0)                   0.000     0.000    clk
    U14                  IBUF (Prop_ibuf_I_O)         0.274     0.274 r  clk_IBUF_inst/O
                         net (fo=1, routed)           0.627     0.901    clk_IBUF
    BUFGCTRL_X0Y0        BUFG (Prop_bufg_I_O)         0.026     0.927 r  clk_IBUF_BUFG_inst/O
                         net (fo=1568, routed)        0.557     1.484    fir_inst/clk_IBUF_BUFG
    SLICE_X32Y17         FDRE                                         r  fir_inst/output_reg[12]/C
  -------------------------------------------------------------------    -------------------
    SLICE_X32Y17         FDRE (Prop_fdre_C_Q)         0.164     1.648 r  fir_inst/output_reg[12]/Q
                         net (fo=1, routed)           0.112     1.760    out_fifo_inst/fifo_data_reg_0_63_12_14/DIA
    SLICE_X32Y18         RAMD64E                                      r  out_fifo_inst/fifo_data_reg_0_63_12_14/RAMA/I
  -------------------------------------------------------------------    -------------------

                         (clock sys_clk rise edge)    0.000     0.000 r  
    U14                                               0.000     0.000 r  clk (IN)
                         net (fo=0)                   0.000     0.000    clk
    U14                  IBUF (Prop_ibuf_I_O)         0.464     0.464 r  clk_IBUF_inst/O
                         net (fo=1, routed)           0.683     1.147    clk_IBUF
    BUFGCTRL_X0Y0        BUFG (Prop_bufg_I_O)         0.029     1.176 r  clk_IBUF_BUFG_inst/O
                         net (fo=1568, routed)        0.822     1.998    out_fifo_inst/fifo_data_reg_0_63_12_14/WCLK
    SLICE_X32Y18         RAMD64E                                      r  out_fifo_inst/fifo_data_reg_0_63_12_14/RAMA/CLK
                         clock pessimism             -0.501     1.497    
    SLICE_X32Y18         RAMD64E (Hold_ramd64e_CLK_I)
                                                      0.147     1.644    out_fifo_inst/fifo_data_reg_0_63_12_14/RAMA
  -------------------------------------------------------------------
                         required time                         -1.644    
                         arrival time                           1.760    
  -------------------------------------------------------------------
                         slack                                  0.116    

Slack (MET) :             0.117ns  (arrival time - required time)
  Source:                 fir_inst/gen_stages[7].stage_inst/gen_mac_units[0].mac_inst/acc_s_reg/CLK
                            (rising edge-triggered cell DSP48E1 clocked by sys_clk  {rise@0.000ns fall@4.000ns period=8.000ns})
  Destination:            fir_inst/gen_stages[8].stage_inst/gen_mac_units[0].mac_inst/acc_s_reg/A[24]
                            (rising edge-triggered cell DSP48E1 clocked by sys_clk  {rise@0.000ns fall@4.000ns period=8.000ns})
  Path Group:             sys_clk
  Path Type:              Hold (Min at Fast Process Corner)
  Requirement:            0.000ns  (sys_clk rise@0.000ns - sys_clk rise@0.000ns)
  Data Path Delay:        0.454ns  (logic 0.126ns (27.725%)  route 0.328ns (72.275%))
  Logic Levels:           0  
  Clock Path Skew:        0.271ns (DCD - SCD - CPR)
    Destination Clock Delay (DCD):    2.097ns
    Source Clock Delay      (SCD):    1.577ns
    Clock Pessimism Removal (CPR):    0.249ns

    Location             Delay type                Incr(ns)  Path(ns)    Netlist Resource(s)
  -------------------------------------------------------------------    -------------------
                         (clock sys_clk rise edge)    0.000     0.000 r  
    U14                                               0.000     0.000 r  clk (IN)
                         net (fo=0)                   0.000     0.000    clk
    U14                  IBUF (Prop_ibuf_I_O)         0.274     0.274 r  clk_IBUF_inst/O
                         net (fo=1, routed)           0.627     0.901    clk_IBUF
    BUFGCTRL_X0Y0        BUFG (Prop_bufg_I_O)         0.026     0.927 r  clk_IBUF_BUFG_inst/O
                         net (fo=1568, routed)        0.650     1.577    fir_inst/gen_stages[7].stage_inst/gen_mac_units[0].mac_inst/clk_IBUF_BUFG
    DSP48_X1Y21          DSP48E1                                      r  fir_inst/gen_stages[7].stage_inst/gen_mac_units[0].mac_inst/acc_s_reg/CLK
  -------------------------------------------------------------------    -------------------
    DSP48_X1Y21          DSP48E1 (Prop_dsp48e1_CLK_P[42])
                                                      0.126     1.703 r  fir_inst/gen_stages[7].stage_inst/gen_mac_units[0].mac_inst/acc_s_reg/P[42]
                         net (fo=1, routed)           0.328     2.032    fir_inst/gen_stages[8].stage_inst/gen_mac_units[0].mac_inst/acc_i[42]
    DSP48_X1Y19          DSP48E1                                      r  fir_inst/gen_stages[8].stage_inst/gen_mac_units[0].mac_inst/acc_s_reg/A[24]
  -------------------------------------------------------------------    -------------------

                         (clock sys_clk rise edge)    0.000     0.000 r  
    U14                                               0.000     0.000 r  clk (IN)
                         net (fo=0)                   0.000     0.000    clk
    U14                  IBUF (Prop_ibuf_I_O)         0.464     0.464 r  clk_IBUF_inst/O
                         net (fo=1, routed)           0.683     1.147    clk_IBUF
    BUFGCTRL_X0Y0        BUFG (Prop_bufg_I_O)         0.029     1.176 r  clk_IBUF_BUFG_inst/O
                         net (fo=1568, routed)        0.922     2.097    fir_inst/gen_stages[8].stage_inst/gen_mac_units[0].mac_inst/clk_IBUF_BUFG
    DSP48_X1Y19          DSP48E1                                      r  fir_inst/gen_stages[8].stage_inst/gen_mac_units[0].mac_inst/acc_s_reg/CLK
                         clock pessimism             -0.249     1.849    
    DSP48_X1Y19          DSP48E1 (Hold_dsp48e1_CLK_A[24])
                                                      0.066     1.915    fir_inst/gen_stages[8].stage_inst/gen_mac_units[0].mac_inst/acc_s_reg
  -------------------------------------------------------------------
                         required time                         -1.915    
                         arrival time                           2.032    
  -------------------------------------------------------------------
                         slack                                  0.117    

Slack (MET) :             0.119ns  (arrival time - required time)
  Source:                 fir_inst/sample_chain_reg[5][6]/C
                            (rising edge-triggered cell FDRE clocked by sys_clk  {rise@0.000ns fall@4.000ns period=8.000ns})
  Destination:            fir_inst/sample_chain_reg[6][6]/D
                            (rising edge-triggered cell FDRE clocked by sys_clk  {rise@0.000ns fall@4.000ns period=8.000ns})
  Path Group:             sys_clk
  Path Type:              Hold (Min at Fast Process Corner)
  Requirement:            0.000ns  (sys_clk rise@0.000ns - sys_clk rise@0.000ns)
  Data Path Delay:        0.452ns  (logic 0.164ns (36.244%)  route 0.288ns (63.756%))
  Logic Levels:           0  
  Clock Path Skew:        0.270ns (DCD - SCD - CPR)
    Destination Clock Delay (DCD):    2.011ns
    Source Clock Delay      (SCD):    1.492ns
    Clock Pessimism Removal (CPR):    0.249ns

    Location             Delay type                Incr(ns)  Path(ns)    Netlist Resource(s)
  -------------------------------------------------------------------    -------------------
                         (clock sys_clk rise edge)    0.000     0.000 r  
    U14                                               0.000     0.000 r  clk (IN)
                         net (fo=0)                   0.000     0.000    clk
    U14                  IBUF (Prop_ibuf_I_O)         0.274     0.274 r  clk_IBUF_inst/O
                         net (fo=1, routed)           0.627     0.901    clk_IBUF
    BUFGCTRL_X0Y0        BUFG (Prop_bufg_I_O)         0.026     0.927 r  clk_IBUF_BUFG_inst/O
                         net (fo=1568, routed)        0.565     1.492    fir_inst/clk_IBUF_BUFG
    SLICE_X10Y52         FDRE                                         r  fir_inst/sample_chain_reg[5][6]/C
  -------------------------------------------------------------------    -------------------
    SLICE_X10Y52         FDRE (Prop_fdre_C_Q)         0.164     1.656 r  fir_inst/sample_chain_reg[5][6]/Q
                         net (fo=2, routed)           0.288     1.944    fir_inst/sample_chain_reg_n_0_[5][6]
    SLICE_X10Y48         FDRE                                         r  fir_inst/sample_chain_reg[6][6]/D
  -------------------------------------------------------------------    -------------------

                         (clock sys_clk rise edge)    0.000     0.000 r  
    U14                                               0.000     0.000 r  clk (IN)
                         net (fo=0)                   0.000     0.000    clk
    U14                  IBUF (Prop_ibuf_I_O)         0.464     0.464 r  clk_IBUF_inst/O
                         net (fo=1, routed)           0.683     1.147    clk_IBUF
    BUFGCTRL_X0Y0        BUFG (Prop_bufg_I_O)         0.029     1.176 r  clk_IBUF_BUFG_inst/O
                         net (fo=1568, routed)        0.835     2.011    fir_inst/clk_IBUF_BUFG
    SLICE_X10Y48         FDRE                                         r  fir_inst/sample_chain_reg[6][6]/C
                         clock pessimism             -0.249     1.762    
    SLICE_X10Y48         FDRE (Hold_fdre_C_D)         0.063     1.825    fir_inst/sample_chain_reg[6][6]
  -------------------------------------------------------------------
                         required time                         -1.825    
                         arrival time                           1.944    
  -------------------------------------------------------------------
                         slack                                  0.119    

Slack (MET) :             0.122ns  (arrival time - required time)
  Source:                 fir_inst/output_reg[9]/C
                            (rising edge-triggered cell FDRE clocked by sys_clk  {rise@0.000ns fall@4.000ns period=8.000ns})
  Destination:            out_fifo_inst/fifo_data_reg_0_63_9_11/RAMA/I
                            (rising edge-triggered cell RAMD64E clocked by sys_clk  {rise@0.000ns fall@4.000ns period=8.000ns})
  Path Group:             sys_clk
  Path Type:              Hold (Min at Fast Process Corner)
  Requirement:            0.000ns  (sys_clk rise@0.000ns - sys_clk rise@0.000ns)
  Data Path Delay:        0.302ns  (logic 0.141ns (46.667%)  route 0.161ns (53.333%))
  Logic Levels:           0  
  Clock Path Skew:        0.033ns (DCD - SCD - CPR)
    Destination Clock Delay (DCD):    2.000ns
    Source Clock Delay      (SCD):    1.485ns
    Clock Pessimism Removal (CPR):    0.482ns

    Location             Delay type                Incr(ns)  Path(ns)    Netlist Resource(s)
  -------------------------------------------------------------------    -------------------
                         (clock sys_clk rise edge)    0.000     0.000 r  
    U14                                               0.000     0.000 r  clk (IN)
                         net (fo=0)                   0.000     0.000    clk
    U14                  IBUF (Prop_ibuf_I_O)         0.274     0.274 r  clk_IBUF_inst/O
                         net (fo=1, routed)           0.627     0.901    clk_IBUF
    BUFGCTRL_X0Y0        BUFG (Prop_bufg_I_O)         0.026     0.927 r  clk_IBUF_BUFG_inst/O
                         net (fo=1568, routed)        0.558     1.485    fir_inst/clk_IBUF_BUFG
    SLICE_X33Y16         FDRE                                         r  fir_inst/output_reg[9]/C
  -------------------------------------------------------------------    -------------------
    SLICE_X33Y16         FDRE (Prop_fdre_C_Q)         0.141     1.626 r  fir_inst/output_reg[9]/Q
                         net (fo=1, routed)           0.161     1.787    out_fifo_inst/fifo_data_reg_0_63_9_11/DIA
    SLICE_X34Y17         RAMD64E                                      r  out_fifo_inst/fifo_data_reg_0_63_9_11/RAMA/I
  -------------------------------------------------------------------    -------------------

                         (clock sys_clk rise edge)    0.000     0.000 r  
    U14                                               0.000     0.000 r  clk (IN)
                         net (fo=0)                   0.000     0.000    clk
    U14                  IBUF (Prop_ibuf_I_O)         0.464     0.464 r  clk_IBUF_inst/O
                         net (fo=1, routed)           0.683     1.147    clk_IBUF
    BUFGCTRL_X0Y0        BUFG (Prop_bufg_I_O)         0.029     1.176 r  clk_IBUF_BUFG_inst/O
                         net (fo=1568, routed)        0.824     2.000    out_fifo_inst/fifo_data_reg_0_63_9_11/WCLK
    SLICE_X34Y17         RAMD64E                                      r  out_fifo_inst/fifo_data_reg_0_63_9_11/RAMA/CLK
                         clock pessimism             -0.482     1.518    
    SLICE_X34Y17         RAMD64E (Hold_ramd64e_CLK_I)
                                                      0.147     1.665    out_fifo_inst/fifo_data_reg_0_63_9_11/RAMA
  -------------------------------------------------------------------
                         required time                         -1.665    
                         arrival time                           1.787    
  -------------------------------------------------------------------
                         slack                                  0.122    

Slack (MET) :             0.125ns  (arrival time - required time)
  Source:                 fir_inst/gen_stages[7].stage_inst/gen_mac_units[0].mac_inst/acc_s_reg/CLK
                            (rising edge-triggered cell DSP48E1 clocked by sys_clk  {rise@0.000ns fall@4.000ns period=8.000ns})
  Destination:            fir_inst/gen_stages[8].stage_inst/gen_mac_units[0].mac_inst/acc_s_reg/B[11]
                            (rising edge-triggered cell DSP48E1 clocked by sys_clk  {rise@0.000ns fall@4.000ns period=8.000ns})
  Path Group:             sys_clk
  Path Type:              Hold (Min at Fast Process Corner)
  Requirement:            0.000ns  (sys_clk rise@0.000ns - sys_clk rise@0.000ns)
  Data Path Delay:        0.478ns  (logic 0.126ns (26.357%)  route 0.352ns (73.643%))
  Logic Levels:           0  
  Clock Path Skew:        0.271ns (DCD - SCD - CPR)
    Destination Clock Delay (DCD):    2.097ns
    Source Clock Delay      (SCD):    1.577ns
    Clock Pessimism Removal (CPR):    0.249ns

    Location             Delay type                Incr(ns)  Path(ns)    Netlist Resource(s)
  -------------------------------------------------------------------    -------------------
                         (clock sys_clk rise edge)    0.000     0.000 r  
    U14                                               0.000     0.000 r  clk (IN)
                         net (fo=0)                   0.000     0.000    clk
    U14                  IBUF (Prop_ibuf_I_O)         0.274     0.274 r  clk_IBUF_inst/O
                         net (fo=1, routed)           0.627     0.901    clk_IBUF
    BUFGCTRL_X0Y0        BUFG (Prop_bufg_I_O)         0.026     0.927 r  clk_IBUF_BUFG_inst/O
                         net (fo=1568, routed)        0.650     1.577    fir_inst/gen_stages[7].stage_inst/gen_mac_units[0].mac_inst/clk_IBUF_BUFG
    DSP48_X1Y21          DSP48E1                                      r  fir_inst/gen_stages[7].stage_inst/gen_mac_units[0].mac_inst/acc_s_reg/CLK
  -------------------------------------------------------------------    -------------------
    DSP48_X1Y21          DSP48E1 (Prop_dsp48e1_CLK_P[11])
                                                      0.126     1.703 r  fir_inst/gen_stages[7].stage_inst/gen_mac_units[0].mac_inst/acc_s_reg/P[11]
                         net (fo=1, routed)           0.352     2.055    fir_inst/gen_stages[8].stage_inst/gen_mac_units[0].mac_inst/acc_i[11]
    DSP48_X1Y19          DSP48E1                                      r  fir_inst/gen_stages[8].stage_inst/gen_mac_units[0].mac_inst/acc_s_reg/B[11]
  -------------------------------------------------------------------    -------------------

                         (clock sys_clk rise edge)    0.000     0.000 r  
    U14                                               0.000     0.000 r  clk (IN)
                         net (fo=0)                   0.000     0.000    clk
    U14                  IBUF (Prop_ibuf_I_O)         0.464     0.464 r  clk_IBUF_inst/O
                         net (fo=1, routed)           0.683     1.147    clk_IBUF
    BUFGCTRL_X0Y0        BUFG (Prop_bufg_I_O)         0.029     1.176 r  clk_IBUF_BUFG_inst/O
                         net (fo=1568, routed)        0.922     2.097    fir_inst/gen_stages[8].stage_inst/gen_mac_units[0].mac_inst/clk_IBUF_BUFG
    DSP48_X1Y19          DSP48E1                                      r  fir_inst/gen_stages[8].stage_inst/gen_mac_units[0].mac_inst/acc_s_reg/CLK
                         clock pessimism             -0.249     1.849    
    DSP48_X1Y19          DSP48E1 (Hold_dsp48e1_CLK_B[11])
                                                      0.082     1.931    fir_inst/gen_stages[8].stage_inst/gen_mac_units[0].mac_inst/acc_s_reg
  -------------------------------------------------------------------
                         required time                         -1.931    
                         arrival time                           2.055    
  -------------------------------------------------------------------
                         slack                                  0.125    

Slack (MET) :             0.125ns  (arrival time - required time)
  Source:                 fir_inst/gen_stages[7].stage_inst/gen_mac_units[0].mac_inst/acc_s_reg/CLK
                            (rising edge-triggered cell DSP48E1 clocked by sys_clk  {rise@0.000ns fall@4.000ns period=8.000ns})
  Destination:            fir_inst/gen_stages[8].stage_inst/gen_mac_units[0].mac_inst/acc_s_reg/B[15]
                            (rising edge-triggered cell DSP48E1 clocked by sys_clk  {rise@0.000ns fall@4.000ns period=8.000ns})
  Path Group:             sys_clk
  Path Type:              Hold (Min at Fast Process Corner)
  Requirement:            0.000ns  (sys_clk rise@0.000ns - sys_clk rise@0.000ns)
  Data Path Delay:        0.478ns  (logic 0.126ns (26.357%)  route 0.352ns (73.643%))
  Logic Levels:           0  
  Clock Path Skew:        0.271ns (DCD - SCD - CPR)
    Destination Clock Delay (DCD):    2.097ns
    Source Clock Delay      (SCD):    1.577ns
    Clock Pessimism Removal (CPR):    0.249ns

    Location             Delay type                Incr(ns)  Path(ns)    Netlist Resource(s)
  -------------------------------------------------------------------    -------------------
                         (clock sys_clk rise edge)    0.000     0.000 r  
    U14                                               0.000     0.000 r  clk (IN)
                         net (fo=0)                   0.000     0.000    clk
    U14                  IBUF (Prop_ibuf_I_O)         0.274     0.274 r  clk_IBUF_inst/O
                         net (fo=1, routed)           0.627     0.901    clk_IBUF
    BUFGCTRL_X0Y0        BUFG (Prop_bufg_I_O)         0.026     0.927 r  clk_IBUF_BUFG_inst/O
                         net (fo=1568, routed)        0.650     1.577    fir_inst/gen_stages[7].stage_inst/gen_mac_units[0].mac_inst/clk_IBUF_BUFG
    DSP48_X1Y21          DSP48E1                                      r  fir_inst/gen_stages[7].stage_inst/gen_mac_units[0].mac_inst/acc_s_reg/CLK
  -------------------------------------------------------------------    -------------------
    DSP48_X1Y21          DSP48E1 (Prop_dsp48e1_CLK_P[15])
                                                      0.126     1.703 r  fir_inst/gen_stages[7].stage_inst/gen_mac_units[0].mac_inst/acc_s_reg/P[15]
                         net (fo=1, routed)           0.352     2.055    fir_inst/gen_stages[8].stage_inst/gen_mac_units[0].mac_inst/acc_i[15]
    DSP48_X1Y19          DSP48E1                                      r  fir_inst/gen_stages[8].stage_inst/gen_mac_units[0].mac_inst/acc_s_reg/B[15]
  -------------------------------------------------------------------    -------------------

                         (clock sys_clk rise edge)    0.000     0.000 r  
    U14                                               0.000     0.000 r  clk (IN)
                         net (fo=0)                   0.000     0.000    clk
    U14                  IBUF (Prop_ibuf_I_O)         0.464     0.464 r  clk_IBUF_inst/O
                         net (fo=1, routed)           0.683     1.147    clk_IBUF
    BUFGCTRL_X0Y0        BUFG (Prop_bufg_I_O)         0.029     1.176 r  clk_IBUF_BUFG_inst/O
                         net (fo=1568, routed)        0.922     2.097    fir_inst/gen_stages[8].stage_inst/gen_mac_units[0].mac_inst/clk_IBUF_BUFG
    DSP48_X1Y19          DSP48E1                                      r  fir_inst/gen_stages[8].stage_inst/gen_mac_units[0].mac_inst/acc_s_reg/CLK
                         clock pessimism             -0.249     1.849    
    DSP48_X1Y19          DSP48E1 (Hold_dsp48e1_CLK_B[15])
                                                      0.082     1.931    fir_inst/gen_stages[8].stage_inst/gen_mac_units[0].mac_inst/acc_s_reg
  -------------------------------------------------------------------
                         required time                         -1.931    
                         arrival time                           2.055    
  -------------------------------------------------------------------
                         slack                                  0.125    





Pulse Width Checks
--------------------------------------------------------------------------------------
Clock Name:         sys_clk
Waveform(ns):       { 0.000 4.000 }
Period(ns):         8.000
Sources:            { clk }

Check Type        Corner  Lib Pin      Reference Pin  Required(ns)  Actual(ns)  Slack(ns)  Location      Pin
Min Period        n/a     DSP48E1/CLK  n/a            3.884         8.000       4.116      DSP48_X1Y28   fir_inst/gen_stage_0/gen_mac_units[0].mac_inst/mult_s_reg/CLK
Min Period        n/a     DSP48E1/CLK  n/a            3.884         8.000       4.116      DSP48_X1Y18   fir_inst/gen_stages[10].stage_inst/gen_mac_units[0].mac_inst/mult_s_reg/CLK
Min Period        n/a     DSP48E1/CLK  n/a            3.884         8.000       4.116      DSP48_X1Y15   fir_inst/gen_stages[11].stage_inst/gen_mac_units[0].mac_inst/mult_s_reg/CLK
Min Period        n/a     DSP48E1/CLK  n/a            3.884         8.000       4.116      DSP48_X0Y17   fir_inst/gen_stages[12].stage_inst/gen_mac_units[0].mac_inst/mult_s_reg/CLK
Min Period        n/a     DSP48E1/CLK  n/a            3.884         8.000       4.116      DSP48_X0Y15   fir_inst/gen_stages[13].stage_inst/gen_mac_units[0].mac_inst/mult_s_reg/CLK
Min Period        n/a     DSP48E1/CLK  n/a            3.884         8.000       4.116      DSP48_X0Y12   fir_inst/gen_stages[14].stage_inst/gen_mac_units[0].mac_inst/mult_s_reg/CLK
Min Period        n/a     DSP48E1/CLK  n/a            3.884         8.000       4.116      DSP48_X0Y7    fir_inst/gen_stages[15].stage_inst/gen_mac_units[0].mac_inst/mult_s_reg/CLK
Min Period        n/a     DSP48E1/CLK  n/a            3.884         8.000       4.116      DSP48_X0Y10   fir_inst/gen_stages[16].stage_inst/gen_mac_units[0].mac_inst/mult_s_reg/CLK
Min Period        n/a     DSP48E1/CLK  n/a            3.884         8.000       4.116      DSP48_X0Y1    fir_inst/gen_stages[17].stage_inst/gen_mac_units[0].mac_inst/mult_s_reg/CLK
Min Period        n/a     DSP48E1/CLK  n/a            3.884         8.000       4.116      DSP48_X1Y10   fir_inst/gen_stages[18].stage_inst/gen_mac_units[0].mac_inst/mult_s_reg/CLK
Low Pulse Width   Slow    RAMD32/CLK   n/a            1.250         4.000       2.750      SLICE_X32Y61  in_fifo_inst/fifo_data_reg_0_1_0_5/RAMA/CLK
Low Pulse Width   Fast    RAMD32/CLK   n/a            1.250         4.000       2.750      SLICE_X32Y61  in_fifo_inst/fifo_data_reg_0_1_0_5/RAMA/CLK
Low Pulse Width   Slow    RAMD32/CLK   n/a            1.250         4.000       2.750      SLICE_X32Y61  in_fifo_inst/fifo_data_reg_0_1_0_5/RAMA_D1/CLK
Low Pulse Width   Fast    RAMD32/CLK   n/a            1.250         4.000       2.750      SLICE_X32Y61  in_fifo_inst/fifo_data_reg_0_1_0_5/RAMA_D1/CLK
Low Pulse Width   Slow    RAMD32/CLK   n/a            1.250         4.000       2.750      SLICE_X32Y61  in_fifo_inst/fifo_data_reg_0_1_0_5/RAMB/CLK
Low Pulse Width   Fast    RAMD32/CLK   n/a            1.250         4.000       2.750      SLICE_X32Y61  in_fifo_inst/fifo_data_reg_0_1_0_5/RAMB/CLK
Low Pulse Width   Slow    RAMD32/CLK   n/a            1.250         4.000       2.750      SLICE_X32Y61  in_fifo_inst/fifo_data_reg_0_1_0_5/RAMB_D1/CLK
Low Pulse Width   Fast    RAMD32/CLK   n/a            1.250         4.000       2.750      SLICE_X32Y61  in_fifo_inst/fifo_data_reg_0_1_0_5/RAMB_D1/CLK
Low Pulse Width   Slow    RAMD32/CLK   n/a            1.250         4.000       2.750      SLICE_X32Y61  in_fifo_inst/fifo_data_reg_0_1_0_5/RAMC/CLK
Low Pulse Width   Fast    RAMD32/CLK   n/a            1.250         4.000       2.750      SLICE_X32Y61  in_fifo_inst/fifo_data_reg_0_1_0_5/RAMC/CLK
High Pulse Width  Slow    RAMD32/CLK   n/a            1.250         4.000       2.750      SLICE_X32Y61  in_fifo_inst/fifo_data_reg_0_1_0_5/RAMA/CLK
High Pulse Width  Fast    RAMD32/CLK   n/a            1.250         4.000       2.750      SLICE_X32Y61  in_fifo_inst/fifo_data_reg_0_1_0_5/RAMA/CLK
High Pulse Width  Slow    RAMD32/CLK   n/a            1.250         4.000       2.750      SLICE_X32Y61  in_fifo_inst/fifo_data_reg_0_1_0_5/RAMA_D1/CLK
High Pulse Width  Fast    RAMD32/CLK   n/a            1.250         4.000       2.750      SLICE_X32Y61  in_fifo_inst/fifo_data_reg_0_1_0_5/RAMA_D1/CLK
High Pulse Width  Slow    RAMD32/CLK   n/a            1.250         4.000       2.750      SLICE_X32Y61  in_fifo_inst/fifo_data_reg_0_1_0_5/RAMB/CLK
High Pulse Width  Fast    RAMD32/CLK   n/a            1.250         4.000       2.750      SLICE_X32Y61  in_fifo_inst/fifo_data_reg_0_1_0_5/RAMB/CLK
High Pulse Width  Slow    RAMD32/CLK   n/a            1.250         4.000       2.750      SLICE_X32Y61  in_fifo_inst/fifo_data_reg_0_1_0_5/RAMB_D1/CLK
High Pulse Width  Fast    RAMD32/CLK   n/a            1.250         4.000       2.750      SLICE_X32Y61  in_fifo_inst/fifo_data_reg_0_1_0_5/RAMB_D1/CLK
High Pulse Width  Slow    RAMD32/CLK   n/a            1.250         4.000       2.750      SLICE_X32Y61  in_fifo_inst/fifo_data_reg_0_1_0_5/RAMC/CLK
High Pulse Width  Fast    RAMD32/CLK   n/a            1.250         4.000       2.750      SLICE_X32Y61  in_fifo_inst/fifo_data_reg_0_1_0_5/RAMC/CLK



--------------------------------------------------------------------------------------
Path Group:  (none)
From Clock:  sys_clk
  To Clock:  

Max Delay            27 Endpoints
Min Delay            27 Endpoints
--------------------------------------------------------------------------------------


Max Delay Paths
--------------------------------------------------------------------------------------
Slack:                    inf
  Source:                 out_fifo_inst/rd_idx_reg[2]/C
                            (rising edge-triggered cell FDRE clocked by sys_clk  {rise@0.000ns fall@4.000ns period=8.000ns})
  Destination:            out_tdata[23]
                            (output port)
  Path Group:             (none)
  Path Type:              Max at Slow Process Corner
  Data Path Delay:        9.976ns  (logic 3.205ns (32.128%)  route 6.771ns (67.872%))
  Logic Levels:           2  (OBUF=1 RAMD64E=1)
  Clock Uncertainty:      0.025ns  ((TSJ^2 + TIJ^2)^1/2 + DJ) / 2 + PE
    Total System Jitter     (TSJ):    0.050ns
    Total Input Jitter      (TIJ):    0.000ns
    Discrete Jitter          (DJ):    0.000ns
    Phase Error              (PE):    0.000ns

    Location             Delay type                Incr(ns)  Path(ns)    Netlist Resource(s)
  -------------------------------------------------------------------    -------------------
                         (clock sys_clk rise edge)    0.000     0.000 r  
    U14                                               0.000     0.000 r  clk (IN)
                         net (fo=0)                   0.000     0.000    clk
    U14                  IBUF (Prop_ibuf_I_O)         1.046     1.046 r  clk_IBUF_inst/O
                         net (fo=1, routed)           2.076     3.122    clk_IBUF
    BUFGCTRL_X0Y0        BUFG (Prop_bufg_I_O)         0.101     3.223 r  clk_IBUF_BUFG_inst/O
                         net (fo=1568, routed)        1.660     4.883    out_fifo_inst/clk_IBUF_BUFG
    SLICE_X33Y21         FDRE                                         r  out_fifo_inst/rd_idx_reg[2]/C
  -------------------------------------------------------------------    -------------------
    SLICE_X33Y21         FDRE (Prop_fdre_C_Q)         0.456     5.339 r  out_fifo_inst/rd_idx_reg[2]/Q
                         net (fo=29, routed)          2.296     7.635    out_fifo_inst/fifo_data_reg_0_63_21_23/ADDRC2
    SLICE_X34Y21         RAMD64E (Prop_ramd64e_RADR2_O)
                                                      0.124     7.759 r  out_fifo_inst/fifo_data_reg_0_63_21_23/RAMC/O
                         net (fo=1, routed)           4.474    12.234    out_tdata_OBUF[23]
    B20                  OBUF (Prop_obuf_I_O)         2.625    14.859 r  out_tdata_OBUF[23]_inst/O
                         net (fo=0)                   0.000    14.859    out_tdata[23]
    B20                                                               r  out_tdata[23] (OUT)
  -------------------------------------------------------------------    -------------------

Slack:                    inf
  Source:                 out_fifo_inst/rd_idx_reg[0]/C
                            (rising edge-triggered cell FDRE clocked by sys_clk  {rise@0.000ns fall@4.000ns period=8.000ns})
  Destination:            out_tdata[22]
                            (output port)
  Path Group:             (none)
  Path Type:              Max at Slow Process Corner
  Data Path Delay:        9.740ns  (logic 3.208ns (32.934%)  route 6.532ns (67.066%))
  Logic Levels:           2  (OBUF=1 RAMD64E=1)
  Clock Uncertainty:      0.025ns  ((TSJ^2 + TIJ^2)^1/2 + DJ) / 2 + PE
    Total System Jitter     (TSJ):    0.050ns
    Total Input Jitter      (TIJ):    0.000ns
    Discrete Jitter          (DJ):    0.000ns
    Phase Error              (PE):    0.000ns

    Location             Delay type                Incr(ns)  Path(ns)    Netlist Resource(s)
  -------------------------------------------------------------------    -------------------
                         (clock sys_clk rise edge)    0.000     0.000 r  
    U14                                               0.000     0.000 r  clk (IN)
                         net (fo=0)                   0.000     0.000    clk
    U14                  IBUF (Prop_ibuf_I_O)         1.046     1.046 r  clk_IBUF_inst/O
                         net (fo=1, routed)           2.076     3.122    clk_IBUF
    BUFGCTRL_X0Y0        BUFG (Prop_bufg_I_O)         0.101     3.223 r  clk_IBUF_BUFG_inst/O
                         net (fo=1568, routed)        1.657     4.880    out_fifo_inst/clk_IBUF_BUFG
    SLICE_X33Y22         FDRE                                         r  out_fifo_inst/rd_idx_reg[0]/C
  -------------------------------------------------------------------    -------------------
    SLICE_X33Y22         FDRE (Prop_fdre_C_Q)         0.456     5.336 r  out_fifo_inst/rd_idx_reg[0]/Q
                         net (fo=31, routed)          2.104     7.440    out_fifo_inst/fifo_data_reg_0_63_21_23/ADDRB0
    SLICE_X34Y21         RAMD64E (Prop_ramd64e_RADR0_O)
                                                      0.124     7.564 r  out_fifo_inst/fifo_data_reg_0_63_21_23/RAMB/O
                         net (fo=1, routed)           4.429    11.992    out_tdata_OBUF[22]
    B19                  OBUF (Prop_obuf_I_O)         2.628    14.620 r  out_tdata_OBUF[22]_inst/O
                         net (fo=0)                   0.000    14.620    out_tdata[22]
    B19                                                               r  out_tdata[22] (OUT)
  -------------------------------------------------------------------    -------------------

Slack:                    inf
  Source:                 out_fifo_inst/rd_idx_reg[0]/C
                            (rising edge-triggered cell FDRE clocked by sys_clk  {rise@0.000ns fall@4.000ns period=8.000ns})
  Destination:            out_tdata[13]
                            (output port)
  Path Group:             (none)
  Path Type:              Max at Slow Process Corner
  Data Path Delay:        9.531ns  (logic 3.184ns (33.410%)  route 6.347ns (66.590%))
  Logic Levels:           2  (OBUF=1 RAMD64E=1)
  Clock Uncertainty:      0.025ns  ((TSJ^2 + TIJ^2)^1/2 + DJ) / 2 + PE
    Total System Jitter     (TSJ):    0.050ns
    Total Input Jitter      (TIJ):    0.000ns
    Discrete Jitter          (DJ):    0.000ns
    Phase Error              (PE):    0.000ns

    Location             Delay type                Incr(ns)  Path(ns)    Netlist Resource(s)
  -------------------------------------------------------------------    -------------------
                         (clock sys_clk rise edge)    0.000     0.000 r  
    U14                                               0.000     0.000 r  clk (IN)
                         net (fo=0)                   0.000     0.000    clk
    U14                  IBUF (Prop_ibuf_I_O)         1.046     1.046 r  clk_IBUF_inst/O
                         net (fo=1, routed)           2.076     3.122    clk_IBUF
    BUFGCTRL_X0Y0        BUFG (Prop_bufg_I_O)         0.101     3.223 r  clk_IBUF_BUFG_inst/O
                         net (fo=1568, routed)        1.657     4.880    out_fifo_inst/clk_IBUF_BUFG
    SLICE_X33Y22         FDRE                                         r  out_fifo_inst/rd_idx_reg[0]/C
  -------------------------------------------------------------------    -------------------
    SLICE_X33Y22         FDRE (Prop_fdre_C_Q)         0.456     5.336 r  out_fifo_inst/rd_idx_reg[0]/Q
                         net (fo=31, routed)          2.124     7.460    out_fifo_inst/fifo_data_reg_0_63_12_14/ADDRB0
    SLICE_X32Y18         RAMD64E (Prop_ramd64e_RADR0_O)
                                                      0.124     7.584 r  out_fifo_inst/fifo_data_reg_0_63_12_14/RAMB/O
                         net (fo=1, routed)           4.223    11.807    out_tdata_OBUF[13]
    F17                  OBUF (Prop_obuf_I_O)         2.604    14.411 r  out_tdata_OBUF[13]_inst/O
                         net (fo=0)                   0.000    14.411    out_tdata[13]
    F17                                                               r  out_tdata[13] (OUT)
  -------------------------------------------------------------------    -------------------

Slack:                    inf
  Source:                 out_fifo_inst/rd_idx_reg[1]/C
                            (rising edge-triggered cell FDRE clocked by sys_clk  {rise@0.000ns fall@4.000ns period=8.000ns})
  Destination:            out_tdata[19]
                            (output port)
  Path Group:             (none)
  Path Type:              Max at Slow Process Corner
  Data Path Delay:        9.399ns  (logic 3.183ns (33.862%)  route 6.217ns (66.138%))
  Logic Levels:           2  (OBUF=1 RAMD64E=1)
  Clock Uncertainty:      0.025ns  ((TSJ^2 + TIJ^2)^1/2 + DJ) / 2 + PE
    Total System Jitter     (TSJ):    0.050ns
    Total Input Jitter      (TIJ):    0.000ns
    Discrete Jitter          (DJ):    0.000ns
    Phase Error              (PE):    0.000ns

    Location             Delay type                Incr(ns)  Path(ns)    Netlist Resource(s)
  -------------------------------------------------------------------    -------------------
                         (clock sys_clk rise edge)    0.000     0.000 r  
    U14                                               0.000     0.000 r  clk (IN)
                         net (fo=0)                   0.000     0.000    clk
    U14                  IBUF (Prop_ibuf_I_O)         1.046     1.046 r  clk_IBUF_inst/O
                         net (fo=1, routed)           2.076     3.122    clk_IBUF
    BUFGCTRL_X0Y0        BUFG (Prop_bufg_I_O)         0.101     3.223 r  clk_IBUF_BUFG_inst/O
                         net (fo=1568, routed)        1.660     4.883    out_fifo_inst/clk_IBUF_BUFG
    SLICE_X33Y21         FDRE                                         r  out_fifo_inst/rd_idx_reg[1]/C
  -------------------------------------------------------------------    -------------------
    SLICE_X33Y21         FDRE (Prop_fdre_C_Q)         0.456     5.339 r  out_fifo_inst/rd_idx_reg[1]/Q
                         net (fo=30, routed)          1.795     7.134    out_fifo_inst/fifo_data_reg_0_63_18_20/ADDRB1
    SLICE_X34Y18         RAMD64E (Prop_ramd64e_RADR1_O)
                                                      0.124     7.258 r  out_fifo_inst/fifo_data_reg_0_63_18_20/RAMB/O
                         net (fo=1, routed)           4.422    11.680    out_tdata_OBUF[19]
    D18                  OBUF (Prop_obuf_I_O)         2.603    14.282 r  out_tdata_OBUF[19]_inst/O
                         net (fo=0)                   0.000    14.282    out_tdata[19]
    D18                                                               r  out_tdata[19] (OUT)
  -------------------------------------------------------------------    -------------------

Slack:                    inf
  Source:                 out_fifo_inst/rd_idx_reg[0]/C
                            (rising edge-triggered cell FDRE clocked by sys_clk  {rise@0.000ns fall@4.000ns period=8.000ns})
  Destination:            out_tdata[9]
                            (output port)
  Path Group:             (none)
  Path Type:              Max at Slow Process Corner
  Data Path Delay:        9.388ns  (logic 3.262ns (34.753%)  route 6.125ns (65.247%))
  Logic Levels:           2  (OBUF=1 RAMD64E=1)
  Clock Uncertainty:      0.025ns  ((TSJ^2 + TIJ^2)^1/2 + DJ) / 2 + PE
    Total System Jitter     (TSJ):    0.050ns
    Total Input Jitter      (TIJ):    0.000ns
    Discrete Jitter          (DJ):    0.000ns
    Phase Error              (PE):    0.000ns

    Location             Delay type                Incr(ns)  Path(ns)    Netlist Resource(s)
  -------------------------------------------------------------------    -------------------
                         (clock sys_clk rise edge)    0.000     0.000 r  
    U14                                               0.000     0.000 r  clk (IN)
                         net (fo=0)                   0.000     0.000    clk
    U14                  IBUF (Prop_ibuf_I_O)         1.046     1.046 r  clk_IBUF_inst/O
                         net (fo=1, routed)           2.076     3.122    clk_IBUF
    BUFGCTRL_X0Y0        BUFG (Prop_bufg_I_O)         0.101     3.223 r  clk_IBUF_BUFG_inst/O
                         net (fo=1568, routed)        1.657     4.880    out_fifo_inst/clk_IBUF_BUFG
    SLICE_X33Y22         FDRE                                         r  out_fifo_inst/rd_idx_reg[0]/C
  -------------------------------------------------------------------    -------------------
    SLICE_X33Y22         FDRE (Prop_fdre_C_Q)         0.456     5.336 r  out_fifo_inst/rd_idx_reg[0]/Q
                         net (fo=31, routed)          1.999     7.335    out_fifo_inst/fifo_data_reg_0_63_9_11/ADDRA0
    SLICE_X34Y17         RAMD64E (Prop_ramd64e_RADR0_O)
                                                      0.124     7.459 r  out_fifo_inst/fifo_data_reg_0_63_9_11/RAMA/O
                         net (fo=1, routed)           4.126    11.585    out_tdata_OBUF[9]
    M18                  OBUF (Prop_obuf_I_O)         2.682    14.267 r  out_tdata_OBUF[9]_inst/O
                         net (fo=0)                   0.000    14.267    out_tdata[9]
    M18                                                               r  out_tdata[9] (OUT)
  -------------------------------------------------------------------    -------------------

Slack:                    inf
  Source:                 out_fifo_inst/rd_idx_reg[2]/C
                            (rising edge-triggered cell FDRE clocked by sys_clk  {rise@0.000ns fall@4.000ns period=8.000ns})
  Destination:            out_tdata[2]
                            (output port)
  Path Group:             (none)
  Path Type:              Max at Slow Process Corner
  Data Path Delay:        9.384ns  (logic 3.220ns (34.310%)  route 6.164ns (65.690%))
  Logic Levels:           2  (OBUF=1 RAMD64E=1)
  Clock Uncertainty:      0.025ns  ((TSJ^2 + TIJ^2)^1/2 + DJ) / 2 + PE
    Total System Jitter     (TSJ):    0.050ns
    Total Input Jitter      (TIJ):    0.000ns
    Discrete Jitter          (DJ):    0.000ns
    Phase Error              (PE):    0.000ns

    Location             Delay type                Incr(ns)  Path(ns)    Netlist Resource(s)
  -------------------------------------------------------------------    -------------------
                         (clock sys_clk rise edge)    0.000     0.000 r  
    U14                                               0.000     0.000 r  clk (IN)
                         net (fo=0)                   0.000     0.000    clk
    U14                  IBUF (Prop_ibuf_I_O)         1.046     1.046 r  clk_IBUF_inst/O
                         net (fo=1, routed)           2.076     3.122    clk_IBUF
    BUFGCTRL_X0Y0        BUFG (Prop_bufg_I_O)         0.101     3.223 r  clk_IBUF_BUFG_inst/O
                         net (fo=1568, routed)        1.660     4.883    out_fifo_inst/clk_IBUF_BUFG
    SLICE_X33Y21         FDRE                                         r  out_fifo_inst/rd_idx_reg[2]/C
  -------------------------------------------------------------------    -------------------
    SLICE_X33Y21         FDRE (Prop_fdre_C_Q)         0.456     5.339 r  out_fifo_inst/rd_idx_reg[2]/Q
                         net (fo=29, routed)          2.156     7.495    out_fifo_inst/fifo_data_reg_0_63_0_2/ADDRC2
    SLICE_X34Y20         RAMD64E (Prop_ramd64e_RADR2_O)
                                                      0.124     7.619 r  out_fifo_inst/fifo_data_reg_0_63_0_2/RAMC/O
                         net (fo=1, routed)           4.008    11.627    out_tdata_OBUF[2]
    K17                  OBUF (Prop_obuf_I_O)         2.640    14.267 r  out_tdata_OBUF[2]_inst/O
                         net (fo=0)                   0.000    14.267    out_tdata[2]
    K17                                                               r  out_tdata[2] (OUT)
  -------------------------------------------------------------------    -------------------

Slack:                    inf
  Source:                 out_fifo_inst/rd_idx_reg[4]/C
                            (rising edge-triggered cell FDRE clocked by sys_clk  {rise@0.000ns fall@4.000ns period=8.000ns})
  Destination:            out_tdata[11]
                            (output port)
  Path Group:             (none)
  Path Type:              Max at Slow Process Corner
  Data Path Delay:        9.337ns  (logic 3.402ns (36.436%)  route 5.935ns (63.564%))
  Logic Levels:           2  (OBUF=1 RAMD64E=1)
  Clock Uncertainty:      0.025ns  ((TSJ^2 + TIJ^2)^1/2 + DJ) / 2 + PE
    Total System Jitter     (TSJ):    0.050ns
    Total Input Jitter      (TIJ):    0.000ns
    Discrete Jitter          (DJ):    0.000ns
    Phase Error              (PE):    0.000ns

    Location             Delay type                Incr(ns)  Path(ns)    Netlist Resource(s)
  -------------------------------------------------------------------    -------------------
                         (clock sys_clk rise edge)    0.000     0.000 r  
    U14                                               0.000     0.000 r  clk (IN)
                         net (fo=0)                   0.000     0.000    clk
    U14                  IBUF (Prop_ibuf_I_O)         1.046     1.046 r  clk_IBUF_inst/O
                         net (fo=1, routed)           2.076     3.122    clk_IBUF
    BUFGCTRL_X0Y0        BUFG (Prop_bufg_I_O)         0.101     3.223 r  clk_IBUF_BUFG_inst/O
                         net (fo=1568, routed)        1.660     4.883    out_fifo_inst/clk_IBUF_BUFG
    SLICE_X33Y21         FDRE                                         r  out_fifo_inst/rd_idx_reg[4]/C
  -------------------------------------------------------------------    -------------------
    SLICE_X33Y21         FDRE (Prop_fdre_C_Q)         0.419     5.302 r  out_fifo_inst/rd_idx_reg[4]/Q
                         net (fo=29, routed)          1.526     6.828    out_fifo_inst/fifo_data_reg_0_63_9_11/ADDRC4
    SLICE_X34Y17         RAMD64E (Prop_ramd64e_RADR4_O)
                                                      0.299     7.127 r  out_fifo_inst/fifo_data_reg_0_63_9_11/RAMC/O
                         net (fo=1, routed)           4.409    11.536    out_tdata_OBUF[11]
    M20                  OBUF (Prop_obuf_I_O)         2.684    14.220 r  out_tdata_OBUF[11]_inst/O
                         net (fo=0)                   0.000    14.220    out_tdata[11]
    M20                                                               r  out_tdata[11] (OUT)
  -------------------------------------------------------------------    -------------------

Slack:                    inf
  Source:                 out_fifo_inst/rd_idx_reg[0]/C
                            (rising edge-triggered cell FDRE clocked by sys_clk  {rise@0.000ns fall@4.000ns period=8.000ns})
  Destination:            out_tdata[12]
                            (output port)
  Path Group:             (none)
  Path Type:              Max at Slow Process Corner
  Data Path Delay:        9.309ns  (logic 3.274ns (35.169%)  route 6.035ns (64.831%))
  Logic Levels:           2  (OBUF=1 RAMD64E=1)
  Clock Uncertainty:      0.025ns  ((TSJ^2 + TIJ^2)^1/2 + DJ) / 2 + PE
    Total System Jitter     (TSJ):    0.050ns
    Total Input Jitter      (TIJ):    0.000ns
    Discrete Jitter          (DJ):    0.000ns
    Phase Error              (PE):    0.000ns

    Location             Delay type                Incr(ns)  Path(ns)    Netlist Resource(s)
  -------------------------------------------------------------------    -------------------
                         (clock sys_clk rise edge)    0.000     0.000 r  
    U14                                               0.000     0.000 r  clk (IN)
                         net (fo=0)                   0.000     0.000    clk
    U14                  IBUF (Prop_ibuf_I_O)         1.046     1.046 r  clk_IBUF_inst/O
                         net (fo=1, routed)           2.076     3.122    clk_IBUF
    BUFGCTRL_X0Y0        BUFG (Prop_bufg_I_O)         0.101     3.223 r  clk_IBUF_BUFG_inst/O
                         net (fo=1568, routed)        1.657     4.880    out_fifo_inst/clk_IBUF_BUFG
    SLICE_X33Y22         FDRE                                         r  out_fifo_inst/rd_idx_reg[0]/C
  -------------------------------------------------------------------    -------------------
    SLICE_X33Y22         FDRE (Prop_fdre_C_Q)         0.456     5.336 r  out_fifo_inst/rd_idx_reg[0]/Q
                         net (fo=31, routed)          2.134     7.470    out_fifo_inst/fifo_data_reg_0_63_12_14/ADDRA0
    SLICE_X32Y18         RAMD64E (Prop_ramd64e_RADR0_O)
                                                      0.124     7.594 r  out_fifo_inst/fifo_data_reg_0_63_12_14/RAMA/O
                         net (fo=1, routed)           3.901    11.495    out_tdata_OBUF[12]
    M19                  OBUF (Prop_obuf_I_O)         2.694    14.189 r  out_tdata_OBUF[12]_inst/O
                         net (fo=0)                   0.000    14.189    out_tdata[12]
    M19                                                               r  out_tdata[12] (OUT)
  -------------------------------------------------------------------    -------------------

Slack:                    inf
  Source:                 out_fifo_inst/rd_idx_reg[1]/C
                            (rising edge-triggered cell FDRE clocked by sys_clk  {rise@0.000ns fall@4.000ns period=8.000ns})
  Destination:            out_tdata[20]
                            (output port)
  Path Group:             (none)
  Path Type:              Max at Slow Process Corner
  Data Path Delay:        9.288ns  (logic 3.183ns (34.273%)  route 6.104ns (65.727%))
  Logic Levels:           2  (OBUF=1 RAMD64E=1)
  Clock Uncertainty:      0.025ns  ((TSJ^2 + TIJ^2)^1/2 + DJ) / 2 + PE
    Total System Jitter     (TSJ):    0.050ns
    Total Input Jitter      (TIJ):    0.000ns
    Discrete Jitter          (DJ):    0.000ns
    Phase Error              (PE):    0.000ns

    Location             Delay type                Incr(ns)  Path(ns)    Netlist Resource(s)
  -------------------------------------------------------------------    -------------------
                         (clock sys_clk rise edge)    0.000     0.000 r  
    U14                                               0.000     0.000 r  clk (IN)
                         net (fo=0)                   0.000     0.000    clk
    U14                  IBUF (Prop_ibuf_I_O)         1.046     1.046 r  clk_IBUF_inst/O
                         net (fo=1, routed)           2.076     3.122    clk_IBUF
    BUFGCTRL_X0Y0        BUFG (Prop_bufg_I_O)         0.101     3.223 r  clk_IBUF_BUFG_inst/O
                         net (fo=1568, routed)        1.660     4.883    out_fifo_inst/clk_IBUF_BUFG
    SLICE_X33Y21         FDRE                                         r  out_fifo_inst/rd_idx_reg[1]/C
  -------------------------------------------------------------------    -------------------
    SLICE_X33Y21         FDRE (Prop_fdre_C_Q)         0.456     5.339 r  out_fifo_inst/rd_idx_reg[1]/Q
                         net (fo=30, routed)          1.637     6.976    out_fifo_inst/fifo_data_reg_0_63_18_20/ADDRC1
    SLICE_X34Y18         RAMD64E (Prop_ramd64e_RADR1_O)
                                                      0.124     7.100 r  out_fifo_inst/fifo_data_reg_0_63_18_20/RAMC/O
                         net (fo=1, routed)           4.468    11.567    out_tdata_OBUF[20]
    E17                  OBUF (Prop_obuf_I_O)         2.603    14.171 r  out_tdata_OBUF[20]_inst/O
                         net (fo=0)                   0.000    14.171    out_tdata[20]
    E17                                                               r  out_tdata[20] (OUT)
  -------------------------------------------------------------------    -------------------

Slack:                    inf
  Source:                 out_fifo_inst/rd_idx_reg[0]/C
                            (rising edge-triggered cell FDRE clocked by sys_clk  {rise@0.000ns fall@4.000ns period=8.000ns})
  Destination:            out_tdata[14]
                            (output port)
  Path Group:             (none)
  Path Type:              Max at Slow Process Corner
  Data Path Delay:        9.286ns  (logic 3.187ns (34.323%)  route 6.099ns (65.677%))
  Logic Levels:           2  (OBUF=1 RAMD64E=1)
  Clock Uncertainty:      0.025ns  ((TSJ^2 + TIJ^2)^1/2 + DJ) / 2 + PE
    Total System Jitter     (TSJ):    0.050ns
    Total Input Jitter      (TIJ):    0.000ns
    Discrete Jitter          (DJ):    0.000ns
    Phase Error              (PE):    0.000ns

    Location             Delay type                Incr(ns)  Path(ns)    Netlist Resource(s)
  -------------------------------------------------------------------    -------------------
                         (clock sys_clk rise edge)    0.000     0.000 r  
    U14                                               0.000     0.000 r  clk (IN)
                         net (fo=0)                   0.000     0.000    clk
    U14                  IBUF (Prop_ibuf_I_O)         1.046     1.046 r  clk_IBUF_inst/O
                         net (fo=1, routed)           2.076     3.122    clk_IBUF
    BUFGCTRL_X0Y0        BUFG (Prop_bufg_I_O)         0.101     3.223 r  clk_IBUF_BUFG_inst/O
                         net (fo=1568, routed)        1.657     4.880    out_fifo_inst/clk_IBUF_BUFG
    SLICE_X33Y22         FDRE                                         r  out_fifo_inst/rd_idx_reg[0]/C
  -------------------------------------------------------------------    -------------------
    SLICE_X33Y22         FDRE (Prop_fdre_C_Q)         0.456     5.336 r  out_fifo_inst/rd_idx_reg[0]/Q
                         net (fo=31, routed)          1.836     7.172    out_fifo_inst/fifo_data_reg_0_63_12_14/ADDRC0
    SLICE_X32Y18         RAMD64E (Prop_ramd64e_RADR0_O)
                                                      0.124     7.296 r  out_fifo_inst/fifo_data_reg_0_63_12_14/RAMC/O
                         net (fo=1, routed)           4.263    11.559    out_tdata_OBUF[14]
    F16                  OBUF (Prop_obuf_I_O)         2.607    14.166 r  out_tdata_OBUF[14]_inst/O
                         net (fo=0)                   0.000    14.166    out_tdata[14]
    F16                                                               r  out_tdata[14] (OUT)
  -------------------------------------------------------------------    -------------------





Min Delay Paths
--------------------------------------------------------------------------------------
Slack:                    inf
  Source:                 out_fifo_inst/count_reg[0]/C
                            (rising edge-triggered cell FDRE clocked by sys_clk  {rise@0.000ns fall@4.000ns period=8.000ns})
  Destination:            out_tvalid
                            (output port)
  Path Group:             (none)
  Path Type:              Min at Fast Process Corner
  Data Path Delay:        2.089ns  (logic 1.363ns (65.239%)  route 0.726ns (34.761%))
  Logic Levels:           2  (LUT6=1 OBUF=1)
  Clock Uncertainty:      0.025ns  ((TSJ^2 + TIJ^2)^1/2 + DJ) / 2 + PE
    Total System Jitter     (TSJ):    0.050ns
    Total Input Jitter      (TIJ):    0.000ns
    Discrete Jitter          (DJ):    0.000ns
    Phase Error              (PE):    0.000ns

    Location             Delay type                Incr(ns)  Path(ns)    Netlist Resource(s)
  -------------------------------------------------------------------    -------------------
                         (clock sys_clk rise edge)    0.000     0.000 r  
    U14                                               0.000     0.000 r  clk (IN)
                         net (fo=0)                   0.000     0.000    clk
    U14                  IBUF (Prop_ibuf_I_O)         0.274     0.274 r  clk_IBUF_inst/O
                         net (fo=1, routed)           0.627     0.901    clk_IBUF
    BUFGCTRL_X0Y0        BUFG (Prop_bufg_I_O)         0.026     0.927 r  clk_IBUF_BUFG_inst/O
                         net (fo=1568, routed)        0.561     1.488    out_fifo_inst/clk_IBUF_BUFG
    SLICE_X31Y39         FDRE                                         r  out_fifo_inst/count_reg[0]/C
  -------------------------------------------------------------------    -------------------
    SLICE_X31Y39         FDRE (Prop_fdre_C_Q)         0.141     1.629 r  out_fifo_inst/count_reg[0]/Q
                         net (fo=4, routed)           0.124     1.753    out_fifo_inst/count_reg_n_0_[0]
    SLICE_X30Y39         LUT6 (Prop_lut6_I3_O)        0.045     1.798 r  out_fifo_inst/out_tvalid_OBUF_inst_i_1/O
                         net (fo=3, routed)           0.602     2.400    out_tvalid_OBUF
    R14                  OBUF (Prop_obuf_I_O)         1.177     3.577 r  out_tvalid_OBUF_inst/O
                         net (fo=0)                   0.000     3.577    out_tvalid
    R14                                                               r  out_tvalid (OUT)
  -------------------------------------------------------------------    -------------------

Slack:                    inf
  Source:                 in_fifo_inst/count_reg[0]/C
                            (rising edge-triggered cell FDRE clocked by sys_clk  {rise@0.000ns fall@4.000ns period=8.000ns})
  Destination:            in_tready
                            (output port)
  Path Group:             (none)
  Path Type:              Min at Fast Process Corner
  Data Path Delay:        2.248ns  (logic 1.502ns (66.806%)  route 0.746ns (33.194%))
  Logic Levels:           2  (LUT2=1 OBUF=1)
  Clock Uncertainty:      0.025ns  ((TSJ^2 + TIJ^2)^1/2 + DJ) / 2 + PE
    Total System Jitter     (TSJ):    0.050ns
    Total Input Jitter      (TIJ):    0.000ns
    Discrete Jitter          (DJ):    0.000ns
    Phase Error              (PE):    0.000ns

    Location             Delay type                Incr(ns)  Path(ns)    Netlist Resource(s)
  -------------------------------------------------------------------    -------------------
                         (clock sys_clk rise edge)    0.000     0.000 r  
    U14                                               0.000     0.000 r  clk (IN)
                         net (fo=0)                   0.000     0.000    clk
    U14                  IBUF (Prop_ibuf_I_O)         0.274     0.274 r  clk_IBUF_inst/O
                         net (fo=1, routed)           0.627     0.901    clk_IBUF
    BUFGCTRL_X0Y0        BUFG (Prop_bufg_I_O)         0.026     0.927 r  clk_IBUF_BUFG_inst/O
                         net (fo=1568, routed)        0.561     1.488    in_fifo_inst/clk_IBUF_BUFG
    SLICE_X32Y39         FDRE                                         r  in_fifo_inst/count_reg[0]/C
  -------------------------------------------------------------------    -------------------
    SLICE_X32Y39         FDRE (Prop_fdre_C_Q)         0.164     1.652 r  in_fifo_inst/count_reg[0]/Q
                         net (fo=10, routed)          0.188     1.840    in_fifo_inst/Q[0]
    SLICE_X32Y38         LUT2 (Prop_lut2_I0_O)        0.048     1.888 r  in_fifo_inst/in_tready_OBUF_inst_i_1/O
                         net (fo=1, routed)           0.558     2.446    in_tready_OBUF
    Y17                  OBUF (Prop_obuf_I_O)         1.290     3.736 r  in_tready_OBUF_inst/O
                         net (fo=0)                   0.000     3.736    in_tready
    Y17                                                               r  in_tready (OUT)
  -------------------------------------------------------------------    -------------------

Slack:                    inf
  Source:                 out_fifo_inst/count_reg[0]/C
                            (rising edge-triggered cell FDRE clocked by sys_clk  {rise@0.000ns fall@4.000ns period=8.000ns})
  Destination:            out_tlast
                            (output port)
  Path Group:             (none)
  Path Type:              Min at Fast Process Corner
  Data Path Delay:        2.483ns  (logic 1.526ns (61.444%)  route 0.957ns (38.556%))
  Logic Levels:           3  (LUT2=1 LUT6=1 OBUF=1)
  Clock Uncertainty:      0.025ns  ((TSJ^2 + TIJ^2)^1/2 + DJ) / 2 + PE
    Total System Jitter     (TSJ):    0.050ns
    Total Input Jitter      (TIJ):    0.000ns
    Discrete Jitter          (DJ):    0.000ns
    Phase Error              (PE):    0.000ns

    Location             Delay type                Incr(ns)  Path(ns)    Netlist Resource(s)
  -------------------------------------------------------------------    -------------------
                         (clock sys_clk rise edge)    0.000     0.000 r  
    U14                                               0.000     0.000 r  clk (IN)
                         net (fo=0)                   0.000     0.000    clk
    U14                  IBUF (Prop_ibuf_I_O)         0.274     0.274 r  clk_IBUF_inst/O
                         net (fo=1, routed)           0.627     0.901    clk_IBUF
    BUFGCTRL_X0Y0        BUFG (Prop_bufg_I_O)         0.026     0.927 r  clk_IBUF_BUFG_inst/O
                         net (fo=1568, routed)        0.561     1.488    out_fifo_inst/clk_IBUF_BUFG
    SLICE_X31Y39         FDRE                                         r  out_fifo_inst/count_reg[0]/C
  -------------------------------------------------------------------    -------------------
    SLICE_X31Y39         FDRE (Prop_fdre_C_Q)         0.141     1.629 r  out_fifo_inst/count_reg[0]/Q
                         net (fo=4, routed)           0.124     1.753    out_fifo_inst/count_reg_n_0_[0]
    SLICE_X30Y39         LUT6 (Prop_lut6_I3_O)        0.045     1.798 r  out_fifo_inst/out_tvalid_OBUF_inst_i_1/O
                         net (fo=3, routed)           0.335     2.133    out_fifo_inst/out_tvalid_OBUF
    SLICE_X34Y35         LUT2 (Prop_lut2_I0_O)        0.043     2.176 r  out_fifo_inst/out_tlast_OBUF_inst_i_1/O
                         net (fo=1, routed)           0.498     2.674    out_tlast_OBUF
    Y16                  OBUF (Prop_obuf_I_O)         1.297     3.971 r  out_tlast_OBUF_inst/O
                         net (fo=0)                   0.000     3.971    out_tlast
    Y16                                                               r  out_tlast (OUT)
  -------------------------------------------------------------------    -------------------

Slack:                    inf
  Source:                 out_fifo_inst/fifo_data_reg_0_63_0_2/RAMA/CLK
                            (rising edge-triggered cell RAMD64E clocked by sys_clk  {rise@0.000ns fall@4.000ns period=8.000ns})
  Destination:            out_tdata[0]
                            (output port)
  Path Group:             (none)
  Path Type:              Min at Fast Process Corner
  Data Path Delay:        2.774ns  (logic 1.600ns (57.672%)  route 1.174ns (42.328%))
  Logic Levels:           1  (OBUF=1)
  Clock Uncertainty:      0.025ns  ((TSJ^2 + TIJ^2)^1/2 + DJ) / 2 + PE
    Total System Jitter     (TSJ):    0.050ns
    Total Input Jitter      (TIJ):    0.000ns
    Discrete Jitter          (DJ):    0.000ns
    Phase Error              (PE):    0.000ns

    Location             Delay type                Incr(ns)  Path(ns)    Netlist Resource(s)
  -------------------------------------------------------------------    -------------------
                         (clock sys_clk rise edge)    0.000     0.000 r  
    U14                                               0.000     0.000 r  clk (IN)
                         net (fo=0)                   0.000     0.000    clk
    U14                  IBUF (Prop_ibuf_I_O)         0.274     0.274 r  clk_IBUF_inst/O
                         net (fo=1, routed)           0.627     0.901    clk_IBUF
    BUFGCTRL_X0Y0        BUFG (Prop_bufg_I_O)         0.026     0.927 r  clk_IBUF_BUFG_inst/O
                         net (fo=1568, routed)        0.554     1.481    out_fifo_inst/fifo_data_reg_0_63_0_2/WCLK
    SLICE_X34Y20         RAMD64E                                      r  out_fifo_inst/fifo_data_reg_0_63_0_2/RAMA/CLK
  -------------------------------------------------------------------    -------------------
    SLICE_X34Y20         RAMD64E (Prop_ramd64e_CLK_O)
                                                      0.478     1.959 r  out_fifo_inst/fifo_data_reg_0_63_0_2/RAMA/O
                         net (fo=1, routed)           1.174     3.133    out_tdata_OBUF[0]
    H16                  OBUF (Prop_obuf_I_O)         1.122     4.255 r  out_tdata_OBUF[0]_inst/O
                         net (fo=0)                   0.000     4.255    out_tdata[0]
    H16                                                               r  out_tdata[0] (OUT)
  -------------------------------------------------------------------    -------------------

Slack:                    inf
  Source:                 out_fifo_inst/fifo_data_reg_0_63_3_5/RAMA/CLK
                            (rising edge-triggered cell RAMD64E clocked by sys_clk  {rise@0.000ns fall@4.000ns period=8.000ns})
  Destination:            out_tdata[3]
                            (output port)
  Path Group:             (none)
  Path Type:              Min at Fast Process Corner
  Data Path Delay:        2.773ns  (logic 1.637ns (59.014%)  route 1.137ns (40.986%))
  Logic Levels:           1  (OBUF=1)
  Clock Uncertainty:      0.025ns  ((TSJ^2 + TIJ^2)^1/2 + DJ) / 2 + PE
    Total System Jitter     (TSJ):    0.050ns
    Total Input Jitter      (TIJ):    0.000ns
    Discrete Jitter          (DJ):    0.000ns
    Phase Error              (PE):    0.000ns

    Location             Delay type                Incr(ns)  Path(ns)    Netlist Resource(s)
  -------------------------------------------------------------------    -------------------
                         (clock sys_clk rise edge)    0.000     0.000 r  
    U14                                               0.000     0.000 r  clk (IN)
                         net (fo=0)                   0.000     0.000    clk
    U14                  IBUF (Prop_ibuf_I_O)         0.274     0.274 r  clk_IBUF_inst/O
                         net (fo=1, routed)           0.627     0.901    clk_IBUF
    BUFGCTRL_X0Y0        BUFG (Prop_bufg_I_O)         0.026     0.927 r  clk_IBUF_BUFG_inst/O
                         net (fo=1568, routed)        0.555     1.482    out_fifo_inst/fifo_data_reg_0_63_3_5/WCLK
    SLICE_X34Y19         RAMD64E                                      r  out_fifo_inst/fifo_data_reg_0_63_3_5/RAMA/CLK
  -------------------------------------------------------------------    -------------------
    SLICE_X34Y19         RAMD64E (Prop_ramd64e_CLK_O)
                                                      0.478     1.960 r  out_fifo_inst/fifo_data_reg_0_63_3_5/RAMA/O
                         net (fo=1, routed)           1.137     3.096    out_tdata_OBUF[3]
    L17                  OBUF (Prop_obuf_I_O)         1.159     4.255 r  out_tdata_OBUF[3]_inst/O
                         net (fo=0)                   0.000     4.255    out_tdata[3]
    L17                                                               r  out_tdata[3] (OUT)
  -------------------------------------------------------------------    -------------------

Slack:                    inf
  Source:                 out_fifo_inst/fifo_data_reg_0_63_0_2/RAMB/CLK
                            (rising edge-triggered cell RAMD64E clocked by sys_clk  {rise@0.000ns fall@4.000ns period=8.000ns})
  Destination:            out_tdata[1]
                            (output port)
  Path Group:             (none)
  Path Type:              Min at Fast Process Corner
  Data Path Delay:        2.783ns  (logic 1.541ns (55.390%)  route 1.241ns (44.610%))
  Logic Levels:           1  (OBUF=1)
  Clock Uncertainty:      0.025ns  ((TSJ^2 + TIJ^2)^1/2 + DJ) / 2 + PE
    Total System Jitter     (TSJ):    0.050ns
    Total Input Jitter      (TIJ):    0.000ns
    Discrete Jitter          (DJ):    0.000ns
    Phase Error              (PE):    0.000ns

    Location             Delay type                Incr(ns)  Path(ns)    Netlist Resource(s)
  -------------------------------------------------------------------    -------------------
                         (clock sys_clk rise edge)    0.000     0.000 r  
    U14                                               0.000     0.000 r  clk (IN)
                         net (fo=0)                   0.000     0.000    clk
    U14                  IBUF (Prop_ibuf_I_O)         0.274     0.274 r  clk_IBUF_inst/O
                         net (fo=1, routed)           0.627     0.901    clk_IBUF
    BUFGCTRL_X0Y0        BUFG (Prop_bufg_I_O)         0.026     0.927 r  clk_IBUF_BUFG_inst/O
                         net (fo=1568, routed)        0.554     1.481    out_fifo_inst/fifo_data_reg_0_63_0_2/WCLK
    SLICE_X34Y20         RAMD64E                                      r  out_fifo_inst/fifo_data_reg_0_63_0_2/RAMB/CLK
  -------------------------------------------------------------------    -------------------
    SLICE_X34Y20         RAMD64E (Prop_ramd64e_CLK_O)
                                                      0.388     1.869 r  out_fifo_inst/fifo_data_reg_0_63_0_2/RAMB/O
                         net (fo=1, routed)           1.241     3.110    out_tdata_OBUF[1]
    K18                  OBUF (Prop_obuf_I_O)         1.153     4.264 r  out_tdata_OBUF[1]_inst/O
                         net (fo=0)                   0.000     4.264    out_tdata[1]
    K18                                                               r  out_tdata[1] (OUT)
  -------------------------------------------------------------------    -------------------

Slack:                    inf
  Source:                 out_fifo_inst/rd_idx_reg[5]/C
                            (rising edge-triggered cell FDRE clocked by sys_clk  {rise@0.000ns fall@4.000ns period=8.000ns})
  Destination:            out_tdata[15]
                            (output port)
  Path Group:             (none)
  Path Type:              Min at Fast Process Corner
  Data Path Delay:        2.803ns  (logic 1.326ns (47.307%)  route 1.477ns (52.693%))
  Logic Levels:           2  (OBUF=1 RAMD64E=1)
  Clock Uncertainty:      0.025ns  ((TSJ^2 + TIJ^2)^1/2 + DJ) / 2 + PE
    Total System Jitter     (TSJ):    0.050ns
    Total Input Jitter      (TIJ):    0.000ns
    Discrete Jitter          (DJ):    0.000ns
    Phase Error              (PE):    0.000ns

    Location             Delay type                Incr(ns)  Path(ns)    Netlist Resource(s)
  -------------------------------------------------------------------    -------------------
                         (clock sys_clk rise edge)    0.000     0.000 r  
    U14                                               0.000     0.000 r  clk (IN)
                         net (fo=0)                   0.000     0.000    clk
    U14                  IBUF (Prop_ibuf_I_O)         0.274     0.274 r  clk_IBUF_inst/O
                         net (fo=1, routed)           0.627     0.901    clk_IBUF
    BUFGCTRL_X0Y0        BUFG (Prop_bufg_I_O)         0.026     0.927 r  clk_IBUF_BUFG_inst/O
                         net (fo=1568, routed)        0.553     1.480    out_fifo_inst/clk_IBUF_BUFG
    SLICE_X33Y22         FDRE                                         r  out_fifo_inst/rd_idx_reg[5]/C
  -------------------------------------------------------------------    -------------------
    SLICE_X33Y22         FDRE (Prop_fdre_C_Q)         0.141     1.621 r  out_fifo_inst/rd_idx_reg[5]/Q
                         net (fo=28, routed)          0.181     1.802    out_fifo_inst/fifo_data_reg_0_63_15_17/ADDRA5
    SLICE_X32Y20         RAMD64E (Prop_ramd64e_RADR5_O)
                                                      0.045     1.847 r  out_fifo_inst/fifo_data_reg_0_63_15_17/RAMA/O
                         net (fo=1, routed)           1.296     3.143    out_tdata_OBUF[15]
    E19                  OBUF (Prop_obuf_I_O)         1.140     4.283 r  out_tdata_OBUF[15]_inst/O
                         net (fo=0)                   0.000     4.283    out_tdata[15]
    E19                                                               r  out_tdata[15] (OUT)
  -------------------------------------------------------------------    -------------------

Slack:                    inf
  Source:                 out_fifo_inst/rd_idx_reg[5]/C
                            (rising edge-triggered cell FDRE clocked by sys_clk  {rise@0.000ns fall@4.000ns period=8.000ns})
  Destination:            out_tdata[21]
                            (output port)
  Path Group:             (none)
  Path Type:              Min at Fast Process Corner
  Data Path Delay:        2.858ns  (logic 1.334ns (46.695%)  route 1.523ns (53.305%))
  Logic Levels:           2  (OBUF=1 RAMD64E=1)
  Clock Uncertainty:      0.025ns  ((TSJ^2 + TIJ^2)^1/2 + DJ) / 2 + PE
    Total System Jitter     (TSJ):    0.050ns
    Total Input Jitter      (TIJ):    0.000ns
    Discrete Jitter          (DJ):    0.000ns
    Phase Error              (PE):    0.000ns

    Location             Delay type                Incr(ns)  Path(ns)    Netlist Resource(s)
  -------------------------------------------------------------------    -------------------
                         (clock sys_clk rise edge)    0.000     0.000 r  
    U14                                               0.000     0.000 r  clk (IN)
                         net (fo=0)                   0.000     0.000    clk
    U14                  IBUF (Prop_ibuf_I_O)         0.274     0.274 r  clk_IBUF_inst/O
                         net (fo=1, routed)           0.627     0.901    clk_IBUF
    BUFGCTRL_X0Y0        BUFG (Prop_bufg_I_O)         0.026     0.927 r  clk_IBUF_BUFG_inst/O
                         net (fo=1568, routed)        0.553     1.480    out_fifo_inst/clk_IBUF_BUFG
    SLICE_X33Y22         FDRE                                         r  out_fifo_inst/rd_idx_reg[5]/C
  -------------------------------------------------------------------    -------------------
    SLICE_X33Y22         FDRE (Prop_fdre_C_Q)         0.141     1.621 r  out_fifo_inst/rd_idx_reg[5]/Q
                         net (fo=28, routed)          0.264     1.885    out_fifo_inst/fifo_data_reg_0_63_21_23/ADDRA5
    SLICE_X34Y21         RAMD64E (Prop_ramd64e_RADR5_O)
                                                      0.045     1.930 r  out_fifo_inst/fifo_data_reg_0_63_21_23/RAMA/O
                         net (fo=1, routed)           1.259     3.189    out_tdata_OBUF[21]
    A20                  OBUF (Prop_obuf_I_O)         1.148     4.337 r  out_tdata_OBUF[21]_inst/O
                         net (fo=0)                   0.000     4.337    out_tdata[21]
    A20                                                               r  out_tdata[21] (OUT)
  -------------------------------------------------------------------    -------------------

Slack:                    inf
  Source:                 out_fifo_inst/fifo_data_reg_0_63_18_20/RAMA/CLK
                            (rising edge-triggered cell RAMD64E clocked by sys_clk  {rise@0.000ns fall@4.000ns period=8.000ns})
  Destination:            out_tdata[18]
                            (output port)
  Path Group:             (none)
  Path Type:              Min at Fast Process Corner
  Data Path Delay:        2.872ns  (logic 1.620ns (56.396%)  route 1.252ns (43.604%))
  Logic Levels:           1  (OBUF=1)
  Clock Uncertainty:      0.025ns  ((TSJ^2 + TIJ^2)^1/2 + DJ) / 2 + PE
    Total System Jitter     (TSJ):    0.050ns
    Total Input Jitter      (TIJ):    0.000ns
    Discrete Jitter          (DJ):    0.000ns
    Phase Error              (PE):    0.000ns

    Location             Delay type                Incr(ns)  Path(ns)    Netlist Resource(s)
  -------------------------------------------------------------------    -------------------
                         (clock sys_clk rise edge)    0.000     0.000 r  
    U14                                               0.000     0.000 r  clk (IN)
                         net (fo=0)                   0.000     0.000    clk
    U14                  IBUF (Prop_ibuf_I_O)         0.274     0.274 r  clk_IBUF_inst/O
                         net (fo=1, routed)           0.627     0.901    clk_IBUF
    BUFGCTRL_X0Y0        BUFG (Prop_bufg_I_O)         0.026     0.927 r  clk_IBUF_BUFG_inst/O
                         net (fo=1568, routed)        0.556     1.483    out_fifo_inst/fifo_data_reg_0_63_18_20/WCLK
    SLICE_X34Y18         RAMD64E                                      r  out_fifo_inst/fifo_data_reg_0_63_18_20/RAMA/CLK
  -------------------------------------------------------------------    -------------------
    SLICE_X34Y18         RAMD64E (Prop_ramd64e_CLK_O)
                                                      0.478     1.961 r  out_fifo_inst/fifo_data_reg_0_63_18_20/RAMA/O
                         net (fo=1, routed)           1.252     3.213    out_tdata_OBUF[18]
    D19                  OBUF (Prop_obuf_I_O)         1.142     4.355 r  out_tdata_OBUF[18]_inst/O
                         net (fo=0)                   0.000     4.355    out_tdata[18]
    D19                                                               r  out_tdata[18] (OUT)
  -------------------------------------------------------------------    -------------------

Slack:                    inf
  Source:                 out_fifo_inst/fifo_data_reg_0_63_3_5/RAMC/CLK
                            (rising edge-triggered cell RAMD64E clocked by sys_clk  {rise@0.000ns fall@4.000ns period=8.000ns})
  Destination:            out_tdata[5]
                            (output port)
  Path Group:             (none)
  Path Type:              Min at Fast Process Corner
  Data Path Delay:        2.889ns  (logic 1.541ns (53.355%)  route 1.348ns (46.645%))
  Logic Levels:           1  (OBUF=1)
  Clock Uncertainty:      0.025ns  ((TSJ^2 + TIJ^2)^1/2 + DJ) / 2 + PE
    Total System Jitter     (TSJ):    0.050ns
    Total Input Jitter      (TIJ):    0.000ns
    Discrete Jitter          (DJ):    0.000ns
    Phase Error              (PE):    0.000ns

    Location             Delay type                Incr(ns)  Path(ns)    Netlist Resource(s)
  -------------------------------------------------------------------    -------------------
                         (clock sys_clk rise edge)    0.000     0.000 r  
    U14                                               0.000     0.000 r  clk (IN)
                         net (fo=0)                   0.000     0.000    clk
    U14                  IBUF (Prop_ibuf_I_O)         0.274     0.274 r  clk_IBUF_inst/O
                         net (fo=1, routed)           0.627     0.901    clk_IBUF
    BUFGCTRL_X0Y0        BUFG (Prop_bufg_I_O)         0.026     0.927 r  clk_IBUF_BUFG_inst/O
                         net (fo=1568, routed)        0.555     1.482    out_fifo_inst/fifo_data_reg_0_63_3_5/WCLK
    SLICE_X34Y19         RAMD64E                                      r  out_fifo_inst/fifo_data_reg_0_63_3_5/RAMC/CLK
  -------------------------------------------------------------------    -------------------
    SLICE_X34Y19         RAMD64E (Prop_ramd64e_CLK_O)
                                                      0.386     1.868 r  out_fifo_inst/fifo_data_reg_0_63_3_5/RAMC/O
                         net (fo=1, routed)           1.348     3.215    out_tdata_OBUF[5]
    J19                  OBUF (Prop_obuf_I_O)         1.155     4.371 r  out_tdata_OBUF[5]_inst/O
                         net (fo=0)                   0.000     4.371    out_tdata[5]
    J19                                                               r  out_tdata[5] (OUT)
  -------------------------------------------------------------------    -------------------





--------------------------------------------------------------------------------------
Path Group:  (none)
From Clock:  
  To Clock:  sys_clk

Max Delay          2218 Endpoints
Min Delay          2218 Endpoints
--------------------------------------------------------------------------------------


Max Delay Paths
--------------------------------------------------------------------------------------
Slack:                    inf
  Source:                 coef_i[14]
                            (input port)
  Destination:            coeffs_reg[3][14]/D
                            (rising edge-triggered cell FDRE clocked by sys_clk  {rise@0.000ns fall@4.000ns period=8.000ns})
  Path Group:             (none)
  Path Type:              Setup (Max at Slow Process Corner)
  Data Path Delay:        11.127ns  (logic 0.956ns (8.593%)  route 10.170ns (91.407%))
  Logic Levels:           1  (IBUF=1)
  Clock Path Skew:        4.390ns (DCD - SCD + CPR)
    Destination Clock Delay (DCD):    4.390ns
    Source Clock Delay      (SCD):    0.000ns
    Clock Pessimism Removal (CPR):    0.000ns
  Clock Uncertainty:      0.025ns  ((TSJ^2 + TIJ^2)^1/2 + DJ) / 2 + PE
    Total System Jitter     (TSJ):    0.050ns
    Total Input Jitter      (TIJ):    0.000ns
    Discrete Jitter          (DJ):    0.000ns
    Phase Error              (PE):    0.000ns

    Location             Delay type                Incr(ns)  Path(ns)    Netlist Resource(s)
  -------------------------------------------------------------------    -------------------
    V16                                               0.000     0.000 r  coef_i[14] (IN)
                         net (fo=0)                   0.000     0.000    coef_i[14]
    V16                  IBUF (Prop_ibuf_I_O)         0.956     0.956 r  coef_i_IBUF[14]_inst/O
                         net (fo=21, routed)         10.170    11.127    coef_i_IBUF[14]
    SLICE_X9Y4           FDRE                                         r  coeffs_reg[3][14]/D
  -------------------------------------------------------------------    -------------------

                         (clock sys_clk rise edge)    0.000     0.000 r  
    U14                                               0.000     0.000 r  clk (IN)
                         net (fo=0)                   0.000     0.000    clk
    U14                  IBUF (Prop_ibuf_I_O)         0.912     0.912 r  clk_IBUF_inst/O
                         net (fo=1, routed)           1.880     2.792    clk_IBUF
    BUFGCTRL_X0Y0        BUFG (Prop_bufg_I_O)         0.091     2.883 r  clk_IBUF_BUFG_inst/O
                         net (fo=1568, routed)        1.507     4.390    clk_IBUF_BUFG
    SLICE_X9Y4           FDRE                                         r  coeffs_reg[3][14]/C

Slack:                    inf
  Source:                 reset
                            (input port)
  Destination:            fir_inst/gen_stages[3].stage_inst/gen_mac_units[0].mac_inst/mult_s_reg/RSTB
                            (rising edge-triggered cell DSP48E1 clocked by sys_clk  {rise@0.000ns fall@4.000ns period=8.000ns})
  Path Group:             (none)
  Path Type:              Setup (Max at Slow Process Corner)
  Data Path Delay:        10.934ns  (logic 1.223ns (11.188%)  route 9.711ns (88.812%))
  Logic Levels:           2  (IBUF=1 LUT1=1)
  Clock Path Skew:        4.464ns (DCD - SCD + CPR)
    Destination Clock Delay (DCD):    4.464ns
    Source Clock Delay      (SCD):    0.000ns
    Clock Pessimism Removal (CPR):    0.000ns
  Clock Uncertainty:      0.025ns  ((TSJ^2 + TIJ^2)^1/2 + DJ) / 2 + PE
    Total System Jitter     (TSJ):    0.050ns
    Total Input Jitter      (TIJ):    0.000ns
    Discrete Jitter          (DJ):    0.000ns
    Phase Error              (PE):    0.000ns

    Location             Delay type                Incr(ns)  Path(ns)    Netlist Resource(s)
  -------------------------------------------------------------------    -------------------
    Y14                                               0.000     0.000 f  reset (IN)
                         net (fo=0)                   0.000     0.000    reset
    Y14                  IBUF (Prop_ibuf_I_O)         1.070     1.070 f  reset_IBUF_inst/O
                         net (fo=3, routed)           1.866     2.936    fir_inst/gen_stage_0/gen_mac_units[0].mac_inst/reset_IBUF
    SLICE_X32Y39         LUT1 (Prop_lut1_I0_O)        0.153     3.089 r  fir_inst/gen_stage_0/gen_mac_units[0].mac_inst/mult_s0_i_2/O
                         net (fo=1101, routed)        7.845    10.934    fir_inst/gen_stages[3].stage_inst/gen_mac_units[0].mac_inst/SR[0]
    DSP48_X0Y34          DSP48E1                                      r  fir_inst/gen_stages[3].stage_inst/gen_mac_units[0].mac_inst/mult_s_reg/RSTB
  -------------------------------------------------------------------    -------------------

                         (clock sys_clk rise edge)    0.000     0.000 r  
    U14                                               0.000     0.000 r  clk (IN)
                         net (fo=0)                   0.000     0.000    clk
    U14                  IBUF (Prop_ibuf_I_O)         0.912     0.912 r  clk_IBUF_inst/O
                         net (fo=1, routed)           1.880     2.792    clk_IBUF
    BUFGCTRL_X0Y0        BUFG (Prop_bufg_I_O)         0.091     2.883 r  clk_IBUF_BUFG_inst/O
                         net (fo=1568, routed)        1.581     4.464    fir_inst/gen_stages[3].stage_inst/gen_mac_units[0].mac_inst/clk_IBUF_BUFG
    DSP48_X0Y34          DSP48E1                                      r  fir_inst/gen_stages[3].stage_inst/gen_mac_units[0].mac_inst/mult_s_reg/CLK

Slack:                    inf
  Source:                 reset
                            (input port)
  Destination:            fir_inst/gen_stages[3].stage_inst/gen_mac_units[0].mac_inst/mult_s_reg/RSTA
                            (rising edge-triggered cell DSP48E1 clocked by sys_clk  {rise@0.000ns fall@4.000ns period=8.000ns})
  Path Group:             (none)
  Path Type:              Setup (Max at Slow Process Corner)
  Data Path Delay:        10.655ns  (logic 1.223ns (11.482%)  route 9.432ns (88.518%))
  Logic Levels:           2  (IBUF=1 LUT1=1)
  Clock Path Skew:        4.464ns (DCD - SCD + CPR)
    Destination Clock Delay (DCD):    4.464ns
    Source Clock Delay      (SCD):    0.000ns
    Clock Pessimism Removal (CPR):    0.000ns
  Clock Uncertainty:      0.025ns  ((TSJ^2 + TIJ^2)^1/2 + DJ) / 2 + PE
    Total System Jitter     (TSJ):    0.050ns
    Total Input Jitter      (TIJ):    0.000ns
    Discrete Jitter          (DJ):    0.000ns
    Phase Error              (PE):    0.000ns

    Location             Delay type                Incr(ns)  Path(ns)    Netlist Resource(s)
  -------------------------------------------------------------------    -------------------
    Y14                                               0.000     0.000 f  reset (IN)
                         net (fo=0)                   0.000     0.000    reset
    Y14                  IBUF (Prop_ibuf_I_O)         1.070     1.070 f  reset_IBUF_inst/O
                         net (fo=3, routed)           1.866     2.936    fir_inst/gen_stage_0/gen_mac_units[0].mac_inst/reset_IBUF
    SLICE_X32Y39         LUT1 (Prop_lut1_I0_O)        0.153     3.089 r  fir_inst/gen_stage_0/gen_mac_units[0].mac_inst/mult_s0_i_2/O
                         net (fo=1101, routed)        7.566    10.655    fir_inst/gen_stages[3].stage_inst/gen_mac_units[0].mac_inst/SR[0]
    DSP48_X0Y34          DSP48E1                                      r  fir_inst/gen_stages[3].stage_inst/gen_mac_units[0].mac_inst/mult_s_reg/RSTA
  -------------------------------------------------------------------    -------------------

                         (clock sys_clk rise edge)    0.000     0.000 r  
    U14                                               0.000     0.000 r  clk (IN)
                         net (fo=0)                   0.000     0.000    clk
    U14                  IBUF (Prop_ibuf_I_O)         0.912     0.912 r  clk_IBUF_inst/O
                         net (fo=1, routed)           1.880     2.792    clk_IBUF
    BUFGCTRL_X0Y0        BUFG (Prop_bufg_I_O)         0.091     2.883 r  clk_IBUF_BUFG_inst/O
                         net (fo=1568, routed)        1.581     4.464    fir_inst/gen_stages[3].stage_inst/gen_mac_units[0].mac_inst/clk_IBUF_BUFG
    DSP48_X0Y34          DSP48E1                                      r  fir_inst/gen_stages[3].stage_inst/gen_mac_units[0].mac_inst/mult_s_reg/CLK

Slack:                    inf
  Source:                 reset
                            (input port)
  Destination:            fir_inst/gen_stages[3].stage_inst/gen_mac_units[0].mac_inst/mult_s0/RSTB
                            (rising edge-triggered cell DSP48E1 clocked by sys_clk  {rise@0.000ns fall@4.000ns period=8.000ns})
  Path Group:             (none)
  Path Type:              Setup (Max at Slow Process Corner)
  Data Path Delay:        10.499ns  (logic 1.223ns (11.652%)  route 9.276ns (88.348%))
  Logic Levels:           2  (IBUF=1 LUT1=1)
  Clock Path Skew:        4.462ns (DCD - SCD + CPR)
    Destination Clock Delay (DCD):    4.462ns
    Source Clock Delay      (SCD):    0.000ns
    Clock Pessimism Removal (CPR):    0.000ns
  Clock Uncertainty:      0.025ns  ((TSJ^2 + TIJ^2)^1/2 + DJ) / 2 + PE
    Total System Jitter     (TSJ):    0.050ns
    Total Input Jitter      (TIJ):    0.000ns
    Discrete Jitter          (DJ):    0.000ns
    Phase Error              (PE):    0.000ns

    Location             Delay type                Incr(ns)  Path(ns)    Netlist Resource(s)
  -------------------------------------------------------------------    -------------------
    Y14                                               0.000     0.000 f  reset (IN)
                         net (fo=0)                   0.000     0.000    reset
    Y14                  IBUF (Prop_ibuf_I_O)         1.070     1.070 f  reset_IBUF_inst/O
                         net (fo=3, routed)           1.866     2.936    fir_inst/gen_stage_0/gen_mac_units[0].mac_inst/reset_IBUF
    SLICE_X32Y39         LUT1 (Prop_lut1_I0_O)        0.153     3.089 r  fir_inst/gen_stage_0/gen_mac_units[0].mac_inst/mult_s0_i_2/O
                         net (fo=1101, routed)        7.410    10.499    fir_inst/gen_stages[3].stage_inst/gen_mac_units[0].mac_inst/SR[0]
    DSP48_X0Y33          DSP48E1                                      r  fir_inst/gen_stages[3].stage_inst/gen_mac_units[0].mac_inst/mult_s0/RSTB
  -------------------------------------------------------------------    -------------------

                         (clock sys_clk rise edge)    0.000     0.000 r  
    U14                                               0.000     0.000 r  clk (IN)
                         net (fo=0)                   0.000     0.000    clk
    U14                  IBUF (Prop_ibuf_I_O)         0.912     0.912 r  clk_IBUF_inst/O
                         net (fo=1, routed)           1.880     2.792    clk_IBUF
    BUFGCTRL_X0Y0        BUFG (Prop_bufg_I_O)         0.091     2.883 r  clk_IBUF_BUFG_inst/O
                         net (fo=1568, routed)        1.579     4.462    fir_inst/gen_stages[3].stage_inst/gen_mac_units[0].mac_inst/clk_IBUF_BUFG
    DSP48_X0Y33          DSP48E1                                      r  fir_inst/gen_stages[3].stage_inst/gen_mac_units[0].mac_inst/mult_s0/CLK

Slack:                    inf
  Source:                 reset
                            (input port)
  Destination:            fir_inst/gen_stages[3].stage_inst/gen_mac_units[0].mac_inst/mult_s_reg/RSTP
                            (rising edge-triggered cell DSP48E1 clocked by sys_clk  {rise@0.000ns fall@4.000ns period=8.000ns})
  Path Group:             (none)
  Path Type:              Setup (Max at Slow Process Corner)
  Data Path Delay:        10.458ns  (logic 1.223ns (11.698%)  route 9.235ns (88.302%))
  Logic Levels:           2  (IBUF=1 LUT1=1)
  Clock Path Skew:        4.464ns (DCD - SCD + CPR)
    Destination Clock Delay (DCD):    4.464ns
    Source Clock Delay      (SCD):    0.000ns
    Clock Pessimism Removal (CPR):    0.000ns
  Clock Uncertainty:      0.025ns  ((TSJ^2 + TIJ^2)^1/2 + DJ) / 2 + PE
    Total System Jitter     (TSJ):    0.050ns
    Total Input Jitter      (TIJ):    0.000ns
    Discrete Jitter          (DJ):    0.000ns
    Phase Error              (PE):    0.000ns

    Location             Delay type                Incr(ns)  Path(ns)    Netlist Resource(s)
  -------------------------------------------------------------------    -------------------
    Y14                                               0.000     0.000 f  reset (IN)
                         net (fo=0)                   0.000     0.000    reset
    Y14                  IBUF (Prop_ibuf_I_O)         1.070     1.070 f  reset_IBUF_inst/O
                         net (fo=3, routed)           1.866     2.936    fir_inst/gen_stage_0/gen_mac_units[0].mac_inst/reset_IBUF
    SLICE_X32Y39         LUT1 (Prop_lut1_I0_O)        0.153     3.089 r  fir_inst/gen_stage_0/gen_mac_units[0].mac_inst/mult_s0_i_2/O
                         net (fo=1101, routed)        7.369    10.458    fir_inst/gen_stages[3].stage_inst/gen_mac_units[0].mac_inst/SR[0]
    DSP48_X0Y34          DSP48E1                                      r  fir_inst/gen_stages[3].stage_inst/gen_mac_units[0].mac_inst/mult_s_reg/RSTP
  -------------------------------------------------------------------    -------------------

                         (clock sys_clk rise edge)    0.000     0.000 r  
    U14                                               0.000     0.000 r  clk (IN)
                         net (fo=0)                   0.000     0.000    clk
    U14                  IBUF (Prop_ibuf_I_O)         0.912     0.912 r  clk_IBUF_inst/O
                         net (fo=1, routed)           1.880     2.792    clk_IBUF
    BUFGCTRL_X0Y0        BUFG (Prop_bufg_I_O)         0.091     2.883 r  clk_IBUF_BUFG_inst/O
                         net (fo=1568, routed)        1.581     4.464    fir_inst/gen_stages[3].stage_inst/gen_mac_units[0].mac_inst/clk_IBUF_BUFG
    DSP48_X0Y34          DSP48E1                                      r  fir_inst/gen_stages[3].stage_inst/gen_mac_units[0].mac_inst/mult_s_reg/CLK

Slack:                    inf
  Source:                 coef_i[6]
                            (input port)
  Destination:            coeffs_reg[3][6]/D
                            (rising edge-triggered cell FDRE clocked by sys_clk  {rise@0.000ns fall@4.000ns period=8.000ns})
  Path Group:             (none)
  Path Type:              Setup (Max at Slow Process Corner)
  Data Path Delay:        10.424ns  (logic 0.958ns (9.189%)  route 9.466ns (90.811%))
  Logic Levels:           1  (IBUF=1)
  Clock Path Skew:        4.390ns (DCD - SCD + CPR)
    Destination Clock Delay (DCD):    4.390ns
    Source Clock Delay      (SCD):    0.000ns
    Clock Pessimism Removal (CPR):    0.000ns
  Clock Uncertainty:      0.025ns  ((TSJ^2 + TIJ^2)^1/2 + DJ) / 2 + PE
    Total System Jitter     (TSJ):    0.050ns
    Total Input Jitter      (TIJ):    0.000ns
    Discrete Jitter          (DJ):    0.000ns
    Phase Error              (PE):    0.000ns

    Location             Delay type                Incr(ns)  Path(ns)    Netlist Resource(s)
  -------------------------------------------------------------------    -------------------
    W18                                               0.000     0.000 r  coef_i[6] (IN)
                         net (fo=0)                   0.000     0.000    coef_i[6]
    W18                  IBUF (Prop_ibuf_I_O)         0.958     0.958 r  coef_i_IBUF[6]_inst/O
                         net (fo=21, routed)          9.466    10.424    coef_i_IBUF[6]
    SLICE_X10Y3          FDRE                                         r  coeffs_reg[3][6]/D
  -------------------------------------------------------------------    -------------------

                         (clock sys_clk rise edge)    0.000     0.000 r  
    U14                                               0.000     0.000 r  clk (IN)
                         net (fo=0)                   0.000     0.000    clk
    U14                  IBUF (Prop_ibuf_I_O)         0.912     0.912 r  clk_IBUF_inst/O
                         net (fo=1, routed)           1.880     2.792    clk_IBUF
    BUFGCTRL_X0Y0        BUFG (Prop_bufg_I_O)         0.091     2.883 r  clk_IBUF_BUFG_inst/O
                         net (fo=1568, routed)        1.507     4.390    clk_IBUF_BUFG
    SLICE_X10Y3          FDRE                                         r  coeffs_reg[3][6]/C

Slack:                    inf
  Source:                 reset
                            (input port)
  Destination:            fir_inst/gen_stages[2].stage_inst/gen_mac_units[0].mac_inst/mult_s_reg/RSTB
                            (rising edge-triggered cell DSP48E1 clocked by sys_clk  {rise@0.000ns fall@4.000ns period=8.000ns})
  Path Group:             (none)
  Path Type:              Setup (Max at Slow Process Corner)
  Data Path Delay:        10.210ns  (logic 1.223ns (11.982%)  route 8.987ns (88.018%))
  Logic Levels:           2  (IBUF=1 LUT1=1)
  Clock Path Skew:        4.459ns (DCD - SCD + CPR)
    Destination Clock Delay (DCD):    4.459ns
    Source Clock Delay      (SCD):    0.000ns
    Clock Pessimism Removal (CPR):    0.000ns
  Clock Uncertainty:      0.025ns  ((TSJ^2 + TIJ^2)^1/2 + DJ) / 2 + PE
    Total System Jitter     (TSJ):    0.050ns
    Total Input Jitter      (TIJ):    0.000ns
    Discrete Jitter          (DJ):    0.000ns
    Phase Error              (PE):    0.000ns

    Location             Delay type                Incr(ns)  Path(ns)    Netlist Resource(s)
  -------------------------------------------------------------------    -------------------
    Y14                                               0.000     0.000 f  reset (IN)
                         net (fo=0)                   0.000     0.000    reset
    Y14                  IBUF (Prop_ibuf_I_O)         1.070     1.070 f  reset_IBUF_inst/O
                         net (fo=3, routed)           1.866     2.936    fir_inst/gen_stage_0/gen_mac_units[0].mac_inst/reset_IBUF
    SLICE_X32Y39         LUT1 (Prop_lut1_I0_O)        0.153     3.089 r  fir_inst/gen_stage_0/gen_mac_units[0].mac_inst/mult_s0_i_2/O
                         net (fo=1101, routed)        7.121    10.210    fir_inst/gen_stages[2].stage_inst/gen_mac_units[0].mac_inst/SR[0]
    DSP48_X0Y32          DSP48E1                                      r  fir_inst/gen_stages[2].stage_inst/gen_mac_units[0].mac_inst/mult_s_reg/RSTB
  -------------------------------------------------------------------    -------------------

                         (clock sys_clk rise edge)    0.000     0.000 r  
    U14                                               0.000     0.000 r  clk (IN)
                         net (fo=0)                   0.000     0.000    clk
    U14                  IBUF (Prop_ibuf_I_O)         0.912     0.912 r  clk_IBUF_inst/O
                         net (fo=1, routed)           1.880     2.792    clk_IBUF
    BUFGCTRL_X0Y0        BUFG (Prop_bufg_I_O)         0.091     2.883 r  clk_IBUF_BUFG_inst/O
                         net (fo=1568, routed)        1.576     4.459    fir_inst/gen_stages[2].stage_inst/gen_mac_units[0].mac_inst/clk_IBUF_BUFG
    DSP48_X0Y32          DSP48E1                                      r  fir_inst/gen_stages[2].stage_inst/gen_mac_units[0].mac_inst/mult_s_reg/CLK

Slack:                    inf
  Source:                 reset
                            (input port)
  Destination:            fir_inst/gen_stages[3].stage_inst/gen_mac_units[0].mac_inst/mult_s0/RSTA
                            (rising edge-triggered cell DSP48E1 clocked by sys_clk  {rise@0.000ns fall@4.000ns period=8.000ns})
  Path Group:             (none)
  Path Type:              Setup (Max at Slow Process Corner)
  Data Path Delay:        10.210ns  (logic 1.223ns (11.982%)  route 8.987ns (88.018%))
  Logic Levels:           2  (IBUF=1 LUT1=1)
  Clock Path Skew:        4.462ns (DCD - SCD + CPR)
    Destination Clock Delay (DCD):    4.462ns
    Source Clock Delay      (SCD):    0.000ns
    Clock Pessimism Removal (CPR):    0.000ns
  Clock Uncertainty:      0.025ns  ((TSJ^2 + TIJ^2)^1/2 + DJ) / 2 + PE
    Total System Jitter     (TSJ):    0.050ns
    Total Input Jitter      (TIJ):    0.000ns
    Discrete Jitter          (DJ):    0.000ns
    Phase Error              (PE):    0.000ns

    Location             Delay type                Incr(ns)  Path(ns)    Netlist Resource(s)
  -------------------------------------------------------------------    -------------------
    Y14                                               0.000     0.000 f  reset (IN)
                         net (fo=0)                   0.000     0.000    reset
    Y14                  IBUF (Prop_ibuf_I_O)         1.070     1.070 f  reset_IBUF_inst/O
                         net (fo=3, routed)           1.866     2.936    fir_inst/gen_stage_0/gen_mac_units[0].mac_inst/reset_IBUF
    SLICE_X32Y39         LUT1 (Prop_lut1_I0_O)        0.153     3.089 r  fir_inst/gen_stage_0/gen_mac_units[0].mac_inst/mult_s0_i_2/O
                         net (fo=1101, routed)        7.121    10.210    fir_inst/gen_stages[3].stage_inst/gen_mac_units[0].mac_inst/SR[0]
    DSP48_X0Y33          DSP48E1                                      r  fir_inst/gen_stages[3].stage_inst/gen_mac_units[0].mac_inst/mult_s0/RSTA
  -------------------------------------------------------------------    -------------------

                         (clock sys_clk rise edge)    0.000     0.000 r  
    U14                                               0.000     0.000 r  clk (IN)
                         net (fo=0)                   0.000     0.000    clk
    U14                  IBUF (Prop_ibuf_I_O)         0.912     0.912 r  clk_IBUF_inst/O
                         net (fo=1, routed)           1.880     2.792    clk_IBUF
    BUFGCTRL_X0Y0        BUFG (Prop_bufg_I_O)         0.091     2.883 r  clk_IBUF_BUFG_inst/O
                         net (fo=1568, routed)        1.579     4.462    fir_inst/gen_stages[3].stage_inst/gen_mac_units[0].mac_inst/clk_IBUF_BUFG
    DSP48_X0Y33          DSP48E1                                      r  fir_inst/gen_stages[3].stage_inst/gen_mac_units[0].mac_inst/mult_s0/CLK

Slack:                    inf
  Source:                 coef_i[14]
                            (input port)
  Destination:            coeffs_reg[5][14]/D
                            (rising edge-triggered cell FDRE clocked by sys_clk  {rise@0.000ns fall@4.000ns period=8.000ns})
  Path Group:             (none)
  Path Type:              Setup (Max at Slow Process Corner)
  Data Path Delay:        10.206ns  (logic 0.956ns (9.368%)  route 9.250ns (90.632%))
  Logic Levels:           1  (IBUF=1)
  Clock Path Skew:        4.380ns (DCD - SCD + CPR)
    Destination Clock Delay (DCD):    4.380ns
    Source Clock Delay      (SCD):    0.000ns
    Clock Pessimism Removal (CPR):    0.000ns
  Clock Uncertainty:      0.025ns  ((TSJ^2 + TIJ^2)^1/2 + DJ) / 2 + PE
    Total System Jitter     (TSJ):    0.050ns
    Total Input Jitter      (TIJ):    0.000ns
    Discrete Jitter          (DJ):    0.000ns
    Phase Error              (PE):    0.000ns

    Location             Delay type                Incr(ns)  Path(ns)    Netlist Resource(s)
  -------------------------------------------------------------------    -------------------
    V16                                               0.000     0.000 r  coef_i[14] (IN)
                         net (fo=0)                   0.000     0.000    coef_i[14]
    V16                  IBUF (Prop_ibuf_I_O)         0.956     0.956 r  coef_i_IBUF[14]_inst/O
                         net (fo=21, routed)          9.250    10.206    coef_i_IBUF[14]
    SLICE_X9Y18          FDRE                                         r  coeffs_reg[5][14]/D
  -------------------------------------------------------------------    -------------------

                         (clock sys_clk rise edge)    0.000     0.000 r  
    U14                                               0.000     0.000 r  clk (IN)
                         net (fo=0)                   0.000     0.000    clk
    U14                  IBUF (Prop_ibuf_I_O)         0.912     0.912 r  clk_IBUF_inst/O
                         net (fo=1, routed)           1.880     2.792    clk_IBUF
    BUFGCTRL_X0Y0        BUFG (Prop_bufg_I_O)         0.091     2.883 r  clk_IBUF_BUFG_inst/O
                         net (fo=1568, routed)        1.497     4.380    clk_IBUF_BUFG
    SLICE_X9Y18          FDRE                                         r  coeffs_reg[5][14]/C

Slack:                    inf
  Source:                 reset
                            (input port)
  Destination:            fir_inst/gen_stages[8].stage_inst/gen_mac_units[0].mac_inst/mult_s0/RSTB
                            (rising edge-triggered cell DSP48E1 clocked by sys_clk  {rise@0.000ns fall@4.000ns period=8.000ns})
  Path Group:             (none)
  Path Type:              Setup (Max at Slow Process Corner)
  Data Path Delay:        10.169ns  (logic 1.223ns (12.030%)  route 8.946ns (87.970%))
  Logic Levels:           2  (IBUF=1 LUT1=1)
  Clock Path Skew:        4.480ns (DCD - SCD + CPR)
    Destination Clock Delay (DCD):    4.480ns
    Source Clock Delay      (SCD):    0.000ns
    Clock Pessimism Removal (CPR):    0.000ns
  Clock Uncertainty:      0.025ns  ((TSJ^2 + TIJ^2)^1/2 + DJ) / 2 + PE
    Total System Jitter     (TSJ):    0.050ns
    Total Input Jitter      (TIJ):    0.000ns
    Discrete Jitter          (DJ):    0.000ns
    Phase Error              (PE):    0.000ns

    Location             Delay type                Incr(ns)  Path(ns)    Netlist Resource(s)
  -------------------------------------------------------------------    -------------------
    Y14                                               0.000     0.000 f  reset (IN)
                         net (fo=0)                   0.000     0.000    reset
    Y14                  IBUF (Prop_ibuf_I_O)         1.070     1.070 f  reset_IBUF_inst/O
                         net (fo=3, routed)           1.866     2.936    fir_inst/gen_stage_0/gen_mac_units[0].mac_inst/reset_IBUF
    SLICE_X32Y39         LUT1 (Prop_lut1_I0_O)        0.153     3.089 r  fir_inst/gen_stage_0/gen_mac_units[0].mac_inst/mult_s0_i_2/O
                         net (fo=1101, routed)        7.080    10.169    fir_inst/gen_stages[8].stage_inst/gen_mac_units[0].mac_inst/SR[0]
    DSP48_X0Y18          DSP48E1                                      r  fir_inst/gen_stages[8].stage_inst/gen_mac_units[0].mac_inst/mult_s0/RSTB
  -------------------------------------------------------------------    -------------------

                         (clock sys_clk rise edge)    0.000     0.000 r  
    U14                                               0.000     0.000 r  clk (IN)
                         net (fo=0)                   0.000     0.000    clk
    U14                  IBUF (Prop_ibuf_I_O)         0.912     0.912 r  clk_IBUF_inst/O
                         net (fo=1, routed)           1.880     2.792    clk_IBUF
    BUFGCTRL_X0Y0        BUFG (Prop_bufg_I_O)         0.091     2.883 r  clk_IBUF_BUFG_inst/O
                         net (fo=1568, routed)        1.597     4.480    fir_inst/gen_stages[8].stage_inst/gen_mac_units[0].mac_inst/clk_IBUF_BUFG
    DSP48_X0Y18          DSP48E1                                      r  fir_inst/gen_stages[8].stage_inst/gen_mac_units[0].mac_inst/mult_s0/CLK





Min Delay Paths
--------------------------------------------------------------------------------------
Slack:                    inf
  Source:                 in_tdata[20]
                            (input port)
  Destination:            in_fifo_inst/fifo_data_reg_0_1_18_23/RAMB/I
                            (rising edge-triggered cell RAMD32 clocked by sys_clk  {rise@0.000ns fall@4.000ns period=8.000ns})
  Path Group:             (none)
  Path Type:              Hold (Min at Fast Process Corner)
  Data Path Delay:        0.683ns  (logic 0.181ns (26.537%)  route 0.502ns (73.463%))
  Logic Levels:           1  (IBUF=1)
  Clock Path Skew:        1.996ns (DCD - SCD - CPR)
    Destination Clock Delay (DCD):    1.996ns
    Source Clock Delay      (SCD):    0.000ns
    Clock Pessimism Removal (CPR):    -0.000ns

    Location             Delay type                Incr(ns)  Path(ns)    Netlist Resource(s)
  -------------------------------------------------------------------    -------------------
    F19                                               0.000     0.000 r  in_tdata[20] (IN)
                         net (fo=0)                   0.000     0.000    in_tdata[20]
    F19                  IBUF (Prop_ibuf_I_O)         0.181     0.181 r  in_tdata_IBUF[20]_inst/O
                         net (fo=1, routed)           0.502     0.683    in_fifo_inst/fifo_data_reg_0_1_18_23/DIB0
    SLICE_X32Y69         RAMD32                                       r  in_fifo_inst/fifo_data_reg_0_1_18_23/RAMB/I
  -------------------------------------------------------------------    -------------------

                         (clock sys_clk rise edge)    0.000     0.000 r  
    U14                                               0.000     0.000 r  clk (IN)
                         net (fo=0)                   0.000     0.000    clk
    U14                  IBUF (Prop_ibuf_I_O)         0.464     0.464 r  clk_IBUF_inst/O
                         net (fo=1, routed)           0.683     1.147    clk_IBUF
    BUFGCTRL_X0Y0        BUFG (Prop_bufg_I_O)         0.029     1.176 r  clk_IBUF_BUFG_inst/O
                         net (fo=1568, routed)        0.820     1.996    in_fifo_inst/fifo_data_reg_0_1_18_23/WCLK
    SLICE_X32Y69         RAMD32                                       r  in_fifo_inst/fifo_data_reg_0_1_18_23/RAMB/CLK

Slack:                    inf
  Source:                 in_tdata[17]
                            (input port)
  Destination:            in_fifo_inst/fifo_data_reg_0_1_12_17/RAMC_D1/I
                            (rising edge-triggered cell RAMD32 clocked by sys_clk  {rise@0.000ns fall@4.000ns period=8.000ns})
  Path Group:             (none)
  Path Type:              Hold (Min at Fast Process Corner)
  Data Path Delay:        0.688ns  (logic 0.176ns (25.540%)  route 0.512ns (74.460%))
  Logic Levels:           1  (IBUF=1)
  Clock Path Skew:        1.999ns (DCD - SCD - CPR)
    Destination Clock Delay (DCD):    1.999ns
    Source Clock Delay      (SCD):    0.000ns
    Clock Pessimism Removal (CPR):    -0.000ns

    Location             Delay type                Incr(ns)  Path(ns)    Netlist Resource(s)
  -------------------------------------------------------------------    -------------------
    G18                                               0.000     0.000 r  in_tdata[17] (IN)
                         net (fo=0)                   0.000     0.000    in_tdata[17]
    G18                  IBUF (Prop_ibuf_I_O)         0.176     0.176 r  in_tdata_IBUF[17]_inst/O
                         net (fo=1, routed)           0.512     0.688    in_fifo_inst/fifo_data_reg_0_1_12_17/DIC1
    SLICE_X32Y66         RAMD32                                       r  in_fifo_inst/fifo_data_reg_0_1_12_17/RAMC_D1/I
  -------------------------------------------------------------------    -------------------

                         (clock sys_clk rise edge)    0.000     0.000 r  
    U14                                               0.000     0.000 r  clk (IN)
                         net (fo=0)                   0.000     0.000    clk
    U14                  IBUF (Prop_ibuf_I_O)         0.464     0.464 r  clk_IBUF_inst/O
                         net (fo=1, routed)           0.683     1.147    clk_IBUF
    BUFGCTRL_X0Y0        BUFG (Prop_bufg_I_O)         0.029     1.176 r  clk_IBUF_BUFG_inst/O
                         net (fo=1568, routed)        0.823     1.999    in_fifo_inst/fifo_data_reg_0_1_12_17/WCLK
    SLICE_X32Y66         RAMD32                                       r  in_fifo_inst/fifo_data_reg_0_1_12_17/RAMC_D1/CLK

Slack:                    inf
  Source:                 in_tdata[19]
                            (input port)
  Destination:            in_fifo_inst/fifo_data_reg_0_1_18_23/RAMA_D1/I
                            (rising edge-triggered cell RAMD32 clocked by sys_clk  {rise@0.000ns fall@4.000ns period=8.000ns})
  Path Group:             (none)
  Path Type:              Hold (Min at Fast Process Corner)
  Data Path Delay:        0.694ns  (logic 0.181ns (26.081%)  route 0.513ns (73.919%))
  Logic Levels:           1  (IBUF=1)
  Clock Path Skew:        1.996ns (DCD - SCD - CPR)
    Destination Clock Delay (DCD):    1.996ns
    Source Clock Delay      (SCD):    0.000ns
    Clock Pessimism Removal (CPR):    -0.000ns

    Location             Delay type                Incr(ns)  Path(ns)    Netlist Resource(s)
  -------------------------------------------------------------------    -------------------
    F20                                               0.000     0.000 r  in_tdata[19] (IN)
                         net (fo=0)                   0.000     0.000    in_tdata[19]
    F20                  IBUF (Prop_ibuf_I_O)         0.181     0.181 r  in_tdata_IBUF[19]_inst/O
                         net (fo=1, routed)           0.513     0.694    in_fifo_inst/fifo_data_reg_0_1_18_23/DIA1
    SLICE_X32Y69         RAMD32                                       r  in_fifo_inst/fifo_data_reg_0_1_18_23/RAMA_D1/I
  -------------------------------------------------------------------    -------------------

                         (clock sys_clk rise edge)    0.000     0.000 r  
    U14                                               0.000     0.000 r  clk (IN)
                         net (fo=0)                   0.000     0.000    clk
    U14                  IBUF (Prop_ibuf_I_O)         0.464     0.464 r  clk_IBUF_inst/O
                         net (fo=1, routed)           0.683     1.147    clk_IBUF
    BUFGCTRL_X0Y0        BUFG (Prop_bufg_I_O)         0.029     1.176 r  clk_IBUF_BUFG_inst/O
                         net (fo=1568, routed)        0.820     1.996    in_fifo_inst/fifo_data_reg_0_1_18_23/WCLK
    SLICE_X32Y69         RAMD32                                       r  in_fifo_inst/fifo_data_reg_0_1_18_23/RAMA_D1/CLK

Slack:                    inf
  Source:                 in_tdata[18]
                            (input port)
  Destination:            in_fifo_inst/fifo_data_reg_0_1_18_23/RAMA/I
                            (rising edge-triggered cell RAMD32 clocked by sys_clk  {rise@0.000ns fall@4.000ns period=8.000ns})
  Path Group:             (none)
  Path Type:              Hold (Min at Fast Process Corner)
  Data Path Delay:        0.697ns  (logic 0.185ns (26.585%)  route 0.512ns (73.415%))
  Logic Levels:           1  (IBUF=1)
  Clock Path Skew:        1.996ns (DCD - SCD - CPR)
    Destination Clock Delay (DCD):    1.996ns
    Source Clock Delay      (SCD):    0.000ns
    Clock Pessimism Removal (CPR):    -0.000ns

    Location             Delay type                Incr(ns)  Path(ns)    Netlist Resource(s)
  -------------------------------------------------------------------    -------------------
    G17                                               0.000     0.000 r  in_tdata[18] (IN)
                         net (fo=0)                   0.000     0.000    in_tdata[18]
    G17                  IBUF (Prop_ibuf_I_O)         0.185     0.185 r  in_tdata_IBUF[18]_inst/O
                         net (fo=1, routed)           0.512     0.697    in_fifo_inst/fifo_data_reg_0_1_18_23/DIA0
    SLICE_X32Y69         RAMD32                                       r  in_fifo_inst/fifo_data_reg_0_1_18_23/RAMA/I
  -------------------------------------------------------------------    -------------------

                         (clock sys_clk rise edge)    0.000     0.000 r  
    U14                                               0.000     0.000 r  clk (IN)
                         net (fo=0)                   0.000     0.000    clk
    U14                  IBUF (Prop_ibuf_I_O)         0.464     0.464 r  clk_IBUF_inst/O
                         net (fo=1, routed)           0.683     1.147    clk_IBUF
    BUFGCTRL_X0Y0        BUFG (Prop_bufg_I_O)         0.029     1.176 r  clk_IBUF_BUFG_inst/O
                         net (fo=1568, routed)        0.820     1.996    in_fifo_inst/fifo_data_reg_0_1_18_23/WCLK
    SLICE_X32Y69         RAMD32                                       r  in_fifo_inst/fifo_data_reg_0_1_18_23/RAMA/CLK

Slack:                    inf
  Source:                 coef_i[6]
                            (input port)
  Destination:            coeffs_reg[0][6]/D
                            (rising edge-triggered cell FDRE clocked by sys_clk  {rise@0.000ns fall@4.000ns period=8.000ns})
  Path Group:             (none)
  Path Type:              Hold (Min at Fast Process Corner)
  Data Path Delay:        0.701ns  (logic 0.187ns (26.646%)  route 0.514ns (73.354%))
  Logic Levels:           1  (IBUF=1)
  Clock Path Skew:        2.007ns (DCD - SCD - CPR)
    Destination Clock Delay (DCD):    2.007ns
    Source Clock Delay      (SCD):    0.000ns
    Clock Pessimism Removal (CPR):    -0.000ns

    Location             Delay type                Incr(ns)  Path(ns)    Netlist Resource(s)
  -------------------------------------------------------------------    -------------------
    W18                                               0.000     0.000 r  coef_i[6] (IN)
                         net (fo=0)                   0.000     0.000    coef_i[6]
    W18                  IBUF (Prop_ibuf_I_O)         0.187     0.187 r  coef_i_IBUF[6]_inst/O
                         net (fo=21, routed)          0.514     0.701    coef_i_IBUF[6]
    SLICE_X32Y6          FDRE                                         r  coeffs_reg[0][6]/D
  -------------------------------------------------------------------    -------------------

                         (clock sys_clk rise edge)    0.000     0.000 r  
    U14                                               0.000     0.000 r  clk (IN)
                         net (fo=0)                   0.000     0.000    clk
    U14                  IBUF (Prop_ibuf_I_O)         0.464     0.464 r  clk_IBUF_inst/O
                         net (fo=1, routed)           0.683     1.147    clk_IBUF
    BUFGCTRL_X0Y0        BUFG (Prop_bufg_I_O)         0.029     1.176 r  clk_IBUF_BUFG_inst/O
                         net (fo=1568, routed)        0.831     2.007    clk_IBUF_BUFG
    SLICE_X32Y6          FDRE                                         r  coeffs_reg[0][6]/C

Slack:                    inf
  Source:                 in_tdata[15]
                            (input port)
  Destination:            in_fifo_inst/fifo_data_reg_0_1_12_17/RAMB_D1/I
                            (rising edge-triggered cell RAMD32 clocked by sys_clk  {rise@0.000ns fall@4.000ns period=8.000ns})
  Path Group:             (none)
  Path Type:              Hold (Min at Fast Process Corner)
  Data Path Delay:        0.719ns  (logic 0.176ns (24.480%)  route 0.543ns (75.520%))
  Logic Levels:           1  (IBUF=1)
  Clock Path Skew:        1.999ns (DCD - SCD - CPR)
    Destination Clock Delay (DCD):    1.999ns
    Source Clock Delay      (SCD):    0.000ns
    Clock Pessimism Removal (CPR):    -0.000ns

    Location             Delay type                Incr(ns)  Path(ns)    Netlist Resource(s)
  -------------------------------------------------------------------    -------------------
    H20                                               0.000     0.000 r  in_tdata[15] (IN)
                         net (fo=0)                   0.000     0.000    in_tdata[15]
    H20                  IBUF (Prop_ibuf_I_O)         0.176     0.176 r  in_tdata_IBUF[15]_inst/O
                         net (fo=1, routed)           0.543     0.719    in_fifo_inst/fifo_data_reg_0_1_12_17/DIB1
    SLICE_X32Y66         RAMD32                                       r  in_fifo_inst/fifo_data_reg_0_1_12_17/RAMB_D1/I
  -------------------------------------------------------------------    -------------------

                         (clock sys_clk rise edge)    0.000     0.000 r  
    U14                                               0.000     0.000 r  clk (IN)
                         net (fo=0)                   0.000     0.000    clk
    U14                  IBUF (Prop_ibuf_I_O)         0.464     0.464 r  clk_IBUF_inst/O
                         net (fo=1, routed)           0.683     1.147    clk_IBUF
    BUFGCTRL_X0Y0        BUFG (Prop_bufg_I_O)         0.029     1.176 r  clk_IBUF_BUFG_inst/O
                         net (fo=1568, routed)        0.823     1.999    in_fifo_inst/fifo_data_reg_0_1_12_17/WCLK
    SLICE_X32Y66         RAMD32                                       r  in_fifo_inst/fifo_data_reg_0_1_12_17/RAMB_D1/CLK

Slack:                    inf
  Source:                 in_tdata[16]
                            (input port)
  Destination:            in_fifo_inst/fifo_data_reg_0_1_12_17/RAMC/I
                            (rising edge-triggered cell RAMD32 clocked by sys_clk  {rise@0.000ns fall@4.000ns period=8.000ns})
  Path Group:             (none)
  Path Type:              Hold (Min at Fast Process Corner)
  Data Path Delay:        0.723ns  (logic 0.178ns (24.575%)  route 0.545ns (75.425%))
  Logic Levels:           1  (IBUF=1)
  Clock Path Skew:        1.999ns (DCD - SCD - CPR)
    Destination Clock Delay (DCD):    1.999ns
    Source Clock Delay      (SCD):    0.000ns
    Clock Pessimism Removal (CPR):    -0.000ns

    Location             Delay type                Incr(ns)  Path(ns)    Netlist Resource(s)
  -------------------------------------------------------------------    -------------------
    J20                                               0.000     0.000 r  in_tdata[16] (IN)
                         net (fo=0)                   0.000     0.000    in_tdata[16]
    J20                  IBUF (Prop_ibuf_I_O)         0.178     0.178 r  in_tdata_IBUF[16]_inst/O
                         net (fo=1, routed)           0.545     0.723    in_fifo_inst/fifo_data_reg_0_1_12_17/DIC0
    SLICE_X32Y66         RAMD32                                       r  in_fifo_inst/fifo_data_reg_0_1_12_17/RAMC/I
  -------------------------------------------------------------------    -------------------

                         (clock sys_clk rise edge)    0.000     0.000 r  
    U14                                               0.000     0.000 r  clk (IN)
                         net (fo=0)                   0.000     0.000    clk
    U14                  IBUF (Prop_ibuf_I_O)         0.464     0.464 r  clk_IBUF_inst/O
                         net (fo=1, routed)           0.683     1.147    clk_IBUF
    BUFGCTRL_X0Y0        BUFG (Prop_bufg_I_O)         0.029     1.176 r  clk_IBUF_BUFG_inst/O
                         net (fo=1568, routed)        0.823     1.999    in_fifo_inst/fifo_data_reg_0_1_12_17/WCLK
    SLICE_X32Y66         RAMD32                                       r  in_fifo_inst/fifo_data_reg_0_1_12_17/RAMC/CLK

Slack:                    inf
  Source:                 coef_i[9]
                            (input port)
  Destination:            coeffs_reg[0][9]/D
                            (rising edge-triggered cell FDRE clocked by sys_clk  {rise@0.000ns fall@4.000ns period=8.000ns})
  Path Group:             (none)
  Path Type:              Hold (Min at Fast Process Corner)
  Data Path Delay:        0.724ns  (logic 0.173ns (23.886%)  route 0.551ns (76.114%))
  Logic Levels:           1  (IBUF=1)
  Clock Path Skew:        2.006ns (DCD - SCD - CPR)
    Destination Clock Delay (DCD):    2.006ns
    Source Clock Delay      (SCD):    0.000ns
    Clock Pessimism Removal (CPR):    -0.000ns

    Location             Delay type                Incr(ns)  Path(ns)    Netlist Resource(s)
  -------------------------------------------------------------------    -------------------
    R18                                               0.000     0.000 r  coef_i[9] (IN)
                         net (fo=0)                   0.000     0.000    coef_i[9]
    R18                  IBUF (Prop_ibuf_I_O)         0.173     0.173 r  coef_i_IBUF[9]_inst/O
                         net (fo=21, routed)          0.551     0.724    coef_i_IBUF[9]
    SLICE_X32Y7          FDRE                                         r  coeffs_reg[0][9]/D
  -------------------------------------------------------------------    -------------------

                         (clock sys_clk rise edge)    0.000     0.000 r  
    U14                                               0.000     0.000 r  clk (IN)
                         net (fo=0)                   0.000     0.000    clk
    U14                  IBUF (Prop_ibuf_I_O)         0.464     0.464 r  clk_IBUF_inst/O
                         net (fo=1, routed)           0.683     1.147    clk_IBUF
    BUFGCTRL_X0Y0        BUFG (Prop_bufg_I_O)         0.029     1.176 r  clk_IBUF_BUFG_inst/O
                         net (fo=1568, routed)        0.830     2.006    clk_IBUF_BUFG
    SLICE_X32Y7          FDRE                                         r  coeffs_reg[0][9]/C

Slack:                    inf
  Source:                 in_tdata[14]
                            (input port)
  Destination:            in_fifo_inst/fifo_data_reg_0_1_12_17/RAMB/I
                            (rising edge-triggered cell RAMD32 clocked by sys_clk  {rise@0.000ns fall@4.000ns period=8.000ns})
  Path Group:             (none)
  Path Type:              Hold (Min at Fast Process Corner)
  Data Path Delay:        0.731ns  (logic 0.182ns (24.918%)  route 0.549ns (75.082%))
  Logic Levels:           1  (IBUF=1)
  Clock Path Skew:        1.999ns (DCD - SCD - CPR)
    Destination Clock Delay (DCD):    1.999ns
    Source Clock Delay      (SCD):    0.000ns
    Clock Pessimism Removal (CPR):    -0.000ns

    Location             Delay type                Incr(ns)  Path(ns)    Netlist Resource(s)
  -------------------------------------------------------------------    -------------------
    G19                                               0.000     0.000 r  in_tdata[14] (IN)
                         net (fo=0)                   0.000     0.000    in_tdata[14]
    G19                  IBUF (Prop_ibuf_I_O)         0.182     0.182 r  in_tdata_IBUF[14]_inst/O
                         net (fo=1, routed)           0.549     0.731    in_fifo_inst/fifo_data_reg_0_1_12_17/DIB0
    SLICE_X32Y66         RAMD32                                       r  in_fifo_inst/fifo_data_reg_0_1_12_17/RAMB/I
  -------------------------------------------------------------------    -------------------

                         (clock sys_clk rise edge)    0.000     0.000 r  
    U14                                               0.000     0.000 r  clk (IN)
                         net (fo=0)                   0.000     0.000    clk
    U14                  IBUF (Prop_ibuf_I_O)         0.464     0.464 r  clk_IBUF_inst/O
                         net (fo=1, routed)           0.683     1.147    clk_IBUF
    BUFGCTRL_X0Y0        BUFG (Prop_bufg_I_O)         0.029     1.176 r  clk_IBUF_BUFG_inst/O
                         net (fo=1568, routed)        0.823     1.999    in_fifo_inst/fifo_data_reg_0_1_12_17/WCLK
    SLICE_X32Y66         RAMD32                                       r  in_fifo_inst/fifo_data_reg_0_1_12_17/RAMB/CLK

Slack:                    inf
  Source:                 coef_i[5]
                            (input port)
  Destination:            coeffs_reg[0][5]/D
                            (rising edge-triggered cell FDRE clocked by sys_clk  {rise@0.000ns fall@4.000ns period=8.000ns})
  Path Group:             (none)
  Path Type:              Hold (Min at Fast Process Corner)
  Data Path Delay:        0.743ns  (logic 0.185ns (24.945%)  route 0.558ns (75.055%))
  Logic Levels:           1  (IBUF=1)
  Clock Path Skew:        2.007ns (DCD - SCD - CPR)
    Destination Clock Delay (DCD):    2.007ns
    Source Clock Delay      (SCD):    0.000ns
    Clock Pessimism Removal (CPR):    -0.000ns

    Location             Delay type                Incr(ns)  Path(ns)    Netlist Resource(s)
  -------------------------------------------------------------------    -------------------
    W19                                               0.000     0.000 r  coef_i[5] (IN)
                         net (fo=0)                   0.000     0.000    coef_i[5]
    W19                  IBUF (Prop_ibuf_I_O)         0.185     0.185 r  coef_i_IBUF[5]_inst/O
                         net (fo=21, routed)          0.558     0.743    coef_i_IBUF[5]
    SLICE_X32Y6          FDRE                                         r  coeffs_reg[0][5]/D
  -------------------------------------------------------------------    -------------------

                         (clock sys_clk rise edge)    0.000     0.000 r  
    U14                                               0.000     0.000 r  clk (IN)
                         net (fo=0)                   0.000     0.000    clk
    U14                  IBUF (Prop_ibuf_I_O)         0.464     0.464 r  clk_IBUF_inst/O
                         net (fo=1, routed)           0.683     1.147    clk_IBUF
    BUFGCTRL_X0Y0        BUFG (Prop_bufg_I_O)         0.029     1.176 r  clk_IBUF_BUFG_inst/O
                         net (fo=1568, routed)        0.831     2.007    clk_IBUF_BUFG
    SLICE_X32Y6          FDRE                                         r  coeffs_reg[0][5]/C





