Copyright 1986-2022 Xilinx, Inc. All Rights Reserved. Copyright 2022-2024 Advanced Micro Devices, Inc. All Rights Reserved.
------------------------------------------------------------------------------------------------------------------------------------------------------------------------------------------------------------------------------
| Tool Version : Vivado v.2024.1 (win64) Build 5076996 Wed May 22 18:37:14 MDT 2024
| Date         : Sun Sep 20 20:19:19 2026
| Host         : DESKTOP-UPFCS1D running 64-bit major release  (build 9200)
| Command      : report_timing_summary -max_paths 10 -report_unconstrained -file axi_wrapper_timing_summary_routed.rpt -pb axi_wrapper_timing_summary_routed.pb -rpx axi_wrapper_timing_summary_routed.rpx -warn_on_violation
| Design       : axi_wrapper
| Device       : 7z010-clg400
| Speed File   : -1  PRODUCTION 1.12 2019-11-22
| Design State : Routed
------------------------------------------------------------------------------------------------------------------------------------------------------------------------------------------------------------------------------

Timing Summary Report

------------------------------------------------------------------------------------------------
| Timer Settings
| --------------
------------------------------------------------------------------------------------------------

  Enable Multi Corner Analysis               :  Yes
  Enable Pessimism Removal                   :  Yes
  Pessimism Removal Resolution               :  Nearest Common Node
  Enable Input Delay Default Clock           :  No
  Enable Preset / Clear Arcs                 :  No
  Disable Flight Delays                      :  No
  Ignore I/O Paths                           :  No
  Timing Early Launch at Borrowing Latches   :  No
  Borrow Time for Max Delay Exceptions       :  Yes
  Merge Timing Exceptions                    :  Yes
  Inter-SLR Compensation                     :  Conservative

  Corner  Analyze    Analyze    
  Name    Max Paths  Min Paths  
  ------  ---------  ---------  
  Slow    Yes        Yes        
  Fast    Yes        Yes        


------------------------------------------------------------------------------------------------
| Report Methodology
| ------------------
------------------------------------------------------------------------------------------------

Rule       Severity  Description                    Violations  
---------  --------  -----------------------------  ----------  
TIMING-18  Warning   Missing input or output delay  85          

Note: This report is based on the most recent report_methodology run and may not be up-to-date. Run report_methodology on the current design for the latest report.



check_timing report

Table of Contents
-----------------
1. checking no_clock (0)
2. checking constant_clock (0)
3. checking pulse_width_clock (0)
4. checking unconstrained_internal_endpoints (0)
5. checking no_input_delay (58)
6. checking no_output_delay (27)
7. checking multiple_clock (0)
8. checking generated_clocks (0)
9. checking loops (0)
10. checking partial_input_delay (0)
11. checking partial_output_delay (0)
12. checking latch_loops (0)

1. checking no_clock (0)
------------------------
 There are 0 register/latch pins with no clock.


2. checking constant_clock (0)
------------------------------
 There are 0 register/latch pins with constant_clock.


3. checking pulse_width_clock (0)
---------------------------------
 There are 0 register/latch pins which need pulse_width check


4. checking unconstrained_internal_endpoints (0)
------------------------------------------------
 There are 0 pins that are not constrained for maximum delay.

 There are 0 pins that are not constrained for maximum delay due to constant clock.


5. checking no_input_delay (58)
-------------------------------
 There are 58 input ports with no input delay specified. (HIGH)

 There are 0 input ports with no input delay but user has a false path constraint.


6. checking no_output_delay (27)
--------------------------------
 There are 27 ports with no output delay specified. (HIGH)

 There are 0 ports with no output delay but user has a false path constraint

 There are 0 ports with no output delay but with a timing clock defined on it or propagating through it


7. checking multiple_clock (0)
------------------------------
 There are 0 register/latch pins with multiple clocks.


8. checking generated_clocks (0)
--------------------------------
 There are 0 generated clocks that are not connected to a clock source.


9. checking loops (0)
---------------------
 There are 0 combinational loops in the design.


10. checking partial_input_delay (0)
------------------------------------
 There are 0 input ports with partial input delay specified.


11. checking partial_output_delay (0)
-------------------------------------
 There are 0 ports with partial output delay specified.


12. checking latch_loops (0)
----------------------------
 There are 0 combinational latch loops in the design through latch input



------------------------------------------------------------------------------------------------
| Design Timing Summary
| ---------------------
------------------------------------------------------------------------------------------------

    WNS(ns)      TNS(ns)  TNS Failing Endpoints  TNS Total Endpoints      WHS(ns)      THS(ns)  THS Failing Endpoints  THS Total Endpoints     WPWS(ns)     TPWS(ns)  TPWS Failing Endpoints  TPWS Total Endpoints  
    -------      -------  ---------------------  -------------------      -------      -------  ---------------------  -------------------     --------     --------  ----------------------  --------------------  
      1.419        0.000                      0                 7369        0.047        0.000                      0                 7369        2.750        0.000                       0                  1569  


All user specified timing constraints are met.


------------------------------------------------------------------------------------------------
| Clock Summary
| -------------
------------------------------------------------------------------------------------------------

Clock    Waveform(ns)         Period(ns)      Frequency(MHz)
-----    ------------         ----------      --------------
sys_clk  {0.000 4.000}        8.000           125.000         


------------------------------------------------------------------------------------------------
| Intra Clock Table
| -----------------
------------------------------------------------------------------------------------------------

Clock             WNS(ns)      TNS(ns)  TNS Failing Endpoints  TNS Total Endpoints      WHS(ns)      THS(ns)  THS Failing Endpoints  THS Total Endpoints     WPWS(ns)     TPWS(ns)  TPWS Failing Endpoints  TPWS Total Endpoints  
-----             -------      -------  ---------------------  -------------------      -------      -------  ---------------------  -------------------     --------     --------  ----------------------  --------------------  
sys_clk             1.419        0.000                      0                 7369        0.047        0.000                      0                 7369        2.750        0.000                       0                  1569  


------------------------------------------------------------------------------------------------
| Inter Clock Table
| -----------------
------------------------------------------------------------------------------------------------

From Clock    To Clock          WNS(ns)      TNS(ns)  TNS Failing Endpoints  TNS Total Endpoints      WHS(ns)      THS(ns)  THS Failing Endpoints  THS Total Endpoints  
----------    --------          -------      -------  ---------------------  -------------------      -------      -------  ---------------------  -------------------  


------------------------------------------------------------------------------------------------
| Other Path Groups Table
| -----------------------
------------------------------------------------------------------------------------------------

Path Group    From Clock    To Clock          WNS(ns)      TNS(ns)  TNS Failing Endpoints  TNS Total Endpoints      WHS(ns)      THS(ns)  THS Failing Endpoints  THS Total Endpoints  
----------    ----------    --------          -------      -------  ---------------------  -------------------      -------      -------  ---------------------  -------------------  


------------------------------------------------------------------------------------------------
| User Ignored Path Table
| -----------------------
------------------------------------------------------------------------------------------------

Path Group    From Clock    To Clock    
----------    ----------    --------    


------------------------------------------------------------------------------------------------
| Unconstrained Path Table
| ------------------------
------------------------------------------------------------------------------------------------

Path Group    From Clock    To Clock    
----------    ----------    --------    
(none)        sys_clk                     
(none)                      sys_clk       


------------------------------------------------------------------------------------------------
| Timing Details
| --------------
------------------------------------------------------------------------------------------------


---------------------------------------------------------------------------------------------------
From Clock:  sys_clk
  To Clock:  sys_clk

Setup :            0  Failing Endpoints,  Worst Slack        1.419ns,  Total Violation        0.000ns
Hold  :            0  Failing Endpoints,  Worst Slack        0.047ns,  Total Violation        0.000ns
PW    :            0  Failing Endpoints,  Worst Slack        2.750ns,  Total Violation        0.000ns
---------------------------------------------------------------------------------------------------


Max Delay Paths
--------------------------------------------------------------------------------------
Slack (MET) :             1.419ns  (required time - arrival time)
  Source:                 fir_inst/last_shift_reg[13]/C
                            (rising edge-triggered cell FDRE clocked by sys_clk  {rise@0.000ns fall@4.000ns period=8.000ns})
  Destination:            out_fifo_inst/fifo_data_reg_0_63_18_20/RAMA/WE
                            (rising edge-triggered cell RAMD64E clocked by sys_clk  {rise@0.000ns fall@4.000ns period=8.000ns})
  Path Group:             sys_clk
  Path Type:              Setup (Max at Slow Process Corner)
  Requirement:            8.000ns  (sys_clk rise@8.000ns - sys_clk rise@0.000ns)
  Data Path Delay:        5.951ns  (logic 0.952ns (15.997%)  route 4.999ns (84.003%))
  Logic Levels:           4  (LUT4=2 LUT5=1 LUT6=1)
  Clock Path Skew:        -0.062ns (DCD - SCD + CPR)
    Destination Clock Delay (DCD):    4.376ns = ( 12.376 - 8.000 ) 
    Source Clock Delay      (SCD):    4.893ns
    Clock Pessimism Removal (CPR):    0.455ns
  Clock Uncertainty:      0.035ns  ((TSJ^2 + TIJ^2)^1/2 + DJ) / 2 + PE
    Total System Jitter     (TSJ):    0.071ns
    Total Input Jitter      (TIJ):    0.000ns
    Discrete Jitter          (DJ):    0.000ns
    Phase Error              (PE):    0.000ns

    Location             Delay type                Incr(ns)  Path(ns)    Netlist Resource(s)
  -------------------------------------------------------------------    -------------------
                         (clock sys_clk rise edge)    0.000     0.000 r  
    U14                                               0.000     0.000 r  clk (IN)
                         net (fo=0)                   0.000     0.000    clk
    U14                  IBUF (Prop_ibuf_I_O)         1.046     1.046 r  clk_IBUF_inst/O
                         net (fo=1, routed)           2.076     3.122    clk_IBUF
    BUFGCTRL_X0Y0        BUFG (Prop_bufg_I_O)         0.101     3.223 r  clk_IBUF_BUFG_inst/O
                         net (fo=1568, routed)        1.670     4.893    fir_inst/clk_IBUF_BUFG
    SLICE_X25Y48         FDRE                                         r  fir_inst/last_shift_reg[13]/C
  -------------------------------------------------------------------    -------------------
    SLICE_X25Y48         FDRE (Prop_fdre_C_Q)         0.456     5.349 r  fir_inst/last_shift_reg[13]/Q
                         net (fo=2, routed)           0.970     6.319    fir_inst/gen_stage_0/gen_mac_units[0].mac_inst/Q[13]
    SLICE_X26Y48         LUT6 (Prop_lut6_I1_O)        0.124     6.443 r  fir_inst/gen_stage_0/gen_mac_units[0].mac_inst/mult_s0_i_25/O
                         net (fo=1, routed)           0.902     7.345    fir_inst/gen_stage_0/gen_mac_units[0].mac_inst/mult_s0_i_25_n_0
    SLICE_X24Y49         LUT5 (Prop_lut5_I3_O)        0.124     7.469 r  fir_inst/gen_stage_0/gen_mac_units[0].mac_inst/mult_s0_i_20/O
                         net (fo=29, routed)          0.530     7.999    in_fifo_inst/flush_pipeline
    SLICE_X25Y49         LUT4 (Prop_lut4_I2_O)        0.124     8.123 r  in_fifo_inst/mult_s0_i_1/O
                         net (fo=1129, routed)        1.426     9.549    out_fifo_inst/p_3_in
    SLICE_X32Y33         LUT4 (Prop_lut4_I2_O)        0.124     9.673 r  out_fifo_inst/fifo_data_reg_0_63_0_2_i_1/O
                         net (fo=34, routed)          1.171    10.844    out_fifo_inst/fifo_data_reg_0_63_18_20/WE
    SLICE_X34Y16         RAMD64E                                      r  out_fifo_inst/fifo_data_reg_0_63_18_20/RAMA/WE
  -------------------------------------------------------------------    -------------------

                         (clock sys_clk rise edge)    8.000     8.000 r  
    U14                                               0.000     8.000 r  clk (IN)
                         net (fo=0)                   0.000     8.000    clk
    U14                  IBUF (Prop_ibuf_I_O)         0.912     8.912 r  clk_IBUF_inst/O
                         net (fo=1, routed)           1.880    10.792    clk_IBUF
    BUFGCTRL_X0Y0        BUFG (Prop_bufg_I_O)         0.091    10.883 r  clk_IBUF_BUFG_inst/O
                         net (fo=1568, routed)        1.493    12.376    out_fifo_inst/fifo_data_reg_0_63_18_20/WCLK
    SLICE_X34Y16         RAMD64E                                      r  out_fifo_inst/fifo_data_reg_0_63_18_20/RAMA/CLK
                         clock pessimism              0.455    12.831    
                         clock uncertainty           -0.035    12.796    
    SLICE_X34Y16         RAMD64E (Setup_ramd64e_CLK_WE)
                                                     -0.533    12.263    out_fifo_inst/fifo_data_reg_0_63_18_20/RAMA
  -------------------------------------------------------------------
                         required time                         12.263    
                         arrival time                         -10.844    
  -------------------------------------------------------------------
                         slack                                  1.419    

Slack (MET) :             1.419ns  (required time - arrival time)
  Source:                 fir_inst/last_shift_reg[13]/C
                            (rising edge-triggered cell FDRE clocked by sys_clk  {rise@0.000ns fall@4.000ns period=8.000ns})
  Destination:            out_fifo_inst/fifo_data_reg_0_63_18_20/RAMB/WE
                            (rising edge-triggered cell RAMD64E clocked by sys_clk  {rise@0.000ns fall@4.000ns period=8.000ns})
  Path Group:             sys_clk
  Path Type:              Setup (Max at Slow Process Corner)
  Requirement:            8.000ns  (sys_clk rise@8.000ns - sys_clk rise@0.000ns)
  Data Path Delay:        5.951ns  (logic 0.952ns (15.997%)  route 4.999ns (84.003%))
  Logic Levels:           4  (LUT4=2 LUT5=1 LUT6=1)
  Clock Path Skew:        -0.062ns (DCD - SCD + CPR)
    Destination Clock Delay (DCD):    4.376ns = ( 12.376 - 8.000 ) 
    Source Clock Delay      (SCD):    4.893ns
    Clock Pessimism Removal (CPR):    0.455ns
  Clock Uncertainty:      0.035ns  ((TSJ^2 + TIJ^2)^1/2 + DJ) / 2 + PE
    Total System Jitter     (TSJ):    0.071ns
    Total Input Jitter      (TIJ):    0.000ns
    Discrete Jitter          (DJ):    0.000ns
    Phase Error              (PE):    0.000ns

    Location             Delay type                Incr(ns)  Path(ns)    Netlist Resource(s)
  -------------------------------------------------------------------    -------------------
                         (clock sys_clk rise edge)    0.000     0.000 r  
    U14                                               0.000     0.000 r  clk (IN)
                         net (fo=0)                   0.000     0.000    clk
    U14                  IBUF (Prop_ibuf_I_O)         1.046     1.046 r  clk_IBUF_inst/O
                         net (fo=1, routed)           2.076     3.122    clk_IBUF
    BUFGCTRL_X0Y0        BUFG (Prop_bufg_I_O)         0.101     3.223 r  clk_IBUF_BUFG_inst/O
                         net (fo=1568, routed)        1.670     4.893    fir_inst/clk_IBUF_BUFG
    SLICE_X25Y48         FDRE                                         r  fir_inst/last_shift_reg[13]/C
  -------------------------------------------------------------------    -------------------
    SLICE_X25Y48         FDRE (Prop_fdre_C_Q)         0.456     5.349 r  fir_inst/last_shift_reg[13]/Q
                         net (fo=2, routed)           0.970     6.319    fir_inst/gen_stage_0/gen_mac_units[0].mac_inst/Q[13]
    SLICE_X26Y48         LUT6 (Prop_lut6_I1_O)        0.124     6.443 r  fir_inst/gen_stage_0/gen_mac_units[0].mac_inst/mult_s0_i_25/O
                         net (fo=1, routed)           0.902     7.345    fir_inst/gen_stage_0/gen_mac_units[0].mac_inst/mult_s0_i_25_n_0
    SLICE_X24Y49         LUT5 (Prop_lut5_I3_O)        0.124     7.469 r  fir_inst/gen_stage_0/gen_mac_units[0].mac_inst/mult_s0_i_20/O
                         net (fo=29, routed)          0.530     7.999    in_fifo_inst/flush_pipeline
    SLICE_X25Y49         LUT4 (Prop_lut4_I2_O)        0.124     8.123 r  in_fifo_inst/mult_s0_i_1/O
                         net (fo=1129, routed)        1.426     9.549    out_fifo_inst/p_3_in
    SLICE_X32Y33         LUT4 (Prop_lut4_I2_O)        0.124     9.673 r  out_fifo_inst/fifo_data_reg_0_63_0_2_i_1/O
                         net (fo=34, routed)          1.171    10.844    out_fifo_inst/fifo_data_reg_0_63_18_20/WE
    SLICE_X34Y16         RAMD64E                                      r  out_fifo_inst/fifo_data_reg_0_63_18_20/RAMB/WE
  -------------------------------------------------------------------    -------------------

                         (clock sys_clk rise edge)    8.000     8.000 r  
    U14                                               0.000     8.000 r  clk (IN)
                         net (fo=0)                   0.000     8.000    clk
    U14                  IBUF (Prop_ibuf_I_O)         0.912     8.912 r  clk_IBUF_inst/O
                         net (fo=1, routed)           1.880    10.792    clk_IBUF
    BUFGCTRL_X0Y0        BUFG (Prop_bufg_I_O)         0.091    10.883 r  clk_IBUF_BUFG_inst/O
                         net (fo=1568, routed)        1.493    12.376    out_fifo_inst/fifo_data_reg_0_63_18_20/WCLK
    SLICE_X34Y16         RAMD64E                                      r  out_fifo_inst/fifo_data_reg_0_63_18_20/RAMB/CLK
                         clock pessimism              0.455    12.831    
                         clock uncertainty           -0.035    12.796    
    SLICE_X34Y16         RAMD64E (Setup_ramd64e_CLK_WE)
                                                     -0.533    12.263    out_fifo_inst/fifo_data_reg_0_63_18_20/RAMB
  -------------------------------------------------------------------
                         required time                         12.263    
                         arrival time                         -10.844    
  -------------------------------------------------------------------
                         slack                                  1.419    

Slack (MET) :             1.419ns  (required time - arrival time)
  Source:                 fir_inst/last_shift_reg[13]/C
                            (rising edge-triggered cell FDRE clocked by sys_clk  {rise@0.000ns fall@4.000ns period=8.000ns})
  Destination:            out_fifo_inst/fifo_data_reg_0_63_18_20/RAMC/WE
                            (rising edge-triggered cell RAMD64E clocked by sys_clk  {rise@0.000ns fall@4.000ns period=8.000ns})
  Path Group:             sys_clk
  Path Type:              Setup (Max at Slow Process Corner)
  Requirement:            8.000ns  (sys_clk rise@8.000ns - sys_clk rise@0.000ns)
  Data Path Delay:        5.951ns  (logic 0.952ns (15.997%)  route 4.999ns (84.003%))
  Logic Levels:           4  (LUT4=2 LUT5=1 LUT6=1)
  Clock Path Skew:        -0.062ns (DCD - SCD + CPR)
    Destination Clock Delay (DCD):    4.376ns = ( 12.376 - 8.000 ) 
    Source Clock Delay      (SCD):    4.893ns
    Clock Pessimism Removal (CPR):    0.455ns
  Clock Uncertainty:      0.035ns  ((TSJ^2 + TIJ^2)^1/2 + DJ) / 2 + PE
    Total System Jitter     (TSJ):    0.071ns
    Total Input Jitter      (TIJ):    0.000ns
    Discrete Jitter          (DJ):    0.000ns
    Phase Error              (PE):    0.000ns

    Location             Delay type                Incr(ns)  Path(ns)    Netlist Resource(s)
  -------------------------------------------------------------------    -------------------
                         (clock sys_clk rise edge)    0.000     0.000 r  
    U14                                               0.000     0.000 r  clk (IN)
                         net (fo=0)                   0.000     0.000    clk
    U14                  IBUF (Prop_ibuf_I_O)         1.046     1.046 r  clk_IBUF_inst/O
                         net (fo=1, routed)           2.076     3.122    clk_IBUF
    BUFGCTRL_X0Y0        BUFG (Prop_bufg_I_O)         0.101     3.223 r  clk_IBUF_BUFG_inst/O
                         net (fo=1568, routed)        1.670     4.893    fir_inst/clk_IBUF_BUFG
    SLICE_X25Y48         FDRE                                         r  fir_inst/last_shift_reg[13]/C
  -------------------------------------------------------------------    -------------------
    SLICE_X25Y48         FDRE (Prop_fdre_C_Q)         0.456     5.349 r  fir_inst/last_shift_reg[13]/Q
                         net (fo=2, routed)           0.970     6.319    fir_inst/gen_stage_0/gen_mac_units[0].mac_inst/Q[13]
    SLICE_X26Y48         LUT6 (Prop_lut6_I1_O)        0.124     6.443 r  fir_inst/gen_stage_0/gen_mac_units[0].mac_inst/mult_s0_i_25/O
                         net (fo=1, routed)           0.902     7.345    fir_inst/gen_stage_0/gen_mac_units[0].mac_inst/mult_s0_i_25_n_0
    SLICE_X24Y49         LUT5 (Prop_lut5_I3_O)        0.124     7.469 r  fir_inst/gen_stage_0/gen_mac_units[0].mac_inst/mult_s0_i_20/O
                         net (fo=29, routed)          0.530     7.999    in_fifo_inst/flush_pipeline
    SLICE_X25Y49         LUT4 (Prop_lut4_I2_O)        0.124     8.123 r  in_fifo_inst/mult_s0_i_1/O
                         net (fo=1129, routed)        1.426     9.549    out_fifo_inst/p_3_in
    SLICE_X32Y33         LUT4 (Prop_lut4_I2_O)        0.124     9.673 r  out_fifo_inst/fifo_data_reg_0_63_0_2_i_1/O
                         net (fo=34, routed)          1.171    10.844    out_fifo_inst/fifo_data_reg_0_63_18_20/WE
    SLICE_X34Y16         RAMD64E                                      r  out_fifo_inst/fifo_data_reg_0_63_18_20/RAMC/WE
  -------------------------------------------------------------------    -------------------

                         (clock sys_clk rise edge)    8.000     8.000 r  
    U14                                               0.000     8.000 r  clk (IN)
                         net (fo=0)                   0.000     8.000    clk
    U14                  IBUF (Prop_ibuf_I_O)         0.912     8.912 r  clk_IBUF_inst/O
                         net (fo=1, routed)           1.880    10.792    clk_IBUF
    BUFGCTRL_X0Y0        BUFG (Prop_bufg_I_O)         0.091    10.883 r  clk_IBUF_BUFG_inst/O
                         net (fo=1568, routed)        1.493    12.376    out_fifo_inst/fifo_data_reg_0_63_18_20/WCLK
    SLICE_X34Y16         RAMD64E                                      r  out_fifo_inst/fifo_data_reg_0_63_18_20/RAMC/CLK
                         clock pessimism              0.455    12.831    
                         clock uncertainty           -0.035    12.796    
    SLICE_X34Y16         RAMD64E (Setup_ramd64e_CLK_WE)
                                                     -0.533    12.263    out_fifo_inst/fifo_data_reg_0_63_18_20/RAMC
  -------------------------------------------------------------------
                         required time                         12.263    
                         arrival time                         -10.844    
  -------------------------------------------------------------------
                         slack                                  1.419    

Slack (MET) :             1.419ns  (required time - arrival time)
  Source:                 fir_inst/last_shift_reg[13]/C
                            (rising edge-triggered cell FDRE clocked by sys_clk  {rise@0.000ns fall@4.000ns period=8.000ns})
  Destination:            out_fifo_inst/fifo_data_reg_0_63_18_20/RAMD/WE
                            (rising edge-triggered cell RAMD64E clocked by sys_clk  {rise@0.000ns fall@4.000ns period=8.000ns})
  Path Group:             sys_clk
  Path Type:              Setup (Max at Slow Process Corner)
  Requirement:            8.000ns  (sys_clk rise@8.000ns - sys_clk rise@0.000ns)
  Data Path Delay:        5.951ns  (logic 0.952ns (15.997%)  route 4.999ns (84.003%))
  Logic Levels:           4  (LUT4=2 LUT5=1 LUT6=1)
  Clock Path Skew:        -0.062ns (DCD - SCD + CPR)
    Destination Clock Delay (DCD):    4.376ns = ( 12.376 - 8.000 ) 
    Source Clock Delay      (SCD):    4.893ns
    Clock Pessimism Removal (CPR):    0.455ns
  Clock Uncertainty:      0.035ns  ((TSJ^2 + TIJ^2)^1/2 + DJ) / 2 + PE
    Total System Jitter     (TSJ):    0.071ns
    Total Input Jitter      (TIJ):    0.000ns
    Discrete Jitter          (DJ):    0.000ns
    Phase Error              (PE):    0.000ns

    Location             Delay type                Incr(ns)  Path(ns)    Netlist Resource(s)
  -------------------------------------------------------------------    -------------------
                         (clock sys_clk rise edge)    0.000     0.000 r  
    U14                                               0.000     0.000 r  clk (IN)
                         net (fo=0)                   0.000     0.000    clk
    U14                  IBUF (Prop_ibuf_I_O)         1.046     1.046 r  clk_IBUF_inst/O
                         net (fo=1, routed)           2.076     3.122    clk_IBUF
    BUFGCTRL_X0Y0        BUFG (Prop_bufg_I_O)         0.101     3.223 r  clk_IBUF_BUFG_inst/O
                         net (fo=1568, routed)        1.670     4.893    fir_inst/clk_IBUF_BUFG
    SLICE_X25Y48         FDRE                                         r  fir_inst/last_shift_reg[13]/C
  -------------------------------------------------------------------    -------------------
    SLICE_X25Y48         FDRE (Prop_fdre_C_Q)         0.456     5.349 r  fir_inst/last_shift_reg[13]/Q
                         net (fo=2, routed)           0.970     6.319    fir_inst/gen_stage_0/gen_mac_units[0].mac_inst/Q[13]
    SLICE_X26Y48         LUT6 (Prop_lut6_I1_O)        0.124     6.443 r  fir_inst/gen_stage_0/gen_mac_units[0].mac_inst/mult_s0_i_25/O
                         net (fo=1, routed)           0.902     7.345    fir_inst/gen_stage_0/gen_mac_units[0].mac_inst/mult_s0_i_25_n_0
    SLICE_X24Y49         LUT5 (Prop_lut5_I3_O)        0.124     7.469 r  fir_inst/gen_stage_0/gen_mac_units[0].mac_inst/mult_s0_i_20/O
                         net (fo=29, routed)          0.530     7.999    in_fifo_inst/flush_pipeline
    SLICE_X25Y49         LUT4 (Prop_lut4_I2_O)        0.124     8.123 r  in_fifo_inst/mult_s0_i_1/O
                         net (fo=1129, routed)        1.426     9.549    out_fifo_inst/p_3_in
    SLICE_X32Y33         LUT4 (Prop_lut4_I2_O)        0.124     9.673 r  out_fifo_inst/fifo_data_reg_0_63_0_2_i_1/O
                         net (fo=34, routed)          1.171    10.844    out_fifo_inst/fifo_data_reg_0_63_18_20/WE
    SLICE_X34Y16         RAMD64E                                      r  out_fifo_inst/fifo_data_reg_0_63_18_20/RAMD/WE
  -------------------------------------------------------------------    -------------------

                         (clock sys_clk rise edge)    8.000     8.000 r  
    U14                                               0.000     8.000 r  clk (IN)
                         net (fo=0)                   0.000     8.000    clk
    U14                  IBUF (Prop_ibuf_I_O)         0.912     8.912 r  clk_IBUF_inst/O
                         net (fo=1, routed)           1.880    10.792    clk_IBUF
    BUFGCTRL_X0Y0        BUFG (Prop_bufg_I_O)         0.091    10.883 r  clk_IBUF_BUFG_inst/O
                         net (fo=1568, routed)        1.493    12.376    out_fifo_inst/fifo_data_reg_0_63_18_20/WCLK
    SLICE_X34Y16         RAMD64E                                      r  out_fifo_inst/fifo_data_reg_0_63_18_20/RAMD/CLK
                         clock pessimism              0.455    12.831    
                         clock uncertainty           -0.035    12.796    
    SLICE_X34Y16         RAMD64E (Setup_ramd64e_CLK_WE)
                                                     -0.533    12.263    out_fifo_inst/fifo_data_reg_0_63_18_20/RAMD
  -------------------------------------------------------------------
                         required time                         12.263    
                         arrival time                         -10.844    
  -------------------------------------------------------------------
                         slack                                  1.419    

Slack (MET) :             1.434ns  (required time - arrival time)
  Source:                 fir_inst/last_shift_reg[13]/C
                            (rising edge-triggered cell FDRE clocked by sys_clk  {rise@0.000ns fall@4.000ns period=8.000ns})
  Destination:            out_fifo_inst/fifo_data_reg_0_63_6_8/RAMA/WE
                            (rising edge-triggered cell RAMD64E clocked by sys_clk  {rise@0.000ns fall@4.000ns period=8.000ns})
  Path Group:             sys_clk
  Path Type:              Setup (Max at Slow Process Corner)
  Requirement:            8.000ns  (sys_clk rise@8.000ns - sys_clk rise@0.000ns)
  Data Path Delay:        5.935ns  (logic 0.952ns (16.040%)  route 4.983ns (83.960%))
  Logic Levels:           4  (LUT4=2 LUT5=1 LUT6=1)
  Clock Path Skew:        -0.063ns (DCD - SCD + CPR)
    Destination Clock Delay (DCD):    4.375ns = ( 12.375 - 8.000 ) 
    Source Clock Delay      (SCD):    4.893ns
    Clock Pessimism Removal (CPR):    0.455ns
  Clock Uncertainty:      0.035ns  ((TSJ^2 + TIJ^2)^1/2 + DJ) / 2 + PE
    Total System Jitter     (TSJ):    0.071ns
    Total Input Jitter      (TIJ):    0.000ns
    Discrete Jitter          (DJ):    0.000ns
    Phase Error              (PE):    0.000ns

    Location             Delay type                Incr(ns)  Path(ns)    Netlist Resource(s)
  -------------------------------------------------------------------    -------------------
                         (clock sys_clk rise edge)    0.000     0.000 r  
    U14                                               0.000     0.000 r  clk (IN)
                         net (fo=0)                   0.000     0.000    clk
    U14                  IBUF (Prop_ibuf_I_O)         1.046     1.046 r  clk_IBUF_inst/O
                         net (fo=1, routed)           2.076     3.122    clk_IBUF
    BUFGCTRL_X0Y0        BUFG (Prop_bufg_I_O)         0.101     3.223 r  clk_IBUF_BUFG_inst/O
                         net (fo=1568, routed)        1.670     4.893    fir_inst/clk_IBUF_BUFG
    SLICE_X25Y48         FDRE                                         r  fir_inst/last_shift_reg[13]/C
  -------------------------------------------------------------------    -------------------
    SLICE_X25Y48         FDRE (Prop_fdre_C_Q)         0.456     5.349 r  fir_inst/last_shift_reg[13]/Q
                         net (fo=2, routed)           0.970     6.319    fir_inst/gen_stage_0/gen_mac_units[0].mac_inst/Q[13]
    SLICE_X26Y48         LUT6 (Prop_lut6_I1_O)        0.124     6.443 r  fir_inst/gen_stage_0/gen_mac_units[0].mac_inst/mult_s0_i_25/O
                         net (fo=1, routed)           0.902     7.345    fir_inst/gen_stage_0/gen_mac_units[0].mac_inst/mult_s0_i_25_n_0
    SLICE_X24Y49         LUT5 (Prop_lut5_I3_O)        0.124     7.469 r  fir_inst/gen_stage_0/gen_mac_units[0].mac_inst/mult_s0_i_20/O
                         net (fo=29, routed)          0.530     7.999    in_fifo_inst/flush_pipeline
    SLICE_X25Y49         LUT4 (Prop_lut4_I2_O)        0.124     8.123 r  in_fifo_inst/mult_s0_i_1/O
                         net (fo=1129, routed)        1.426     9.549    out_fifo_inst/p_3_in
    SLICE_X32Y33         LUT4 (Prop_lut4_I2_O)        0.124     9.673 r  out_fifo_inst/fifo_data_reg_0_63_0_2_i_1/O
                         net (fo=34, routed)          1.155    10.828    out_fifo_inst/fifo_data_reg_0_63_6_8/WE
    SLICE_X34Y17         RAMD64E                                      r  out_fifo_inst/fifo_data_reg_0_63_6_8/RAMA/WE
  -------------------------------------------------------------------    -------------------

                         (clock sys_clk rise edge)    8.000     8.000 r  
    U14                                               0.000     8.000 r  clk (IN)
                         net (fo=0)                   0.000     8.000    clk
    U14                  IBUF (Prop_ibuf_I_O)         0.912     8.912 r  clk_IBUF_inst/O
                         net (fo=1, routed)           1.880    10.792    clk_IBUF
    BUFGCTRL_X0Y0        BUFG (Prop_bufg_I_O)         0.091    10.883 r  clk_IBUF_BUFG_inst/O
                         net (fo=1568, routed)        1.492    12.375    out_fifo_inst/fifo_data_reg_0_63_6_8/WCLK
    SLICE_X34Y17         RAMD64E                                      r  out_fifo_inst/fifo_data_reg_0_63_6_8/RAMA/CLK
                         clock pessimism              0.455    12.830    
                         clock uncertainty           -0.035    12.795    
    SLICE_X34Y17         RAMD64E (Setup_ramd64e_CLK_WE)
                                                     -0.533    12.262    out_fifo_inst/fifo_data_reg_0_63_6_8/RAMA
  -------------------------------------------------------------------
                         required time                         12.262    
                         arrival time                         -10.828    
  -------------------------------------------------------------------
                         slack                                  1.434    

Slack (MET) :             1.434ns  (required time - arrival time)
  Source:                 fir_inst/last_shift_reg[13]/C
                            (rising edge-triggered cell FDRE clocked by sys_clk  {rise@0.000ns fall@4.000ns period=8.000ns})
  Destination:            out_fifo_inst/fifo_data_reg_0_63_6_8/RAMB/WE
                            (rising edge-triggered cell RAMD64E clocked by sys_clk  {rise@0.000ns fall@4.000ns period=8.000ns})
  Path Group:             sys_clk
  Path Type:              Setup (Max at Slow Process Corner)
  Requirement:            8.000ns  (sys_clk rise@8.000ns - sys_clk rise@0.000ns)
  Data Path Delay:        5.935ns  (logic 0.952ns (16.040%)  route 4.983ns (83.960%))
  Logic Levels:           4  (LUT4=2 LUT5=1 LUT6=1)
  Clock Path Skew:        -0.063ns (DCD - SCD + CPR)
    Destination Clock Delay (DCD):    4.375ns = ( 12.375 - 8.000 ) 
    Source Clock Delay      (SCD):    4.893ns
    Clock Pessimism Removal (CPR):    0.455ns
  Clock Uncertainty:      0.035ns  ((TSJ^2 + TIJ^2)^1/2 + DJ) / 2 + PE
    Total System Jitter     (TSJ):    0.071ns
    Total Input Jitter      (TIJ):    0.000ns
    Discrete Jitter          (DJ):    0.000ns
    Phase Error              (PE):    0.000ns

    Location             Delay type                Incr(ns)  Path(ns)    Netlist Resource(s)
  -------------------------------------------------------------------    -------------------
                         (clock sys_clk rise edge)    0.000     0.000 r  
    U14                                               0.000     0.000 r  clk (IN)
                         net (fo=0)                   0.000     0.000    clk
    U14                  IBUF (Prop_ibuf_I_O)         1.046     1.046 r  clk_IBUF_inst/O
                         net (fo=1, routed)           2.076     3.122    clk_IBUF
    BUFGCTRL_X0Y0        BUFG (Prop_bufg_I_O)         0.101     3.223 r  clk_IBUF_BUFG_inst/O
                         net (fo=1568, routed)        1.670     4.893    fir_inst/clk_IBUF_BUFG
    SLICE_X25Y48         FDRE                                         r  fir_inst/last_shift_reg[13]/C
  -------------------------------------------------------------------    -------------------
    SLICE_X25Y48         FDRE (Prop_fdre_C_Q)         0.456     5.349 r  fir_inst/last_shift_reg[13]/Q
                         net (fo=2, routed)           0.970     6.319    fir_inst/gen_stage_0/gen_mac_units[0].mac_inst/Q[13]
    SLICE_X26Y48         LUT6 (Prop_lut6_I1_O)        0.124     6.443 r  fir_inst/gen_stage_0/gen_mac_units[0].mac_inst/mult_s0_i_25/O
                         net (fo=1, routed)           0.902     7.345    fir_inst/gen_stage_0/gen_mac_units[0].mac_inst/mult_s0_i_25_n_0
    SLICE_X24Y49         LUT5 (Prop_lut5_I3_O)        0.124     7.469 r  fir_inst/gen_stage_0/gen_mac_units[0].mac_inst/mult_s0_i_20/O
                         net (fo=29, routed)          0.530     7.999    in_fifo_inst/flush_pipeline
    SLICE_X25Y49         LUT4 (Prop_lut4_I2_O)        0.124     8.123 r  in_fifo_inst/mult_s0_i_1/O
                         net (fo=1129, routed)        1.426     9.549    out_fifo_inst/p_3_in
    SLICE_X32Y33         LUT4 (Prop_lut4_I2_O)        0.124     9.673 r  out_fifo_inst/fifo_data_reg_0_63_0_2_i_1/O
                         net (fo=34, routed)          1.155    10.828    out_fifo_inst/fifo_data_reg_0_63_6_8/WE
    SLICE_X34Y17         RAMD64E                                      r  out_fifo_inst/fifo_data_reg_0_63_6_8/RAMB/WE
  -------------------------------------------------------------------    -------------------

                         (clock sys_clk rise edge)    8.000     8.000 r  
    U14                                               0.000     8.000 r  clk (IN)
                         net (fo=0)                   0.000     8.000    clk
    U14                  IBUF (Prop_ibuf_I_O)         0.912     8.912 r  clk_IBUF_inst/O
                         net (fo=1, routed)           1.880    10.792    clk_IBUF
    BUFGCTRL_X0Y0        BUFG (Prop_bufg_I_O)         0.091    10.883 r  clk_IBUF_BUFG_inst/O
                         net (fo=1568, routed)        1.492    12.375    out_fifo_inst/fifo_data_reg_0_63_6_8/WCLK
    SLICE_X34Y17         RAMD64E                                      r  out_fifo_inst/fifo_data_reg_0_63_6_8/RAMB/CLK
                         clock pessimism              0.455    12.830    
                         clock uncertainty           -0.035    12.795    
    SLICE_X34Y17         RAMD64E (Setup_ramd64e_CLK_WE)
                                                     -0.533    12.262    out_fifo_inst/fifo_data_reg_0_63_6_8/RAMB
  -------------------------------------------------------------------
                         required time                         12.262    
                         arrival time                         -10.828    
  -------------------------------------------------------------------
                         slack                                  1.434    

Slack (MET) :             1.434ns  (required time - arrival time)
  Source:                 fir_inst/last_shift_reg[13]/C
                            (rising edge-triggered cell FDRE clocked by sys_clk  {rise@0.000ns fall@4.000ns period=8.000ns})
  Destination:            out_fifo_inst/fifo_data_reg_0_63_6_8/RAMC/WE
                            (rising edge-triggered cell RAMD64E clocked by sys_clk  {rise@0.000ns fall@4.000ns period=8.000ns})
  Path Group:             sys_clk
  Path Type:              Setup (Max at Slow Process Corner)
  Requirement:            8.000ns  (sys_clk rise@8.000ns - sys_clk rise@0.000ns)
  Data Path Delay:        5.935ns  (logic 0.952ns (16.040%)  route 4.983ns (83.960%))
  Logic Levels:           4  (LUT4=2 LUT5=1 LUT6=1)
  Clock Path Skew:        -0.063ns (DCD - SCD + CPR)
    Destination Clock Delay (DCD):    4.375ns = ( 12.375 - 8.000 ) 
    Source Clock Delay      (SCD):    4.893ns
    Clock Pessimism Removal (CPR):    0.455ns
  Clock Uncertainty:      0.035ns  ((TSJ^2 + TIJ^2)^1/2 + DJ) / 2 + PE
    Total System Jitter     (TSJ):    0.071ns
    Total Input Jitter      (TIJ):    0.000ns
    Discrete Jitter          (DJ):    0.000ns
    Phase Error              (PE):    0.000ns

    Location             Delay type                Incr(ns)  Path(ns)    Netlist Resource(s)
  -------------------------------------------------------------------    -------------------
                         (clock sys_clk rise edge)    0.000     0.000 r  
    U14                                               0.000     0.000 r  clk (IN)
                         net (fo=0)                   0.000     0.000    clk
    U14                  IBUF (Prop_ibuf_I_O)         1.046     1.046 r  clk_IBUF_inst/O
                         net (fo=1, routed)           2.076     3.122    clk_IBUF
    BUFGCTRL_X0Y0        BUFG (Prop_bufg_I_O)         0.101     3.223 r  clk_IBUF_BUFG_inst/O
                         net (fo=1568, routed)        1.670     4.893    fir_inst/clk_IBUF_BUFG
    SLICE_X25Y48         FDRE                                         r  fir_inst/last_shift_reg[13]/C
  -------------------------------------------------------------------    -------------------
    SLICE_X25Y48         FDRE (Prop_fdre_C_Q)         0.456     5.349 r  fir_inst/last_shift_reg[13]/Q
                         net (fo=2, routed)           0.970     6.319    fir_inst/gen_stage_0/gen_mac_units[0].mac_inst/Q[13]
    SLICE_X26Y48         LUT6 (Prop_lut6_I1_O)        0.124     6.443 r  fir_inst/gen_stage_0/gen_mac_units[0].mac_inst/mult_s0_i_25/O
                         net (fo=1, routed)           0.902     7.345    fir_inst/gen_stage_0/gen_mac_units[0].mac_inst/mult_s0_i_25_n_0
    SLICE_X24Y49         LUT5 (Prop_lut5_I3_O)        0.124     7.469 r  fir_inst/gen_stage_0/gen_mac_units[0].mac_inst/mult_s0_i_20/O
                         net (fo=29, routed)          0.530     7.999    in_fifo_inst/flush_pipeline
    SLICE_X25Y49         LUT4 (Prop_lut4_I2_O)        0.124     8.123 r  in_fifo_inst/mult_s0_i_1/O
                         net (fo=1129, routed)        1.426     9.549    out_fifo_inst/p_3_in
    SLICE_X32Y33         LUT4 (Prop_lut4_I2_O)        0.124     9.673 r  out_fifo_inst/fifo_data_reg_0_63_0_2_i_1/O
                         net (fo=34, routed)          1.155    10.828    out_fifo_inst/fifo_data_reg_0_63_6_8/WE
    SLICE_X34Y17         RAMD64E                                      r  out_fifo_inst/fifo_data_reg_0_63_6_8/RAMC/WE
  -------------------------------------------------------------------    -------------------

                         (clock sys_clk rise edge)    8.000     8.000 r  
    U14                                               0.000     8.000 r  clk (IN)
                         net (fo=0)                   0.000     8.000    clk
    U14                  IBUF (Prop_ibuf_I_O)         0.912     8.912 r  clk_IBUF_inst/O
                         net (fo=1, routed)           1.880    10.792    clk_IBUF
    BUFGCTRL_X0Y0        BUFG (Prop_bufg_I_O)         0.091    10.883 r  clk_IBUF_BUFG_inst/O
                         net (fo=1568, routed)        1.492    12.375    out_fifo_inst/fifo_data_reg_0_63_6_8/WCLK
    SLICE_X34Y17         RAMD64E                                      r  out_fifo_inst/fifo_data_reg_0_63_6_8/RAMC/CLK
                         clock pessimism              0.455    12.830    
                         clock uncertainty           -0.035    12.795    
    SLICE_X34Y17         RAMD64E (Setup_ramd64e_CLK_WE)
                                                     -0.533    12.262    out_fifo_inst/fifo_data_reg_0_63_6_8/RAMC
  -------------------------------------------------------------------
                         required time                         12.262    
                         arrival time                         -10.828    
  -------------------------------------------------------------------
                         slack                                  1.434    

Slack (MET) :             1.434ns  (required time - arrival time)
  Source:                 fir_inst/last_shift_reg[13]/C
                            (rising edge-triggered cell FDRE clocked by sys_clk  {rise@0.000ns fall@4.000ns period=8.000ns})
  Destination:            out_fifo_inst/fifo_data_reg_0_63_6_8/RAMD/WE
                            (rising edge-triggered cell RAMD64E clocked by sys_clk  {rise@0.000ns fall@4.000ns period=8.000ns})
  Path Group:             sys_clk
  Path Type:              Setup (Max at Slow Process Corner)
  Requirement:            8.000ns  (sys_clk rise@8.000ns - sys_clk rise@0.000ns)
  Data Path Delay:        5.935ns  (logic 0.952ns (16.040%)  route 4.983ns (83.960%))
  Logic Levels:           4  (LUT4=2 LUT5=1 LUT6=1)
  Clock Path Skew:        -0.063ns (DCD - SCD + CPR)
    Destination Clock Delay (DCD):    4.375ns = ( 12.375 - 8.000 ) 
    Source Clock Delay      (SCD):    4.893ns
    Clock Pessimism Removal (CPR):    0.455ns
  Clock Uncertainty:      0.035ns  ((TSJ^2 + TIJ^2)^1/2 + DJ) / 2 + PE
    Total System Jitter     (TSJ):    0.071ns
    Total Input Jitter      (TIJ):    0.000ns
    Discrete Jitter          (DJ):    0.000ns
    Phase Error              (PE):    0.000ns

    Location             Delay type                Incr(ns)  Path(ns)    Netlist Resource(s)
  -------------------------------------------------------------------    -------------------
                         (clock sys_clk rise edge)    0.000     0.000 r  
    U14                                               0.000     0.000 r  clk (IN)
                         net (fo=0)                   0.000     0.000    clk
    U14                  IBUF (Prop_ibuf_I_O)         1.046     1.046 r  clk_IBUF_inst/O
                         net (fo=1, routed)           2.076     3.122    clk_IBUF
    BUFGCTRL_X0Y0        BUFG (Prop_bufg_I_O)         0.101     3.223 r  clk_IBUF_BUFG_inst/O
                         net (fo=1568, routed)        1.670     4.893    fir_inst/clk_IBUF_BUFG
    SLICE_X25Y48         FDRE                                         r  fir_inst/last_shift_reg[13]/C
  -------------------------------------------------------------------    -------------------
    SLICE_X25Y48         FDRE (Prop_fdre_C_Q)         0.456     5.349 r  fir_inst/last_shift_reg[13]/Q
                         net (fo=2, routed)           0.970     6.319    fir_inst/gen_stage_0/gen_mac_units[0].mac_inst/Q[13]
    SLICE_X26Y48         LUT6 (Prop_lut6_I1_O)        0.124     6.443 r  fir_inst/gen_stage_0/gen_mac_units[0].mac_inst/mult_s0_i_25/O
                         net (fo=1, routed)           0.902     7.345    fir_inst/gen_stage_0/gen_mac_units[0].mac_inst/mult_s0_i_25_n_0
    SLICE_X24Y49         LUT5 (Prop_lut5_I3_O)        0.124     7.469 r  fir_inst/gen_stage_0/gen_mac_units[0].mac_inst/mult_s0_i_20/O
                         net (fo=29, routed)          0.530     7.999    in_fifo_inst/flush_pipeline
    SLICE_X25Y49         LUT4 (Prop_lut4_I2_O)        0.124     8.123 r  in_fifo_inst/mult_s0_i_1/O
                         net (fo=1129, routed)        1.426     9.549    out_fifo_inst/p_3_in
    SLICE_X32Y33         LUT4 (Prop_lut4_I2_O)        0.124     9.673 r  out_fifo_inst/fifo_data_reg_0_63_0_2_i_1/O
                         net (fo=34, routed)          1.155    10.828    out_fifo_inst/fifo_data_reg_0_63_6_8/WE
    SLICE_X34Y17         RAMD64E                                      r  out_fifo_inst/fifo_data_reg_0_63_6_8/RAMD/WE
  -------------------------------------------------------------------    -------------------

                         (clock sys_clk rise edge)    8.000     8.000 r  
    U14                                               0.000     8.000 r  clk (IN)
                         net (fo=0)                   0.000     8.000    clk
    U14                  IBUF (Prop_ibuf_I_O)         0.912     8.912 r  clk_IBUF_inst/O
                         net (fo=1, routed)           1.880    10.792    clk_IBUF
    BUFGCTRL_X0Y0        BUFG (Prop_bufg_I_O)         0.091    10.883 r  clk_IBUF_BUFG_inst/O
                         net (fo=1568, routed)        1.492    12.375    out_fifo_inst/fifo_data_reg_0_63_6_8/WCLK
    SLICE_X34Y17         RAMD64E                                      r  out_fifo_inst/fifo_data_reg_0_63_6_8/RAMD/CLK
                         clock pessimism              0.455    12.830    
                         clock uncertainty           -0.035    12.795    
    SLICE_X34Y17         RAMD64E (Setup_ramd64e_CLK_WE)
                                                     -0.533    12.262    out_fifo_inst/fifo_data_reg_0_63_6_8/RAMD
  -------------------------------------------------------------------
                         required time                         12.262    
                         arrival time                         -10.828    
  -------------------------------------------------------------------
                         slack                                  1.434    

Slack (MET) :             1.454ns  (required time - arrival time)
  Source:                 fir_inst/last_shift_reg[13]/C
                            (rising edge-triggered cell FDRE clocked by sys_clk  {rise@0.000ns fall@4.000ns period=8.000ns})
  Destination:            out_fifo_inst/fifo_data_reg_0_63_9_11/RAMA/WE
                            (rising edge-triggered cell RAMD64E clocked by sys_clk  {rise@0.000ns fall@4.000ns period=8.000ns})
  Path Group:             sys_clk
  Path Type:              Setup (Max at Slow Process Corner)
  Requirement:            8.000ns  (sys_clk rise@8.000ns - sys_clk rise@0.000ns)
  Data Path Delay:        5.915ns  (logic 0.952ns (16.094%)  route 4.963ns (83.906%))
  Logic Levels:           4  (LUT4=2 LUT5=1 LUT6=1)
  Clock Path Skew:        -0.063ns (DCD - SCD + CPR)
    Destination Clock Delay (DCD):    4.375ns = ( 12.375 - 8.000 ) 
    Source Clock Delay      (SCD):    4.893ns
    Clock Pessimism Removal (CPR):    0.455ns
  Clock Uncertainty:      0.035ns  ((TSJ^2 + TIJ^2)^1/2 + DJ) / 2 + PE
    Total System Jitter     (TSJ):    0.071ns
    Total Input Jitter      (TIJ):    0.000ns
    Discrete Jitter          (DJ):    0.000ns
    Phase Error              (PE):    0.000ns

    Location             Delay type                Incr(ns)  Path(ns)    Netlist Resource(s)
  -------------------------------------------------------------------    -------------------
                         (clock sys_clk rise edge)    0.000     0.000 r  
    U14                                               0.000     0.000 r  clk (IN)
                         net (fo=0)                   0.000     0.000    clk
    U14                  IBUF (Prop_ibuf_I_O)         1.046     1.046 r  clk_IBUF_inst/O
                         net (fo=1, routed)           2.076     3.122    clk_IBUF
    BUFGCTRL_X0Y0        BUFG (Prop_bufg_I_O)         0.101     3.223 r  clk_IBUF_BUFG_inst/O
                         net (fo=1568, routed)        1.670     4.893    fir_inst/clk_IBUF_BUFG
    SLICE_X25Y48         FDRE                                         r  fir_inst/last_shift_reg[13]/C
  -------------------------------------------------------------------    -------------------
    SLICE_X25Y48         FDRE (Prop_fdre_C_Q)         0.456     5.349 r  fir_inst/last_shift_reg[13]/Q
                         net (fo=2, routed)           0.970     6.319    fir_inst/gen_stage_0/gen_mac_units[0].mac_inst/Q[13]
    SLICE_X26Y48         LUT6 (Prop_lut6_I1_O)        0.124     6.443 r  fir_inst/gen_stage_0/gen_mac_units[0].mac_inst/mult_s0_i_25/O
                         net (fo=1, routed)           0.902     7.345    fir_inst/gen_stage_0/gen_mac_units[0].mac_inst/mult_s0_i_25_n_0
    SLICE_X24Y49         LUT5 (Prop_lut5_I3_O)        0.124     7.469 r  fir_inst/gen_stage_0/gen_mac_units[0].mac_inst/mult_s0_i_20/O
                         net (fo=29, routed)          0.530     7.999    in_fifo_inst/flush_pipeline
    SLICE_X25Y49         LUT4 (Prop_lut4_I2_O)        0.124     8.123 r  in_fifo_inst/mult_s0_i_1/O
                         net (fo=1129, routed)        1.426     9.549    out_fifo_inst/p_3_in
    SLICE_X32Y33         LUT4 (Prop_lut4_I2_O)        0.124     9.673 r  out_fifo_inst/fifo_data_reg_0_63_0_2_i_1/O
                         net (fo=34, routed)          1.135    10.808    out_fifo_inst/fifo_data_reg_0_63_9_11/WE
    SLICE_X32Y17         RAMD64E                                      r  out_fifo_inst/fifo_data_reg_0_63_9_11/RAMA/WE
  -------------------------------------------------------------------    -------------------

                         (clock sys_clk rise edge)    8.000     8.000 r  
    U14                                               0.000     8.000 r  clk (IN)
                         net (fo=0)                   0.000     8.000    clk
    U14                  IBUF (Prop_ibuf_I_O)         0.912     8.912 r  clk_IBUF_inst/O
                         net (fo=1, routed)           1.880    10.792    clk_IBUF
    BUFGCTRL_X0Y0        BUFG (Prop_bufg_I_O)         0.091    10.883 r  clk_IBUF_BUFG_inst/O
                         net (fo=1568, routed)        1.492    12.375    out_fifo_inst/fifo_data_reg_0_63_9_11/WCLK
    SLICE_X32Y17         RAMD64E                                      r  out_fifo_inst/fifo_data_reg_0_63_9_11/RAMA/CLK
                         clock pessimism              0.455    12.830    
                         clock uncertainty           -0.035    12.795    
    SLICE_X32Y17         RAMD64E (Setup_ramd64e_CLK_WE)
                                                     -0.533    12.262    out_fifo_inst/fifo_data_reg_0_63_9_11/RAMA
  -------------------------------------------------------------------
                         required time                         12.262    
                         arrival time                         -10.808    
  -------------------------------------------------------------------
                         slack                                  1.454    

Slack (MET) :             1.454ns  (required time - arrival time)
  Source:                 fir_inst/last_shift_reg[13]/C
                            (rising edge-triggered cell FDRE clocked by sys_clk  {rise@0.000ns fall@4.000ns period=8.000ns})
  Destination:            out_fifo_inst/fifo_data_reg_0_63_9_11/RAMB/WE
                            (rising edge-triggered cell RAMD64E clocked by sys_clk  {rise@0.000ns fall@4.000ns period=8.000ns})
  Path Group:             sys_clk
  Path Type:              Setup (Max at Slow Process Corner)
  Requirement:            8.000ns  (sys_clk rise@8.000ns - sys_clk rise@0.000ns)
  Data Path Delay:        5.915ns  (logic 0.952ns (16.094%)  route 4.963ns (83.906%))
  Logic Levels:           4  (LUT4=2 LUT5=1 LUT6=1)
  Clock Path Skew:        -0.063ns (DCD - SCD + CPR)
    Destination Clock Delay (DCD):    4.375ns = ( 12.375 - 8.000 ) 
    Source Clock Delay      (SCD):    4.893ns
    Clock Pessimism Removal (CPR):    0.455ns
  Clock Uncertainty:      0.035ns  ((TSJ^2 + TIJ^2)^1/2 + DJ) / 2 + PE
    Total System Jitter     (TSJ):    0.071ns
    Total Input Jitter      (TIJ):    0.000ns
    Discrete Jitter          (DJ):    0.000ns
    Phase Error              (PE):    0.000ns

    Location             Delay type                Incr(ns)  Path(ns)    Netlist Resource(s)
  -------------------------------------------------------------------    -------------------
                         (clock sys_clk rise edge)    0.000     0.000 r  
    U14                                               0.000     0.000 r  clk (IN)
                         net (fo=0)                   0.000     0.000    clk
    U14                  IBUF (Prop_ibuf_I_O)         1.046     1.046 r  clk_IBUF_inst/O
                         net (fo=1, routed)           2.076     3.122    clk_IBUF
    BUFGCTRL_X0Y0        BUFG (Prop_bufg_I_O)         0.101     3.223 r  clk_IBUF_BUFG_inst/O
                         net (fo=1568, routed)        1.670     4.893    fir_inst/clk_IBUF_BUFG
    SLICE_X25Y48         FDRE                                         r  fir_inst/last_shift_reg[13]/C
  -------------------------------------------------------------------    -------------------
    SLICE_X25Y48         FDRE (Prop_fdre_C_Q)         0.456     5.349 r  fir_inst/last_shift_reg[13]/Q
                         net (fo=2, routed)           0.970     6.319    fir_inst/gen_stage_0/gen_mac_units[0].mac_inst/Q[13]
    SLICE_X26Y48         LUT6 (Prop_lut6_I1_O)        0.124     6.443 r  fir_inst/gen_stage_0/gen_mac_units[0].mac_inst/mult_s0_i_25/O
                         net (fo=1, routed)           0.902     7.345    fir_inst/gen_stage_0/gen_mac_units[0].mac_inst/mult_s0_i_25_n_0
    SLICE_X24Y49         LUT5 (Prop_lut5_I3_O)        0.124     7.469 r  fir_inst/gen_stage_0/gen_mac_units[0].mac_inst/mult_s0_i_20/O
                         net (fo=29, routed)          0.530     7.999    in_fifo_inst/flush_pipeline
    SLICE_X25Y49         LUT4 (Prop_lut4_I2_O)        0.124     8.123 r  in_fifo_inst/mult_s0_i_1/O
                         net (fo=1129, routed)        1.426     9.549    out_fifo_inst/p_3_in
    SLICE_X32Y33         LUT4 (Prop_lut4_I2_O)        0.124     9.673 r  out_fifo_inst/fifo_data_reg_0_63_0_2_i_1/O
                         net (fo=34, routed)          1.135    10.808    out_fifo_inst/fifo_data_reg_0_63_9_11/WE
    SLICE_X32Y17         RAMD64E                                      r  out_fifo_inst/fifo_data_reg_0_63_9_11/RAMB/WE
  -------------------------------------------------------------------    -------------------

                         (clock sys_clk rise edge)    8.000     8.000 r  
    U14                                               0.000     8.000 r  clk (IN)
                         net (fo=0)                   0.000     8.000    clk
    U14                  IBUF (Prop_ibuf_I_O)         0.912     8.912 r  clk_IBUF_inst/O
                         net (fo=1, routed)           1.880    10.792    clk_IBUF
    BUFGCTRL_X0Y0        BUFG (Prop_bufg_I_O)         0.091    10.883 r  clk_IBUF_BUFG_inst/O
                         net (fo=1568, routed)        1.492    12.375    out_fifo_inst/fifo_data_reg_0_63_9_11/WCLK
    SLICE_X32Y17         RAMD64E                                      r  out_fifo_inst/fifo_data_reg_0_63_9_11/RAMB/CLK
                         clock pessimism              0.455    12.830    
                         clock uncertainty           -0.035    12.795    
    SLICE_X32Y17         RAMD64E (Setup_ramd64e_CLK_WE)
                                                     -0.533    12.262    out_fifo_inst/fifo_data_reg_0_63_9_11/RAMB
  -------------------------------------------------------------------
                         required time                         12.262    
                         arrival time                         -10.808    
  -------------------------------------------------------------------
                         slack                                  1.454    





Min Delay Paths
--------------------------------------------------------------------------------------
Slack (MET) :             0.047ns  (arrival time - required time)
  Source:                 fir_inst/sample_chain_reg[7][17]/C
                            (rising edge-triggered cell FDRE clocked by sys_clk  {rise@0.000ns fall@4.000ns period=8.000ns})
  Destination:            fir_inst/sample_chain_reg[8][17]/D
                            (rising edge-triggered cell FDRE clocked by sys_clk  {rise@0.000ns fall@4.000ns period=8.000ns})
  Path Group:             sys_clk
  Path Type:              Hold (Min at Fast Process Corner)
  Requirement:            0.000ns  (sys_clk rise@0.000ns - sys_clk rise@0.000ns)
  Data Path Delay:        0.382ns  (logic 0.141ns (36.914%)  route 0.241ns (63.086%))
  Logic Levels:           0  
  Clock Path Skew:        0.269ns (DCD - SCD - CPR)
    Destination Clock Delay (DCD):    2.007ns
    Source Clock Delay      (SCD):    1.489ns
    Clock Pessimism Removal (CPR):    0.249ns

    Location             Delay type                Incr(ns)  Path(ns)    Netlist Resource(s)
  -------------------------------------------------------------------    -------------------
                         (clock sys_clk rise edge)    0.000     0.000 r  
    U14                                               0.000     0.000 r  clk (IN)
                         net (fo=0)                   0.000     0.000    clk
    U14                  IBUF (Prop_ibuf_I_O)         0.274     0.274 r  clk_IBUF_inst/O
                         net (fo=1, routed)           0.627     0.901    clk_IBUF
    BUFGCTRL_X0Y0        BUFG (Prop_bufg_I_O)         0.026     0.927 r  clk_IBUF_BUFG_inst/O
                         net (fo=1568, routed)        0.562     1.489    fir_inst/clk_IBUF_BUFG
    SLICE_X14Y50         FDRE                                         r  fir_inst/sample_chain_reg[7][17]/C
  -------------------------------------------------------------------    -------------------
    SLICE_X14Y50         FDRE (Prop_fdre_C_Q)         0.141     1.630 r  fir_inst/sample_chain_reg[7][17]/Q
                         net (fo=2, routed)           0.241     1.871    fir_inst/sample_chain_reg_n_0_[7][17]
    SLICE_X18Y45         FDRE                                         r  fir_inst/sample_chain_reg[8][17]/D
  -------------------------------------------------------------------    -------------------

                         (clock sys_clk rise edge)    0.000     0.000 r  
    U14                                               0.000     0.000 r  clk (IN)
                         net (fo=0)                   0.000     0.000    clk
    U14                  IBUF (Prop_ibuf_I_O)         0.464     0.464 r  clk_IBUF_inst/O
                         net (fo=1, routed)           0.683     1.147    clk_IBUF
    BUFGCTRL_X0Y0        BUFG (Prop_bufg_I_O)         0.029     1.176 r  clk_IBUF_BUFG_inst/O
                         net (fo=1568, routed)        0.831     2.007    fir_inst/clk_IBUF_BUFG
    SLICE_X18Y45         FDRE                                         r  fir_inst/sample_chain_reg[8][17]/C
                         clock pessimism             -0.249     1.758    
    SLICE_X18Y45         FDRE (Hold_fdre_C_D)         0.066     1.824    fir_inst/sample_chain_reg[8][17]
  -------------------------------------------------------------------
                         required time                         -1.824    
                         arrival time                           1.871    
  -------------------------------------------------------------------
                         slack                                  0.047    

Slack (MET) :             0.060ns  (arrival time - required time)
  Source:                 fir_inst/sample_chain_reg[9][6]/C
                            (rising edge-triggered cell FDRE clocked by sys_clk  {rise@0.000ns fall@4.000ns period=8.000ns})
  Destination:            fir_inst/sample_chain_reg[10][6]/D
                            (rising edge-triggered cell FDRE clocked by sys_clk  {rise@0.000ns fall@4.000ns period=8.000ns})
  Path Group:             sys_clk
  Path Type:              Hold (Min at Fast Process Corner)
  Requirement:            0.000ns  (sys_clk rise@0.000ns - sys_clk rise@0.000ns)
  Data Path Delay:        0.394ns  (logic 0.164ns (41.640%)  route 0.230ns (58.360%))
  Logic Levels:           0  
  Clock Path Skew:        0.263ns (DCD - SCD - CPR)
    Destination Clock Delay (DCD):    2.002ns
    Source Clock Delay      (SCD):    1.485ns
    Clock Pessimism Removal (CPR):    0.254ns

    Location             Delay type                Incr(ns)  Path(ns)    Netlist Resource(s)
  -------------------------------------------------------------------    -------------------
                         (clock sys_clk rise edge)    0.000     0.000 r  
    U14                                               0.000     0.000 r  clk (IN)
                         net (fo=0)                   0.000     0.000    clk
    U14                  IBUF (Prop_ibuf_I_O)         0.274     0.274 r  clk_IBUF_inst/O
                         net (fo=1, routed)           0.627     0.901    clk_IBUF
    BUFGCTRL_X0Y0        BUFG (Prop_bufg_I_O)         0.026     0.927 r  clk_IBUF_BUFG_inst/O
                         net (fo=1568, routed)        0.558     1.485    fir_inst/clk_IBUF_BUFG
    SLICE_X24Y38         FDRE                                         r  fir_inst/sample_chain_reg[9][6]/C
  -------------------------------------------------------------------    -------------------
    SLICE_X24Y38         FDRE (Prop_fdre_C_Q)         0.164     1.649 r  fir_inst/sample_chain_reg[9][6]/Q
                         net (fo=2, routed)           0.230     1.879    fir_inst/sample_chain_reg_n_0_[9][6]
    SLICE_X18Y36         FDRE                                         r  fir_inst/sample_chain_reg[10][6]/D
  -------------------------------------------------------------------    -------------------

                         (clock sys_clk rise edge)    0.000     0.000 r  
    U14                                               0.000     0.000 r  clk (IN)
                         net (fo=0)                   0.000     0.000    clk
    U14                  IBUF (Prop_ibuf_I_O)         0.464     0.464 r  clk_IBUF_inst/O
                         net (fo=1, routed)           0.683     1.147    clk_IBUF
    BUFGCTRL_X0Y0        BUFG (Prop_bufg_I_O)         0.029     1.176 r  clk_IBUF_BUFG_inst/O
                         net (fo=1568, routed)        0.826     2.002    fir_inst/clk_IBUF_BUFG
    SLICE_X18Y36         FDRE                                         r  fir_inst/sample_chain_reg[10][6]/C
                         clock pessimism             -0.254     1.748    
    SLICE_X18Y36         FDRE (Hold_fdre_C_D)         0.070     1.818    fir_inst/sample_chain_reg[10][6]
  -------------------------------------------------------------------
                         required time                         -1.818    
                         arrival time                           1.879    
  -------------------------------------------------------------------
                         slack                                  0.060    

Slack (MET) :             0.064ns  (arrival time - required time)
  Source:                 fir_inst/sample_chain_reg[9][17]/C
                            (rising edge-triggered cell FDRE clocked by sys_clk  {rise@0.000ns fall@4.000ns period=8.000ns})
  Destination:            fir_inst/sample_chain_reg[10][17]/D
                            (rising edge-triggered cell FDRE clocked by sys_clk  {rise@0.000ns fall@4.000ns period=8.000ns})
  Path Group:             sys_clk
  Path Type:              Hold (Min at Fast Process Corner)
  Requirement:            0.000ns  (sys_clk rise@0.000ns - sys_clk rise@0.000ns)
  Data Path Delay:        0.399ns  (logic 0.141ns (35.364%)  route 0.258ns (64.636%))
  Logic Levels:           0  
  Clock Path Skew:        0.264ns (DCD - SCD - CPR)
    Destination Clock Delay (DCD):    2.003ns
    Source Clock Delay      (SCD):    1.485ns
    Clock Pessimism Removal (CPR):    0.254ns

    Location             Delay type                Incr(ns)  Path(ns)    Netlist Resource(s)
  -------------------------------------------------------------------    -------------------
                         (clock sys_clk rise edge)    0.000     0.000 r  
    U14                                               0.000     0.000 r  clk (IN)
                         net (fo=0)                   0.000     0.000    clk
    U14                  IBUF (Prop_ibuf_I_O)         0.274     0.274 r  clk_IBUF_inst/O
                         net (fo=1, routed)           0.627     0.901    clk_IBUF
    BUFGCTRL_X0Y0        BUFG (Prop_bufg_I_O)         0.026     0.927 r  clk_IBUF_BUFG_inst/O
                         net (fo=1568, routed)        0.558     1.485    fir_inst/clk_IBUF_BUFG
    SLICE_X25Y38         FDRE                                         r  fir_inst/sample_chain_reg[9][17]/C
  -------------------------------------------------------------------    -------------------
    SLICE_X25Y38         FDRE (Prop_fdre_C_Q)         0.141     1.626 r  fir_inst/sample_chain_reg[9][17]/Q
                         net (fo=2, routed)           0.258     1.883    fir_inst/sample_chain_reg_n_0_[9][17]
    SLICE_X17Y37         FDRE                                         r  fir_inst/sample_chain_reg[10][17]/D
  -------------------------------------------------------------------    -------------------

                         (clock sys_clk rise edge)    0.000     0.000 r  
    U14                                               0.000     0.000 r  clk (IN)
                         net (fo=0)                   0.000     0.000    clk
    U14                  IBUF (Prop_ibuf_I_O)         0.464     0.464 r  clk_IBUF_inst/O
                         net (fo=1, routed)           0.683     1.147    clk_IBUF
    BUFGCTRL_X0Y0        BUFG (Prop_bufg_I_O)         0.029     1.176 r  clk_IBUF_BUFG_inst/O
                         net (fo=1568, routed)        0.827     2.003    fir_inst/clk_IBUF_BUFG
    SLICE_X17Y37         FDRE                                         r  fir_inst/sample_chain_reg[10][17]/C
                         clock pessimism             -0.254     1.749    
    SLICE_X17Y37         FDRE (Hold_fdre_C_D)         0.070     1.819    fir_inst/sample_chain_reg[10][17]
  -------------------------------------------------------------------
                         required time                         -1.819    
                         arrival time                           1.883    
  -------------------------------------------------------------------
                         slack                                  0.064    

Slack (MET) :             0.073ns  (arrival time - required time)
  Source:                 fir_inst/sample_chain_reg[9][5]/C
                            (rising edge-triggered cell FDRE clocked by sys_clk  {rise@0.000ns fall@4.000ns period=8.000ns})
  Destination:            fir_inst/sample_chain_reg[10][5]/D
                            (rising edge-triggered cell FDRE clocked by sys_clk  {rise@0.000ns fall@4.000ns period=8.000ns})
  Path Group:             sys_clk
  Path Type:              Hold (Min at Fast Process Corner)
  Requirement:            0.000ns  (sys_clk rise@0.000ns - sys_clk rise@0.000ns)
  Data Path Delay:        0.402ns  (logic 0.164ns (40.790%)  route 0.238ns (59.210%))
  Logic Levels:           0  
  Clock Path Skew:        0.263ns (DCD - SCD - CPR)
    Destination Clock Delay (DCD):    2.002ns
    Source Clock Delay      (SCD):    1.485ns
    Clock Pessimism Removal (CPR):    0.254ns

    Location             Delay type                Incr(ns)  Path(ns)    Netlist Resource(s)
  -------------------------------------------------------------------    -------------------
                         (clock sys_clk rise edge)    0.000     0.000 r  
    U14                                               0.000     0.000 r  clk (IN)
                         net (fo=0)                   0.000     0.000    clk
    U14                  IBUF (Prop_ibuf_I_O)         0.274     0.274 r  clk_IBUF_inst/O
                         net (fo=1, routed)           0.627     0.901    clk_IBUF
    BUFGCTRL_X0Y0        BUFG (Prop_bufg_I_O)         0.026     0.927 r  clk_IBUF_BUFG_inst/O
                         net (fo=1568, routed)        0.558     1.485    fir_inst/clk_IBUF_BUFG
    SLICE_X24Y38         FDRE                                         r  fir_inst/sample_chain_reg[9][5]/C
  -------------------------------------------------------------------    -------------------
    SLICE_X24Y38         FDRE (Prop_fdre_C_Q)         0.164     1.649 r  fir_inst/sample_chain_reg[9][5]/Q
                         net (fo=2, routed)           0.238     1.887    fir_inst/sample_chain_reg_n_0_[9][5]
    SLICE_X18Y36         FDRE                                         r  fir_inst/sample_chain_reg[10][5]/D
  -------------------------------------------------------------------    -------------------

                         (clock sys_clk rise edge)    0.000     0.000 r  
    U14                                               0.000     0.000 r  clk (IN)
                         net (fo=0)                   0.000     0.000    clk
    U14                  IBUF (Prop_ibuf_I_O)         0.464     0.464 r  clk_IBUF_inst/O
                         net (fo=1, routed)           0.683     1.147    clk_IBUF
    BUFGCTRL_X0Y0        BUFG (Prop_bufg_I_O)         0.029     1.176 r  clk_IBUF_BUFG_inst/O
                         net (fo=1568, routed)        0.826     2.002    fir_inst/clk_IBUF_BUFG
    SLICE_X18Y36         FDRE                                         r  fir_inst/sample_chain_reg[10][5]/C
                         clock pessimism             -0.254     1.748    
    SLICE_X18Y36         FDRE (Hold_fdre_C_D)         0.066     1.814    fir_inst/sample_chain_reg[10][5]
  -------------------------------------------------------------------
                         required time                         -1.814    
                         arrival time                           1.887    
  -------------------------------------------------------------------
                         slack                                  0.073    

Slack (MET) :             0.076ns  (arrival time - required time)
  Source:                 fir_inst/sample_chain_reg[8][10]/C
                            (rising edge-triggered cell FDRE clocked by sys_clk  {rise@0.000ns fall@4.000ns period=8.000ns})
  Destination:            fir_inst/sample_chain_reg[9][10]/D
                            (rising edge-triggered cell FDRE clocked by sys_clk  {rise@0.000ns fall@4.000ns period=8.000ns})
  Path Group:             sys_clk
  Path Type:              Hold (Min at Fast Process Corner)
  Requirement:            0.000ns  (sys_clk rise@0.000ns - sys_clk rise@0.000ns)
  Data Path Delay:        0.409ns  (logic 0.164ns (40.134%)  route 0.245ns (59.866%))
  Logic Levels:           0  
  Clock Path Skew:        0.262ns (DCD - SCD - CPR)
    Destination Clock Delay (DCD):    2.003ns
    Source Clock Delay      (SCD):    1.487ns
    Clock Pessimism Removal (CPR):    0.254ns

    Location             Delay type                Incr(ns)  Path(ns)    Netlist Resource(s)
  -------------------------------------------------------------------    -------------------
                         (clock sys_clk rise edge)    0.000     0.000 r  
    U14                                               0.000     0.000 r  clk (IN)
                         net (fo=0)                   0.000     0.000    clk
    U14                  IBUF (Prop_ibuf_I_O)         0.274     0.274 r  clk_IBUF_inst/O
                         net (fo=1, routed)           0.627     0.901    clk_IBUF
    BUFGCTRL_X0Y0        BUFG (Prop_bufg_I_O)         0.026     0.927 r  clk_IBUF_BUFG_inst/O
                         net (fo=1568, routed)        0.560     1.487    fir_inst/clk_IBUF_BUFG
    SLICE_X20Y45         FDRE                                         r  fir_inst/sample_chain_reg[8][10]/C
  -------------------------------------------------------------------    -------------------
    SLICE_X20Y45         FDRE (Prop_fdre_C_Q)         0.164     1.651 r  fir_inst/sample_chain_reg[8][10]/Q
                         net (fo=2, routed)           0.245     1.895    fir_inst/sample_chain_reg_n_0_[8][10]
    SLICE_X25Y41         FDRE                                         r  fir_inst/sample_chain_reg[9][10]/D
  -------------------------------------------------------------------    -------------------

                         (clock sys_clk rise edge)    0.000     0.000 r  
    U14                                               0.000     0.000 r  clk (IN)
                         net (fo=0)                   0.000     0.000    clk
    U14                  IBUF (Prop_ibuf_I_O)         0.464     0.464 r  clk_IBUF_inst/O
                         net (fo=1, routed)           0.683     1.147    clk_IBUF
    BUFGCTRL_X0Y0        BUFG (Prop_bufg_I_O)         0.029     1.176 r  clk_IBUF_BUFG_inst/O
                         net (fo=1568, routed)        0.827     2.003    fir_inst/clk_IBUF_BUFG
    SLICE_X25Y41         FDRE                                         r  fir_inst/sample_chain_reg[9][10]/C
                         clock pessimism             -0.254     1.749    
    SLICE_X25Y41         FDRE (Hold_fdre_C_D)         0.070     1.819    fir_inst/sample_chain_reg[9][10]
  -------------------------------------------------------------------
                         required time                         -1.819    
                         arrival time                           1.895    
  -------------------------------------------------------------------
                         slack                                  0.076    

Slack (MET) :             0.077ns  (arrival time - required time)
  Source:                 fir_inst/sample_chain_reg[7][18]/C
                            (rising edge-triggered cell FDRE clocked by sys_clk  {rise@0.000ns fall@4.000ns period=8.000ns})
  Destination:            fir_inst/sample_chain_reg[8][18]/D
                            (rising edge-triggered cell FDRE clocked by sys_clk  {rise@0.000ns fall@4.000ns period=8.000ns})
  Path Group:             sys_clk
  Path Type:              Hold (Min at Fast Process Corner)
  Requirement:            0.000ns  (sys_clk rise@0.000ns - sys_clk rise@0.000ns)
  Data Path Delay:        0.408ns  (logic 0.141ns (34.549%)  route 0.267ns (65.451%))
  Logic Levels:           0  
  Clock Path Skew:        0.268ns (DCD - SCD - CPR)
    Destination Clock Delay (DCD):    2.006ns
    Source Clock Delay      (SCD):    1.489ns
    Clock Pessimism Removal (CPR):    0.249ns

    Location             Delay type                Incr(ns)  Path(ns)    Netlist Resource(s)
  -------------------------------------------------------------------    -------------------
                         (clock sys_clk rise edge)    0.000     0.000 r  
    U14                                               0.000     0.000 r  clk (IN)
                         net (fo=0)                   0.000     0.000    clk
    U14                  IBUF (Prop_ibuf_I_O)         0.274     0.274 r  clk_IBUF_inst/O
                         net (fo=1, routed)           0.627     0.901    clk_IBUF
    BUFGCTRL_X0Y0        BUFG (Prop_bufg_I_O)         0.026     0.927 r  clk_IBUF_BUFG_inst/O
                         net (fo=1568, routed)        0.562     1.489    fir_inst/clk_IBUF_BUFG
    SLICE_X14Y50         FDRE                                         r  fir_inst/sample_chain_reg[7][18]/C
  -------------------------------------------------------------------    -------------------
    SLICE_X14Y50         FDRE (Prop_fdre_C_Q)         0.141     1.630 r  fir_inst/sample_chain_reg[7][18]/Q
                         net (fo=2, routed)           0.267     1.897    fir_inst/sample_chain_reg_n_0_[7][18]
    SLICE_X20Y45         FDRE                                         r  fir_inst/sample_chain_reg[8][18]/D
  -------------------------------------------------------------------    -------------------

                         (clock sys_clk rise edge)    0.000     0.000 r  
    U14                                               0.000     0.000 r  clk (IN)
                         net (fo=0)                   0.000     0.000    clk
    U14                  IBUF (Prop_ibuf_I_O)         0.464     0.464 r  clk_IBUF_inst/O
                         net (fo=1, routed)           0.683     1.147    clk_IBUF
    BUFGCTRL_X0Y0        BUFG (Prop_bufg_I_O)         0.029     1.176 r  clk_IBUF_BUFG_inst/O
                         net (fo=1568, routed)        0.830     2.006    fir_inst/clk_IBUF_BUFG
    SLICE_X20Y45         FDRE                                         r  fir_inst/sample_chain_reg[8][18]/C
                         clock pessimism             -0.249     1.757    
    SLICE_X20Y45         FDRE (Hold_fdre_C_D)         0.063     1.820    fir_inst/sample_chain_reg[8][18]
  -------------------------------------------------------------------
                         required time                         -1.820    
                         arrival time                           1.897    
  -------------------------------------------------------------------
                         slack                                  0.077    

Slack (MET) :             0.078ns  (arrival time - required time)
  Source:                 out_fifo_inst/wr_idx_reg[1]/C
                            (rising edge-triggered cell FDRE clocked by sys_clk  {rise@0.000ns fall@4.000ns period=8.000ns})
  Destination:            out_fifo_inst/fifo_data_reg_0_63_12_14/RAMA/WADR1
                            (rising edge-triggered cell RAMD64E clocked by sys_clk  {rise@0.000ns fall@4.000ns period=8.000ns})
  Path Group:             sys_clk
  Path Type:              Hold (Min at Fast Process Corner)
  Requirement:            0.000ns  (sys_clk rise@0.000ns - sys_clk rise@0.000ns)
  Data Path Delay:        0.422ns  (logic 0.141ns (33.386%)  route 0.281ns (66.614%))
  Logic Levels:           0  
  Clock Path Skew:        0.035ns (DCD - SCD - CPR)
    Destination Clock Delay (DCD):    1.995ns
    Source Clock Delay      (SCD):    1.478ns
    Clock Pessimism Removal (CPR):    0.482ns

    Location             Delay type                Incr(ns)  Path(ns)    Netlist Resource(s)
  -------------------------------------------------------------------    -------------------
                         (clock sys_clk rise edge)    0.000     0.000 r  
    U14                                               0.000     0.000 r  clk (IN)
                         net (fo=0)                   0.000     0.000    clk
    U14                  IBUF (Prop_ibuf_I_O)         0.274     0.274 r  clk_IBUF_inst/O
                         net (fo=1, routed)           0.627     0.901    clk_IBUF
    BUFGCTRL_X0Y0        BUFG (Prop_bufg_I_O)         0.026     0.927 r  clk_IBUF_BUFG_inst/O
                         net (fo=1568, routed)        0.551     1.478    out_fifo_inst/clk_IBUF_BUFG
    SLICE_X33Y23         FDRE                                         r  out_fifo_inst/wr_idx_reg[1]/C
  -------------------------------------------------------------------    -------------------
    SLICE_X33Y23         FDRE (Prop_fdre_C_Q)         0.141     1.619 r  out_fifo_inst/wr_idx_reg[1]/Q
                         net (fo=48, routed)          0.281     1.900    out_fifo_inst/fifo_data_reg_0_63_12_14/ADDRD1
    SLICE_X34Y22         RAMD64E                                      r  out_fifo_inst/fifo_data_reg_0_63_12_14/RAMA/WADR1
  -------------------------------------------------------------------    -------------------

                         (clock sys_clk rise edge)    0.000     0.000 r  
    U14                                               0.000     0.000 r  clk (IN)
                         net (fo=0)                   0.000     0.000    clk
    U14                  IBUF (Prop_ibuf_I_O)         0.464     0.464 r  clk_IBUF_inst/O
                         net (fo=1, routed)           0.683     1.147    clk_IBUF
    BUFGCTRL_X0Y0        BUFG (Prop_bufg_I_O)         0.029     1.176 r  clk_IBUF_BUFG_inst/O
                         net (fo=1568, routed)        0.819     1.995    out_fifo_inst/fifo_data_reg_0_63_12_14/WCLK
    SLICE_X34Y22         RAMD64E                                      r  out_fifo_inst/fifo_data_reg_0_63_12_14/RAMA/CLK
                         clock pessimism             -0.482     1.513    
    SLICE_X34Y22         RAMD64E (Hold_ramd64e_CLK_WADR1)
                                                      0.309     1.822    out_fifo_inst/fifo_data_reg_0_63_12_14/RAMA
  -------------------------------------------------------------------
                         required time                         -1.822    
                         arrival time                           1.900    
  -------------------------------------------------------------------
                         slack                                  0.078    

Slack (MET) :             0.078ns  (arrival time - required time)
  Source:                 out_fifo_inst/wr_idx_reg[1]/C
                            (rising edge-triggered cell FDRE clocked by sys_clk  {rise@0.000ns fall@4.000ns period=8.000ns})
  Destination:            out_fifo_inst/fifo_data_reg_0_63_12_14/RAMB/WADR1
                            (rising edge-triggered cell RAMD64E clocked by sys_clk  {rise@0.000ns fall@4.000ns period=8.000ns})
  Path Group:             sys_clk
  Path Type:              Hold (Min at Fast Process Corner)
  Requirement:            0.000ns  (sys_clk rise@0.000ns - sys_clk rise@0.000ns)
  Data Path Delay:        0.422ns  (logic 0.141ns (33.386%)  route 0.281ns (66.614%))
  Logic Levels:           0  
  Clock Path Skew:        0.035ns (DCD - SCD - CPR)
    Destination Clock Delay (DCD):    1.995ns
    Source Clock Delay      (SCD):    1.478ns
    Clock Pessimism Removal (CPR):    0.482ns

    Location             Delay type                Incr(ns)  Path(ns)    Netlist Resource(s)
  -------------------------------------------------------------------    -------------------
                         (clock sys_clk rise edge)    0.000     0.000 r  
    U14                                               0.000     0.000 r  clk (IN)
                         net (fo=0)                   0.000     0.000    clk
    U14                  IBUF (Prop_ibuf_I_O)         0.274     0.274 r  clk_IBUF_inst/O
                         net (fo=1, routed)           0.627     0.901    clk_IBUF
    BUFGCTRL_X0Y0        BUFG (Prop_bufg_I_O)         0.026     0.927 r  clk_IBUF_BUFG_inst/O
                         net (fo=1568, routed)        0.551     1.478    out_fifo_inst/clk_IBUF_BUFG
    SLICE_X33Y23         FDRE                                         r  out_fifo_inst/wr_idx_reg[1]/C
  -------------------------------------------------------------------    -------------------
    SLICE_X33Y23         FDRE (Prop_fdre_C_Q)         0.141     1.619 r  out_fifo_inst/wr_idx_reg[1]/Q
                         net (fo=48, routed)          0.281     1.900    out_fifo_inst/fifo_data_reg_0_63_12_14/ADDRD1
    SLICE_X34Y22         RAMD64E                                      r  out_fifo_inst/fifo_data_reg_0_63_12_14/RAMB/WADR1
  -------------------------------------------------------------------    -------------------

                         (clock sys_clk rise edge)    0.000     0.000 r  
    U14                                               0.000     0.000 r  clk (IN)
                         net (fo=0)                   0.000     0.000    clk
    U14                  IBUF (Prop_ibuf_I_O)         0.464     0.464 r  clk_IBUF_inst/O
                         net (fo=1, routed)           0.683     1.147    clk_IBUF
    BUFGCTRL_X0Y0        BUFG (Prop_bufg_I_O)         0.029     1.176 r  clk_IBUF_BUFG_inst/O
                         net (fo=1568, routed)        0.819     1.995    out_fifo_inst/fifo_data_reg_0_63_12_14/WCLK
    SLICE_X34Y22         RAMD64E                                      r  out_fifo_inst/fifo_data_reg_0_63_12_14/RAMB/CLK
                         clock pessimism             -0.482     1.513    
    SLICE_X34Y22         RAMD64E (Hold_ramd64e_CLK_WADR1)
                                                      0.309     1.822    out_fifo_inst/fifo_data_reg_0_63_12_14/RAMB
  -------------------------------------------------------------------
                         required time                         -1.822    
                         arrival time                           1.900    
  -------------------------------------------------------------------
                         slack                                  0.078    

Slack (MET) :             0.078ns  (arrival time - required time)
  Source:                 out_fifo_inst/wr_idx_reg[1]/C
                            (rising edge-triggered cell FDRE clocked by sys_clk  {rise@0.000ns fall@4.000ns period=8.000ns})
  Destination:            out_fifo_inst/fifo_data_reg_0_63_12_14/RAMC/WADR1
                            (rising edge-triggered cell RAMD64E clocked by sys_clk  {rise@0.000ns fall@4.000ns period=8.000ns})
  Path Group:             sys_clk
  Path Type:              Hold (Min at Fast Process Corner)
  Requirement:            0.000ns  (sys_clk rise@0.000ns - sys_clk rise@0.000ns)
  Data Path Delay:        0.422ns  (logic 0.141ns (33.386%)  route 0.281ns (66.614%))
  Logic Levels:           0  
  Clock Path Skew:        0.035ns (DCD - SCD - CPR)
    Destination Clock Delay (DCD):    1.995ns
    Source Clock Delay      (SCD):    1.478ns
    Clock Pessimism Removal (CPR):    0.482ns

    Location             Delay type                Incr(ns)  Path(ns)    Netlist Resource(s)
  -------------------------------------------------------------------    -------------------
                         (clock sys_clk rise edge)    0.000     0.000 r  
    U14                                               0.000     0.000 r  clk (IN)
                         net (fo=0)                   0.000     0.000    clk
    U14                  IBUF (Prop_ibuf_I_O)         0.274     0.274 r  clk_IBUF_inst/O
                         net (fo=1, routed)           0.627     0.901    clk_IBUF
    BUFGCTRL_X0Y0        BUFG (Prop_bufg_I_O)         0.026     0.927 r  clk_IBUF_BUFG_inst/O
                         net (fo=1568, routed)        0.551     1.478    out_fifo_inst/clk_IBUF_BUFG
    SLICE_X33Y23         FDRE                                         r  out_fifo_inst/wr_idx_reg[1]/C
  -------------------------------------------------------------------    -------------------
    SLICE_X33Y23         FDRE (Prop_fdre_C_Q)         0.141     1.619 r  out_fifo_inst/wr_idx_reg[1]/Q
                         net (fo=48, routed)          0.281     1.900    out_fifo_inst/fifo_data_reg_0_63_12_14/ADDRD1
    SLICE_X34Y22         RAMD64E                                      r  out_fifo_inst/fifo_data_reg_0_63_12_14/RAMC/WADR1
  -------------------------------------------------------------------    -------------------

                         (clock sys_clk rise edge)    0.000     0.000 r  
    U14                                               0.000     0.000 r  clk (IN)
                         net (fo=0)                   0.000     0.000    clk
    U14                  IBUF (Prop_ibuf_I_O)         0.464     0.464 r  clk_IBUF_inst/O
                         net (fo=1, routed)           0.683     1.147    clk_IBUF
    BUFGCTRL_X0Y0        BUFG (Prop_bufg_I_O)         0.029     1.176 r  clk_IBUF_BUFG_inst/O
                         net (fo=1568, routed)        0.819     1.995    out_fifo_inst/fifo_data_reg_0_63_12_14/WCLK
    SLICE_X34Y22         RAMD64E                                      r  out_fifo_inst/fifo_data_reg_0_63_12_14/RAMC/CLK
                         clock pessimism             -0.482     1.513    
    SLICE_X34Y22         RAMD64E (Hold_ramd64e_CLK_WADR1)
                                                      0.309     1.822    out_fifo_inst/fifo_data_reg_0_63_12_14/RAMC
  -------------------------------------------------------------------
                         required time                         -1.822    
                         arrival time                           1.900    
  -------------------------------------------------------------------
                         slack                                  0.078    

Slack (MET) :             0.078ns  (arrival time - required time)
  Source:                 out_fifo_inst/wr_idx_reg[1]/C
                            (rising edge-triggered cell FDRE clocked by sys_clk  {rise@0.000ns fall@4.000ns period=8.000ns})
  Destination:            out_fifo_inst/fifo_data_reg_0_63_12_14/RAMD/WADR1
                            (rising edge-triggered cell RAMD64E clocked by sys_clk  {rise@0.000ns fall@4.000ns period=8.000ns})
  Path Group:             sys_clk
  Path Type:              Hold (Min at Fast Process Corner)
  Requirement:            0.000ns  (sys_clk rise@0.000ns - sys_clk rise@0.000ns)
  Data Path Delay:        0.422ns  (logic 0.141ns (33.386%)  route 0.281ns (66.614%))
  Logic Levels:           0  
  Clock Path Skew:        0.035ns (DCD - SCD - CPR)
    Destination Clock Delay (DCD):    1.995ns
    Source Clock Delay      (SCD):    1.478ns
    Clock Pessimism Removal (CPR):    0.482ns

    Location             Delay type                Incr(ns)  Path(ns)    Netlist Resource(s)
  -------------------------------------------------------------------    -------------------
                         (clock sys_clk rise edge)    0.000     0.000 r  
    U14                                               0.000     0.000 r  clk (IN)
                         net (fo=0)                   0.000     0.000    clk
    U14                  IBUF (Prop_ibuf_I_O)         0.274     0.274 r  clk_IBUF_inst/O
                         net (fo=1, routed)           0.627     0.901    clk_IBUF
    BUFGCTRL_X0Y0        BUFG (Prop_bufg_I_O)         0.026     0.927 r  clk_IBUF_BUFG_inst/O
                         net (fo=1568, routed)        0.551     1.478    out_fifo_inst/clk_IBUF_BUFG
    SLICE_X33Y23         FDRE                                         r  out_fifo_inst/wr_idx_reg[1]/C
  -------------------------------------------------------------------    -------------------
    SLICE_X33Y23         FDRE (Prop_fdre_C_Q)         0.141     1.619 r  out_fifo_inst/wr_idx_reg[1]/Q
                         net (fo=48, routed)          0.281     1.900    out_fifo_inst/fifo_data_reg_0_63_12_14/ADDRD1
    SLICE_X34Y22         RAMD64E                                      r  out_fifo_inst/fifo_data_reg_0_63_12_14/RAMD/WADR1
  -------------------------------------------------------------------    -------------------

                         (clock sys_clk rise edge)    0.000     0.000 r  
    U14                                               0.000     0.000 r  clk (IN)
                         net (fo=0)                   0.000     0.000    clk
    U14                  IBUF (Prop_ibuf_I_O)         0.464     0.464 r  clk_IBUF_inst/O
                         net (fo=1, routed)           0.683     1.147    clk_IBUF
    BUFGCTRL_X0Y0        BUFG (Prop_bufg_I_O)         0.029     1.176 r  clk_IBUF_BUFG_inst/O
                         net (fo=1568, routed)        0.819     1.995    out_fifo_inst/fifo_data_reg_0_63_12_14/WCLK
    SLICE_X34Y22         RAMD64E                                      r  out_fifo_inst/fifo_data_reg_0_63_12_14/RAMD/CLK
                         clock pessimism             -0.482     1.513    
    SLICE_X34Y22         RAMD64E (Hold_ramd64e_CLK_WADR1)
                                                      0.309     1.822    out_fifo_inst/fifo_data_reg_0_63_12_14/RAMD
  -------------------------------------------------------------------
                         required time                         -1.822    
                         arrival time                           1.900    
  -------------------------------------------------------------------
                         slack                                  0.078    





Pulse Width Checks
--------------------------------------------------------------------------------------
Clock Name:         sys_clk
Waveform(ns):       { 0.000 4.000 }
Period(ns):         8.000
Sources:            { clk }

Check Type        Corner  Lib Pin      Reference Pin  Required(ns)  Actual(ns)  Slack(ns)  Location      Pin
Min Period        n/a     DSP48E1/CLK  n/a            3.884         8.000       4.116      DSP48_X0Y36   fir_inst/gen_stage_0/gen_mac_units[0].mac_inst/mult_s_reg/CLK
Min Period        n/a     DSP48E1/CLK  n/a            3.884         8.000       4.116      DSP48_X1Y18   fir_inst/gen_stages[10].stage_inst/gen_mac_units[0].mac_inst/mult_s_reg/CLK
Min Period        n/a     DSP48E1/CLK  n/a            3.884         8.000       4.116      DSP48_X1Y15   fir_inst/gen_stages[11].stage_inst/gen_mac_units[0].mac_inst/mult_s_reg/CLK
Min Period        n/a     DSP48E1/CLK  n/a            3.884         8.000       4.116      DSP48_X0Y16   fir_inst/gen_stages[12].stage_inst/gen_mac_units[0].mac_inst/mult_s_reg/CLK
Min Period        n/a     DSP48E1/CLK  n/a            3.884         8.000       4.116      DSP48_X0Y14   fir_inst/gen_stages[13].stage_inst/gen_mac_units[0].mac_inst/mult_s_reg/CLK
Min Period        n/a     DSP48E1/CLK  n/a            3.884         8.000       4.116      DSP48_X0Y11   fir_inst/gen_stages[14].stage_inst/gen_mac_units[0].mac_inst/mult_s_reg/CLK
Min Period        n/a     DSP48E1/CLK  n/a            3.884         8.000       4.116      DSP48_X0Y8    fir_inst/gen_stages[15].stage_inst/gen_mac_units[0].mac_inst/mult_s_reg/CLK
Min Period        n/a     DSP48E1/CLK  n/a            3.884         8.000       4.116      DSP48_X0Y3    fir_inst/gen_stages[16].stage_inst/gen_mac_units[0].mac_inst/mult_s_reg/CLK
Min Period        n/a     DSP48E1/CLK  n/a            3.884         8.000       4.116      DSP48_X1Y9    fir_inst/gen_stages[17].stage_inst/gen_mac_units[0].mac_inst/mult_s_reg/CLK
Min Period        n/a     DSP48E1/CLK  n/a            3.884         8.000       4.116      DSP48_X1Y11   fir_inst/gen_stages[18].stage_inst/gen_mac_units[0].mac_inst/mult_s_reg/CLK
Low Pulse Width   Slow    RAMD32/CLK   n/a            1.250         4.000       2.750      SLICE_X16Y68  in_fifo_inst/fifo_data_reg_0_1_0_5/RAMA/CLK
Low Pulse Width   Fast    RAMD32/CLK   n/a            1.250         4.000       2.750      SLICE_X16Y68  in_fifo_inst/fifo_data_reg_0_1_0_5/RAMA/CLK
Low Pulse Width   Slow    RAMD32/CLK   n/a            1.250         4.000       2.750      SLICE_X16Y68  in_fifo_inst/fifo_data_reg_0_1_0_5/RAMA_D1/CLK
Low Pulse Width   Fast    RAMD32/CLK   n/a            1.250         4.000       2.750      SLICE_X16Y68  in_fifo_inst/fifo_data_reg_0_1_0_5/RAMA_D1/CLK
Low Pulse Width   Slow    RAMD32/CLK   n/a            1.250         4.000       2.750      SLICE_X16Y68  in_fifo_inst/fifo_data_reg_0_1_0_5/RAMB/CLK
Low Pulse Width   Fast    RAMD32/CLK   n/a            1.250         4.000       2.750      SLICE_X16Y68  in_fifo_inst/fifo_data_reg_0_1_0_5/RAMB/CLK
Low Pulse Width   Slow    RAMD32/CLK   n/a            1.250         4.000       2.750      SLICE_X16Y68  in_fifo_inst/fifo_data_reg_0_1_0_5/RAMB_D1/CLK
Low Pulse Width   Fast    RAMD32/CLK   n/a            1.250         4.000       2.750      SLICE_X16Y68  in_fifo_inst/fifo_data_reg_0_1_0_5/RAMB_D1/CLK
Low Pulse Width   Slow    RAMD32/CLK   n/a            1.250         4.000       2.750      SLICE_X16Y68  in_fifo_inst/fifo_data_reg_0_1_0_5/RAMC/CLK
Low Pulse Width   Fast    RAMD32/CLK   n/a            1.250         4.000       2.750      SLICE_X16Y68  in_fifo_inst/fifo_data_reg_0_1_0_5/RAMC/CLK
High Pulse Width  Slow    RAMD32/CLK   n/a            1.250         4.000       2.750      SLICE_X16Y68  in_fifo_inst/fifo_data_reg_0_1_0_5/RAMA/CLK
High Pulse Width  Fast    RAMD32/CLK   n/a            1.250         4.000       2.750      SLICE_X16Y68  in_fifo_inst/fifo_data_reg_0_1_0_5/RAMA/CLK
High Pulse Width  Slow    RAMD32/CLK   n/a            1.250         4.000       2.750      SLICE_X16Y68  in_fifo_inst/fifo_data_reg_0_1_0_5/RAMA_D1/CLK
High Pulse Width  Fast    RAMD32/CLK   n/a            1.250         4.000       2.750      SLICE_X16Y68  in_fifo_inst/fifo_data_reg_0_1_0_5/RAMA_D1/CLK
High Pulse Width  Slow    RAMD32/CLK   n/a            1.250         4.000       2.750      SLICE_X16Y68  in_fifo_inst/fifo_data_reg_0_1_0_5/RAMB/CLK
High Pulse Width  Fast    RAMD32/CLK   n/a            1.250         4.000       2.750      SLICE_X16Y68  in_fifo_inst/fifo_data_reg_0_1_0_5/RAMB/CLK
High Pulse Width  Slow    RAMD32/CLK   n/a            1.250         4.000       2.750      SLICE_X16Y68  in_fifo_inst/fifo_data_reg_0_1_0_5/RAMB_D1/CLK
High Pulse Width  Fast    RAMD32/CLK   n/a            1.250         4.000       2.750      SLICE_X16Y68  in_fifo_inst/fifo_data_reg_0_1_0_5/RAMB_D1/CLK
High Pulse Width  Slow    RAMD32/CLK   n/a            1.250         4.000       2.750      SLICE_X16Y68  in_fifo_inst/fifo_data_reg_0_1_0_5/RAMC/CLK
High Pulse Width  Fast    RAMD32/CLK   n/a            1.250         4.000       2.750      SLICE_X16Y68  in_fifo_inst/fifo_data_reg_0_1_0_5/RAMC/CLK



--------------------------------------------------------------------------------------
Path Group:  (none)
From Clock:  sys_clk
  To Clock:  

Max Delay            27 Endpoints
Min Delay            27 Endpoints
--------------------------------------------------------------------------------------


Max Delay Paths
--------------------------------------------------------------------------------------
Slack:                    inf
  Source:                 out_fifo_inst/rd_idx_reg[4]/C
                            (rising edge-triggered cell FDRE clocked by sys_clk  {rise@0.000ns fall@4.000ns period=8.000ns})
  Destination:            out_tdata[20]
                            (output port)
  Path Group:             (none)
  Path Type:              Max at Slow Process Corner
  Data Path Delay:        10.227ns  (logic 3.376ns (33.011%)  route 6.851ns (66.989%))
  Logic Levels:           2  (OBUF=1 RAMD64E=1)
  Clock Uncertainty:      0.025ns  ((TSJ^2 + TIJ^2)^1/2 + DJ) / 2 + PE
    Total System Jitter     (TSJ):    0.050ns
    Total Input Jitter      (TIJ):    0.000ns
    Discrete Jitter          (DJ):    0.000ns
    Phase Error              (PE):    0.000ns

    Location             Delay type                Incr(ns)  Path(ns)    Netlist Resource(s)
  -------------------------------------------------------------------    -------------------
                         (clock sys_clk rise edge)    0.000     0.000 r  
    U14                                               0.000     0.000 r  clk (IN)
                         net (fo=0)                   0.000     0.000    clk
    U14                  IBUF (Prop_ibuf_I_O)         1.046     1.046 r  clk_IBUF_inst/O
                         net (fo=1, routed)           2.076     3.122    clk_IBUF
    BUFGCTRL_X0Y0        BUFG (Prop_bufg_I_O)         0.101     3.223 r  clk_IBUF_BUFG_inst/O
                         net (fo=1568, routed)        1.656     4.879    out_fifo_inst/clk_IBUF_BUFG
    SLICE_X34Y23         FDRE                                         r  out_fifo_inst/rd_idx_reg[4]/C
  -------------------------------------------------------------------    -------------------
    SLICE_X34Y23         FDRE (Prop_fdre_C_Q)         0.478     5.357 r  out_fifo_inst/rd_idx_reg[4]/Q
                         net (fo=29, routed)          2.235     7.592    out_fifo_inst/fifo_data_reg_0_63_18_20/ADDRC4
    SLICE_X34Y16         RAMD64E (Prop_ramd64e_RADR4_O)
                                                      0.295     7.887 r  out_fifo_inst/fifo_data_reg_0_63_18_20/RAMC/O
                         net (fo=1, routed)           4.616    12.503    out_tdata_OBUF[20]
    E17                  OBUF (Prop_obuf_I_O)         2.603    15.106 r  out_tdata_OBUF[20]_inst/O
                         net (fo=0)                   0.000    15.106    out_tdata[20]
    E17                                                               r  out_tdata[20] (OUT)
  -------------------------------------------------------------------    -------------------

Slack:                    inf
  Source:                 out_fifo_inst/rd_idx_reg[1]/C
                            (rising edge-triggered cell FDRE clocked by sys_clk  {rise@0.000ns fall@4.000ns period=8.000ns})
  Destination:            out_tdata[22]
                            (output port)
  Path Group:             (none)
  Path Type:              Max at Slow Process Corner
  Data Path Delay:        9.820ns  (logic 3.270ns (33.298%)  route 6.550ns (66.702%))
  Logic Levels:           2  (OBUF=1 RAMD64E=1)
  Clock Uncertainty:      0.025ns  ((TSJ^2 + TIJ^2)^1/2 + DJ) / 2 + PE
    Total System Jitter     (TSJ):    0.050ns
    Total Input Jitter      (TIJ):    0.000ns
    Discrete Jitter          (DJ):    0.000ns
    Phase Error              (PE):    0.000ns

    Location             Delay type                Incr(ns)  Path(ns)    Netlist Resource(s)
  -------------------------------------------------------------------    -------------------
                         (clock sys_clk rise edge)    0.000     0.000 r  
    U14                                               0.000     0.000 r  clk (IN)
                         net (fo=0)                   0.000     0.000    clk
    U14                  IBUF (Prop_ibuf_I_O)         1.046     1.046 r  clk_IBUF_inst/O
                         net (fo=1, routed)           2.076     3.122    clk_IBUF
    BUFGCTRL_X0Y0        BUFG (Prop_bufg_I_O)         0.101     3.223 r  clk_IBUF_BUFG_inst/O
                         net (fo=1568, routed)        1.656     4.879    out_fifo_inst/clk_IBUF_BUFG
    SLICE_X34Y23         FDRE                                         r  out_fifo_inst/rd_idx_reg[1]/C
  -------------------------------------------------------------------    -------------------
    SLICE_X34Y23         FDRE (Prop_fdre_C_Q)         0.518     5.397 r  out_fifo_inst/rd_idx_reg[1]/Q
                         net (fo=30, routed)          2.134     7.531    out_fifo_inst/fifo_data_reg_0_63_21_23/ADDRB1
    SLICE_X34Y19         RAMD64E (Prop_ramd64e_RADR1_O)
                                                      0.124     7.655 r  out_fifo_inst/fifo_data_reg_0_63_21_23/RAMB/O
                         net (fo=1, routed)           4.416    12.071    out_tdata_OBUF[22]
    B19                  OBUF (Prop_obuf_I_O)         2.628    14.699 r  out_tdata_OBUF[22]_inst/O
                         net (fo=0)                   0.000    14.699    out_tdata[22]
    B19                                                               r  out_tdata[22] (OUT)
  -------------------------------------------------------------------    -------------------

Slack:                    inf
  Source:                 out_fifo_inst/rd_idx_reg[4]/C
                            (rising edge-triggered cell FDRE clocked by sys_clk  {rise@0.000ns fall@4.000ns period=8.000ns})
  Destination:            out_tdata[1]
                            (output port)
  Path Group:             (none)
  Path Type:              Max at Slow Process Corner
  Data Path Delay:        9.770ns  (logic 3.410ns (34.900%)  route 6.360ns (65.100%))
  Logic Levels:           2  (OBUF=1 RAMD64E=1)
  Clock Uncertainty:      0.025ns  ((TSJ^2 + TIJ^2)^1/2 + DJ) / 2 + PE
    Total System Jitter     (TSJ):    0.050ns
    Total Input Jitter      (TIJ):    0.000ns
    Discrete Jitter          (DJ):    0.000ns
    Phase Error              (PE):    0.000ns

    Location             Delay type                Incr(ns)  Path(ns)    Netlist Resource(s)
  -------------------------------------------------------------------    -------------------
                         (clock sys_clk rise edge)    0.000     0.000 r  
    U14                                               0.000     0.000 r  clk (IN)
                         net (fo=0)                   0.000     0.000    clk
    U14                  IBUF (Prop_ibuf_I_O)         1.046     1.046 r  clk_IBUF_inst/O
                         net (fo=1, routed)           2.076     3.122    clk_IBUF
    BUFGCTRL_X0Y0        BUFG (Prop_bufg_I_O)         0.101     3.223 r  clk_IBUF_BUFG_inst/O
                         net (fo=1568, routed)        1.656     4.879    out_fifo_inst/clk_IBUF_BUFG
    SLICE_X34Y23         FDRE                                         r  out_fifo_inst/rd_idx_reg[4]/C
  -------------------------------------------------------------------    -------------------
    SLICE_X34Y23         FDRE (Prop_fdre_C_Q)         0.478     5.357 r  out_fifo_inst/rd_idx_reg[4]/Q
                         net (fo=29, routed)          2.397     7.754    out_fifo_inst/fifo_data_reg_0_63_0_2/ADDRB4
    SLICE_X32Y20         RAMD64E (Prop_ramd64e_RADR4_O)
                                                      0.295     8.049 r  out_fifo_inst/fifo_data_reg_0_63_0_2/RAMB/O
                         net (fo=1, routed)           3.963    12.012    out_tdata_OBUF[1]
    K18                  OBUF (Prop_obuf_I_O)         2.637    14.649 r  out_tdata_OBUF[1]_inst/O
                         net (fo=0)                   0.000    14.649    out_tdata[1]
    K18                                                               r  out_tdata[1] (OUT)
  -------------------------------------------------------------------    -------------------

Slack:                    inf
  Source:                 out_fifo_inst/rd_idx_reg[4]/C
                            (rising edge-triggered cell FDRE clocked by sys_clk  {rise@0.000ns fall@4.000ns period=8.000ns})
  Destination:            out_tdata[10]
                            (output port)
  Path Group:             (none)
  Path Type:              Max at Slow Process Corner
  Data Path Delay:        9.746ns  (logic 3.462ns (35.520%)  route 6.284ns (64.480%))
  Logic Levels:           2  (OBUF=1 RAMD64E=1)
  Clock Uncertainty:      0.025ns  ((TSJ^2 + TIJ^2)^1/2 + DJ) / 2 + PE
    Total System Jitter     (TSJ):    0.050ns
    Total Input Jitter      (TIJ):    0.000ns
    Discrete Jitter          (DJ):    0.000ns
    Phase Error              (PE):    0.000ns

    Location             Delay type                Incr(ns)  Path(ns)    Netlist Resource(s)
  -------------------------------------------------------------------    -------------------
                         (clock sys_clk rise edge)    0.000     0.000 r  
    U14                                               0.000     0.000 r  clk (IN)
                         net (fo=0)                   0.000     0.000    clk
    U14                  IBUF (Prop_ibuf_I_O)         1.046     1.046 r  clk_IBUF_inst/O
                         net (fo=1, routed)           2.076     3.122    clk_IBUF
    BUFGCTRL_X0Y0        BUFG (Prop_bufg_I_O)         0.101     3.223 r  clk_IBUF_BUFG_inst/O
                         net (fo=1568, routed)        1.656     4.879    out_fifo_inst/clk_IBUF_BUFG
    SLICE_X34Y23         FDRE                                         r  out_fifo_inst/rd_idx_reg[4]/C
  -------------------------------------------------------------------    -------------------
    SLICE_X34Y23         FDRE (Prop_fdre_C_Q)         0.478     5.357 r  out_fifo_inst/rd_idx_reg[4]/Q
                         net (fo=29, routed)          2.114     7.471    out_fifo_inst/fifo_data_reg_0_63_9_11/ADDRB4
    SLICE_X32Y17         RAMD64E (Prop_ramd64e_RADR4_O)
                                                      0.295     7.766 r  out_fifo_inst/fifo_data_reg_0_63_9_11/RAMB/O
                         net (fo=1, routed)           4.171    11.936    out_tdata_OBUF[10]
    M17                  OBUF (Prop_obuf_I_O)         2.689    14.625 r  out_tdata_OBUF[10]_inst/O
                         net (fo=0)                   0.000    14.625    out_tdata[10]
    M17                                                               r  out_tdata[10] (OUT)
  -------------------------------------------------------------------    -------------------

Slack:                    inf
  Source:                 out_fifo_inst/rd_idx_reg[1]/C
                            (rising edge-triggered cell FDRE clocked by sys_clk  {rise@0.000ns fall@4.000ns period=8.000ns})
  Destination:            out_tdata[19]
                            (output port)
  Path Group:             (none)
  Path Type:              Max at Slow Process Corner
  Data Path Delay:        9.724ns  (logic 3.245ns (33.370%)  route 6.479ns (66.630%))
  Logic Levels:           2  (OBUF=1 RAMD64E=1)
  Clock Uncertainty:      0.025ns  ((TSJ^2 + TIJ^2)^1/2 + DJ) / 2 + PE
    Total System Jitter     (TSJ):    0.050ns
    Total Input Jitter      (TIJ):    0.000ns
    Discrete Jitter          (DJ):    0.000ns
    Phase Error              (PE):    0.000ns

    Location             Delay type                Incr(ns)  Path(ns)    Netlist Resource(s)
  -------------------------------------------------------------------    -------------------
                         (clock sys_clk rise edge)    0.000     0.000 r  
    U14                                               0.000     0.000 r  clk (IN)
                         net (fo=0)                   0.000     0.000    clk
    U14                  IBUF (Prop_ibuf_I_O)         1.046     1.046 r  clk_IBUF_inst/O
                         net (fo=1, routed)           2.076     3.122    clk_IBUF
    BUFGCTRL_X0Y0        BUFG (Prop_bufg_I_O)         0.101     3.223 r  clk_IBUF_BUFG_inst/O
                         net (fo=1568, routed)        1.656     4.879    out_fifo_inst/clk_IBUF_BUFG
    SLICE_X34Y23         FDRE                                         r  out_fifo_inst/rd_idx_reg[1]/C
  -------------------------------------------------------------------    -------------------
    SLICE_X34Y23         FDRE (Prop_fdre_C_Q)         0.518     5.397 r  out_fifo_inst/rd_idx_reg[1]/Q
                         net (fo=30, routed)          2.058     7.454    out_fifo_inst/fifo_data_reg_0_63_18_20/ADDRB1
    SLICE_X34Y16         RAMD64E (Prop_ramd64e_RADR1_O)
                                                      0.124     7.578 r  out_fifo_inst/fifo_data_reg_0_63_18_20/RAMB/O
                         net (fo=1, routed)           4.421    12.000    out_tdata_OBUF[19]
    D18                  OBUF (Prop_obuf_I_O)         2.603    14.603 r  out_tdata_OBUF[19]_inst/O
                         net (fo=0)                   0.000    14.603    out_tdata[19]
    D18                                                               r  out_tdata[19] (OUT)
  -------------------------------------------------------------------    -------------------

Slack:                    inf
  Source:                 out_fifo_inst/rd_idx_reg[1]/C
                            (rising edge-triggered cell FDRE clocked by sys_clk  {rise@0.000ns fall@4.000ns period=8.000ns})
  Destination:            out_tdata[5]
                            (output port)
  Path Group:             (none)
  Path Type:              Max at Slow Process Corner
  Data Path Delay:        9.627ns  (logic 3.281ns (34.079%)  route 6.346ns (65.921%))
  Logic Levels:           2  (OBUF=1 RAMD64E=1)
  Clock Uncertainty:      0.025ns  ((TSJ^2 + TIJ^2)^1/2 + DJ) / 2 + PE
    Total System Jitter     (TSJ):    0.050ns
    Total Input Jitter      (TIJ):    0.000ns
    Discrete Jitter          (DJ):    0.000ns
    Phase Error              (PE):    0.000ns

    Location             Delay type                Incr(ns)  Path(ns)    Netlist Resource(s)
  -------------------------------------------------------------------    -------------------
                         (clock sys_clk rise edge)    0.000     0.000 r  
    U14                                               0.000     0.000 r  clk (IN)
                         net (fo=0)                   0.000     0.000    clk
    U14                  IBUF (Prop_ibuf_I_O)         1.046     1.046 r  clk_IBUF_inst/O
                         net (fo=1, routed)           2.076     3.122    clk_IBUF
    BUFGCTRL_X0Y0        BUFG (Prop_bufg_I_O)         0.101     3.223 r  clk_IBUF_BUFG_inst/O
                         net (fo=1568, routed)        1.656     4.879    out_fifo_inst/clk_IBUF_BUFG
    SLICE_X34Y23         FDRE                                         r  out_fifo_inst/rd_idx_reg[1]/C
  -------------------------------------------------------------------    -------------------
    SLICE_X34Y23         FDRE (Prop_fdre_C_Q)         0.518     5.397 r  out_fifo_inst/rd_idx_reg[1]/Q
                         net (fo=30, routed)          2.342     7.739    out_fifo_inst/fifo_data_reg_0_63_3_5/ADDRC1
    SLICE_X32Y18         RAMD64E (Prop_ramd64e_RADR1_O)
                                                      0.124     7.863 r  out_fifo_inst/fifo_data_reg_0_63_3_5/RAMC/O
                         net (fo=1, routed)           4.004    11.867    out_tdata_OBUF[5]
    J19                  OBUF (Prop_obuf_I_O)         2.639    14.506 r  out_tdata_OBUF[5]_inst/O
                         net (fo=0)                   0.000    14.506    out_tdata[5]
    J19                                                               r  out_tdata[5] (OUT)
  -------------------------------------------------------------------    -------------------

Slack:                    inf
  Source:                 out_fifo_inst/rd_idx_reg[1]/C
                            (rising edge-triggered cell FDRE clocked by sys_clk  {rise@0.000ns fall@4.000ns period=8.000ns})
  Destination:            out_tdata[23]
                            (output port)
  Path Group:             (none)
  Path Type:              Max at Slow Process Corner
  Data Path Delay:        9.555ns  (logic 3.267ns (34.189%)  route 6.289ns (65.811%))
  Logic Levels:           2  (OBUF=1 RAMD64E=1)
  Clock Uncertainty:      0.025ns  ((TSJ^2 + TIJ^2)^1/2 + DJ) / 2 + PE
    Total System Jitter     (TSJ):    0.050ns
    Total Input Jitter      (TIJ):    0.000ns
    Discrete Jitter          (DJ):    0.000ns
    Phase Error              (PE):    0.000ns

    Location             Delay type                Incr(ns)  Path(ns)    Netlist Resource(s)
  -------------------------------------------------------------------    -------------------
                         (clock sys_clk rise edge)    0.000     0.000 r  
    U14                                               0.000     0.000 r  clk (IN)
                         net (fo=0)                   0.000     0.000    clk
    U14                  IBUF (Prop_ibuf_I_O)         1.046     1.046 r  clk_IBUF_inst/O
                         net (fo=1, routed)           2.076     3.122    clk_IBUF
    BUFGCTRL_X0Y0        BUFG (Prop_bufg_I_O)         0.101     3.223 r  clk_IBUF_BUFG_inst/O
                         net (fo=1568, routed)        1.656     4.879    out_fifo_inst/clk_IBUF_BUFG
    SLICE_X34Y23         FDRE                                         r  out_fifo_inst/rd_idx_reg[1]/C
  -------------------------------------------------------------------    -------------------
    SLICE_X34Y23         FDRE (Prop_fdre_C_Q)         0.518     5.397 r  out_fifo_inst/rd_idx_reg[1]/Q
                         net (fo=30, routed)          1.678     7.075    out_fifo_inst/fifo_data_reg_0_63_21_23/ADDRC1
    SLICE_X34Y19         RAMD64E (Prop_ramd64e_RADR1_O)
                                                      0.124     7.199 r  out_fifo_inst/fifo_data_reg_0_63_21_23/RAMC/O
                         net (fo=1, routed)           4.611    11.810    out_tdata_OBUF[23]
    B20                  OBUF (Prop_obuf_I_O)         2.625    14.434 r  out_tdata_OBUF[23]_inst/O
                         net (fo=0)                   0.000    14.434    out_tdata[23]
    B20                                                               r  out_tdata[23] (OUT)
  -------------------------------------------------------------------    -------------------

Slack:                    inf
  Source:                 out_fifo_inst/rd_idx_reg[1]/C
                            (rising edge-triggered cell FDRE clocked by sys_clk  {rise@0.000ns fall@4.000ns period=8.000ns})
  Destination:            out_tdata[4]
                            (output port)
  Path Group:             (none)
  Path Type:              Max at Slow Process Corner
  Data Path Delay:        9.406ns  (logic 3.281ns (34.885%)  route 6.124ns (65.115%))
  Logic Levels:           2  (OBUF=1 RAMD64E=1)
  Clock Uncertainty:      0.025ns  ((TSJ^2 + TIJ^2)^1/2 + DJ) / 2 + PE
    Total System Jitter     (TSJ):    0.050ns
    Total Input Jitter      (TIJ):    0.000ns
    Discrete Jitter          (DJ):    0.000ns
    Phase Error              (PE):    0.000ns

    Location             Delay type                Incr(ns)  Path(ns)    Netlist Resource(s)
  -------------------------------------------------------------------    -------------------
                         (clock sys_clk rise edge)    0.000     0.000 r  
    U14                                               0.000     0.000 r  clk (IN)
                         net (fo=0)                   0.000     0.000    clk
    U14                  IBUF (Prop_ibuf_I_O)         1.046     1.046 r  clk_IBUF_inst/O
                         net (fo=1, routed)           2.076     3.122    clk_IBUF
    BUFGCTRL_X0Y0        BUFG (Prop_bufg_I_O)         0.101     3.223 r  clk_IBUF_BUFG_inst/O
                         net (fo=1568, routed)        1.656     4.879    out_fifo_inst/clk_IBUF_BUFG
    SLICE_X34Y23         FDRE                                         r  out_fifo_inst/rd_idx_reg[1]/C
  -------------------------------------------------------------------    -------------------
    SLICE_X34Y23         FDRE (Prop_fdre_C_Q)         0.518     5.397 r  out_fifo_inst/rd_idx_reg[1]/Q
                         net (fo=30, routed)          2.151     7.548    out_fifo_inst/fifo_data_reg_0_63_3_5/ADDRB1
    SLICE_X32Y18         RAMD64E (Prop_ramd64e_RADR1_O)
                                                      0.124     7.672 r  out_fifo_inst/fifo_data_reg_0_63_3_5/RAMB/O
                         net (fo=1, routed)           3.974    11.645    out_tdata_OBUF[4]
    L16                  OBUF (Prop_obuf_I_O)         2.639    14.285 r  out_tdata_OBUF[4]_inst/O
                         net (fo=0)                   0.000    14.285    out_tdata[4]
    L16                                                               r  out_tdata[4] (OUT)
  -------------------------------------------------------------------    -------------------

Slack:                    inf
  Source:                 out_fifo_inst/rd_idx_reg[2]/C
                            (rising edge-triggered cell FDRE clocked by sys_clk  {rise@0.000ns fall@4.000ns period=8.000ns})
  Destination:            out_tdata[11]
                            (output port)
  Path Group:             (none)
  Path Type:              Max at Slow Process Corner
  Data Path Delay:        9.394ns  (logic 3.326ns (35.404%)  route 6.068ns (64.596%))
  Logic Levels:           2  (OBUF=1 RAMD64E=1)
  Clock Uncertainty:      0.025ns  ((TSJ^2 + TIJ^2)^1/2 + DJ) / 2 + PE
    Total System Jitter     (TSJ):    0.050ns
    Total Input Jitter      (TIJ):    0.000ns
    Discrete Jitter          (DJ):    0.000ns
    Phase Error              (PE):    0.000ns

    Location             Delay type                Incr(ns)  Path(ns)    Netlist Resource(s)
  -------------------------------------------------------------------    -------------------
                         (clock sys_clk rise edge)    0.000     0.000 r  
    U14                                               0.000     0.000 r  clk (IN)
                         net (fo=0)                   0.000     0.000    clk
    U14                  IBUF (Prop_ibuf_I_O)         1.046     1.046 r  clk_IBUF_inst/O
                         net (fo=1, routed)           2.076     3.122    clk_IBUF
    BUFGCTRL_X0Y0        BUFG (Prop_bufg_I_O)         0.101     3.223 r  clk_IBUF_BUFG_inst/O
                         net (fo=1568, routed)        1.656     4.879    out_fifo_inst/clk_IBUF_BUFG
    SLICE_X34Y23         FDRE                                         r  out_fifo_inst/rd_idx_reg[2]/C
  -------------------------------------------------------------------    -------------------
    SLICE_X34Y23         FDRE (Prop_fdre_C_Q)         0.518     5.397 r  out_fifo_inst/rd_idx_reg[2]/Q
                         net (fo=29, routed)          1.811     7.208    out_fifo_inst/fifo_data_reg_0_63_9_11/ADDRC2
    SLICE_X32Y17         RAMD64E (Prop_ramd64e_RADR2_O)
                                                      0.124     7.332 r  out_fifo_inst/fifo_data_reg_0_63_9_11/RAMC/O
                         net (fo=1, routed)           4.258    11.589    out_tdata_OBUF[11]
    M20                  OBUF (Prop_obuf_I_O)         2.684    14.273 r  out_tdata_OBUF[11]_inst/O
                         net (fo=0)                   0.000    14.273    out_tdata[11]
    M20                                                               r  out_tdata[11] (OUT)
  -------------------------------------------------------------------    -------------------

Slack:                    inf
  Source:                 out_fifo_inst/rd_idx_reg[4]/C
                            (rising edge-triggered cell FDRE clocked by sys_clk  {rise@0.000ns fall@4.000ns period=8.000ns})
  Destination:            out_tdata[8]
                            (output port)
  Path Group:             (none)
  Path Type:              Max at Slow Process Corner
  Data Path Delay:        9.363ns  (logic 3.430ns (36.636%)  route 5.933ns (63.364%))
  Logic Levels:           2  (OBUF=1 RAMD64E=1)
  Clock Uncertainty:      0.025ns  ((TSJ^2 + TIJ^2)^1/2 + DJ) / 2 + PE
    Total System Jitter     (TSJ):    0.050ns
    Total Input Jitter      (TIJ):    0.000ns
    Discrete Jitter          (DJ):    0.000ns
    Phase Error              (PE):    0.000ns

    Location             Delay type                Incr(ns)  Path(ns)    Netlist Resource(s)
  -------------------------------------------------------------------    -------------------
                         (clock sys_clk rise edge)    0.000     0.000 r  
    U14                                               0.000     0.000 r  clk (IN)
                         net (fo=0)                   0.000     0.000    clk
    U14                  IBUF (Prop_ibuf_I_O)         1.046     1.046 r  clk_IBUF_inst/O
                         net (fo=1, routed)           2.076     3.122    clk_IBUF
    BUFGCTRL_X0Y0        BUFG (Prop_bufg_I_O)         0.101     3.223 r  clk_IBUF_BUFG_inst/O
                         net (fo=1568, routed)        1.656     4.879    out_fifo_inst/clk_IBUF_BUFG
    SLICE_X34Y23         FDRE                                         r  out_fifo_inst/rd_idx_reg[4]/C
  -------------------------------------------------------------------    -------------------
    SLICE_X34Y23         FDRE (Prop_fdre_C_Q)         0.478     5.357 r  out_fifo_inst/rd_idx_reg[4]/Q
                         net (fo=29, routed)          1.867     7.223    out_fifo_inst/fifo_data_reg_0_63_6_8/ADDRC4
    SLICE_X34Y17         RAMD64E (Prop_ramd64e_RADR4_O)
                                                      0.295     7.518 r  out_fifo_inst/fifo_data_reg_0_63_6_8/RAMC/O
                         net (fo=1, routed)           4.066    11.585    out_tdata_OBUF[8]
    L19                  OBUF (Prop_obuf_I_O)         2.657    14.242 r  out_tdata_OBUF[8]_inst/O
                         net (fo=0)                   0.000    14.242    out_tdata[8]
    L19                                                               r  out_tdata[8] (OUT)
  -------------------------------------------------------------------    -------------------





Min Delay Paths
--------------------------------------------------------------------------------------
Slack:                    inf
  Source:                 out_fifo_inst/count_reg[3]/C
                            (rising edge-triggered cell FDRE clocked by sys_clk  {rise@0.000ns fall@4.000ns period=8.000ns})
  Destination:            out_tvalid
                            (output port)
  Path Group:             (none)
  Path Type:              Min at Fast Process Corner
  Data Path Delay:        2.051ns  (logic 1.363ns (66.456%)  route 0.688ns (33.544%))
  Logic Levels:           2  (LUT6=1 OBUF=1)
  Clock Uncertainty:      0.025ns  ((TSJ^2 + TIJ^2)^1/2 + DJ) / 2 + PE
    Total System Jitter     (TSJ):    0.050ns
    Total Input Jitter      (TIJ):    0.000ns
    Discrete Jitter          (DJ):    0.000ns
    Phase Error              (PE):    0.000ns

    Location             Delay type                Incr(ns)  Path(ns)    Netlist Resource(s)
  -------------------------------------------------------------------    -------------------
                         (clock sys_clk rise edge)    0.000     0.000 r  
    U14                                               0.000     0.000 r  clk (IN)
                         net (fo=0)                   0.000     0.000    clk
    U14                  IBUF (Prop_ibuf_I_O)         0.274     0.274 r  clk_IBUF_inst/O
                         net (fo=1, routed)           0.627     0.901    clk_IBUF
    BUFGCTRL_X0Y0        BUFG (Prop_bufg_I_O)         0.026     0.927 r  clk_IBUF_BUFG_inst/O
                         net (fo=1568, routed)        0.557     1.484    out_fifo_inst/clk_IBUF_BUFG
    SLICE_X33Y32         FDRE                                         r  out_fifo_inst/count_reg[3]/C
  -------------------------------------------------------------------    -------------------
    SLICE_X33Y32         FDRE (Prop_fdre_C_Q)         0.141     1.625 r  out_fifo_inst/count_reg[3]/Q
                         net (fo=6, routed)           0.127     1.751    out_fifo_inst/count_reg_n_0_[3]
    SLICE_X32Y32         LUT6 (Prop_lut6_I4_O)        0.045     1.796 r  out_fifo_inst/out_tvalid_OBUF_inst_i_1/O
                         net (fo=1, routed)           0.561     2.358    out_tvalid_OBUF
    R14                  OBUF (Prop_obuf_I_O)         1.177     3.534 r  out_tvalid_OBUF_inst/O
                         net (fo=0)                   0.000     3.534    out_tvalid
    R14                                                               r  out_tvalid (OUT)
  -------------------------------------------------------------------    -------------------

Slack:                    inf
  Source:                 out_fifo_inst/count_reg[3]/C
                            (rising edge-triggered cell FDRE clocked by sys_clk  {rise@0.000ns fall@4.000ns period=8.000ns})
  Destination:            out_tlast
                            (output port)
  Path Group:             (none)
  Path Type:              Min at Fast Process Corner
  Data Path Delay:        2.486ns  (logic 1.529ns (61.489%)  route 0.957ns (38.511%))
  Logic Levels:           3  (LUT2=1 LUT6=1 OBUF=1)
  Clock Uncertainty:      0.025ns  ((TSJ^2 + TIJ^2)^1/2 + DJ) / 2 + PE
    Total System Jitter     (TSJ):    0.050ns
    Total Input Jitter      (TIJ):    0.000ns
    Discrete Jitter          (DJ):    0.000ns
    Phase Error              (PE):    0.000ns

    Location             Delay type                Incr(ns)  Path(ns)    Netlist Resource(s)
  -------------------------------------------------------------------    -------------------
                         (clock sys_clk rise edge)    0.000     0.000 r  
    U14                                               0.000     0.000 r  clk (IN)
                         net (fo=0)                   0.000     0.000    clk
    U14                  IBUF (Prop_ibuf_I_O)         0.274     0.274 r  clk_IBUF_inst/O
                         net (fo=1, routed)           0.627     0.901    clk_IBUF
    BUFGCTRL_X0Y0        BUFG (Prop_bufg_I_O)         0.026     0.927 r  clk_IBUF_BUFG_inst/O
                         net (fo=1568, routed)        0.557     1.484    out_fifo_inst/clk_IBUF_BUFG
    SLICE_X33Y32         FDRE                                         r  out_fifo_inst/count_reg[3]/C
  -------------------------------------------------------------------    -------------------
    SLICE_X33Y32         FDRE (Prop_fdre_C_Q)         0.141     1.625 r  out_fifo_inst/count_reg[3]/Q
                         net (fo=6, routed)           0.136     1.760    out_fifo_inst/count_reg_n_0_[3]
    SLICE_X32Y32         LUT6 (Prop_lut6_I1_O)        0.045     1.805 f  out_fifo_inst/out_tlast_OBUF_inst_i_2/O
                         net (fo=5, routed)           0.319     2.124    out_fifo_inst/out_fifo_empty
    SLICE_X34Y32         LUT2 (Prop_lut2_I1_O)        0.046     2.170 r  out_fifo_inst/out_tlast_OBUF_inst_i_1/O
                         net (fo=1, routed)           0.503     2.673    out_tlast_OBUF
    Y16                  OBUF (Prop_obuf_I_O)         1.297     3.970 r  out_tlast_OBUF_inst/O
                         net (fo=0)                   0.000     3.970    out_tlast
    Y16                                                               r  out_tlast (OUT)
  -------------------------------------------------------------------    -------------------

Slack:                    inf
  Source:                 in_fifo_inst/count_reg[0]/C
                            (rising edge-triggered cell FDRE clocked by sys_clk  {rise@0.000ns fall@4.000ns period=8.000ns})
  Destination:            in_tready
                            (output port)
  Path Group:             (none)
  Path Type:              Min at Fast Process Corner
  Data Path Delay:        2.628ns  (logic 1.504ns (57.237%)  route 1.124ns (42.763%))
  Logic Levels:           2  (LUT2=1 OBUF=1)
  Clock Uncertainty:      0.025ns  ((TSJ^2 + TIJ^2)^1/2 + DJ) / 2 + PE
    Total System Jitter     (TSJ):    0.050ns
    Total Input Jitter      (TIJ):    0.000ns
    Discrete Jitter          (DJ):    0.000ns
    Phase Error              (PE):    0.000ns

    Location             Delay type                Incr(ns)  Path(ns)    Netlist Resource(s)
  -------------------------------------------------------------------    -------------------
                         (clock sys_clk rise edge)    0.000     0.000 r  
    U14                                               0.000     0.000 r  clk (IN)
                         net (fo=0)                   0.000     0.000    clk
    U14                  IBUF (Prop_ibuf_I_O)         0.274     0.274 r  clk_IBUF_inst/O
                         net (fo=1, routed)           0.627     0.901    clk_IBUF
    BUFGCTRL_X0Y0        BUFG (Prop_bufg_I_O)         0.026     0.927 r  clk_IBUF_BUFG_inst/O
                         net (fo=1568, routed)        0.561     1.488    in_fifo_inst/clk_IBUF_BUFG
    SLICE_X24Y49         FDRE                                         r  in_fifo_inst/count_reg[0]/C
  -------------------------------------------------------------------    -------------------
    SLICE_X24Y49         FDRE (Prop_fdre_C_Q)         0.164     1.652 r  in_fifo_inst/count_reg[0]/Q
                         net (fo=8, routed)           0.209     1.860    in_fifo_inst/count[0]
    SLICE_X24Y49         LUT2 (Prop_lut2_I0_O)        0.043     1.903 r  in_fifo_inst/in_tready_OBUF_inst_i_1/O
                         net (fo=1, routed)           0.915     2.818    in_tready_OBUF
    Y17                  OBUF (Prop_obuf_I_O)         1.297     4.115 r  in_tready_OBUF_inst/O
                         net (fo=0)                   0.000     4.115    in_tready
    Y17                                                               r  in_tready (OUT)
  -------------------------------------------------------------------    -------------------

Slack:                    inf
  Source:                 out_fifo_inst/rd_idx_reg[5]/C
                            (rising edge-triggered cell FDRE clocked by sys_clk  {rise@0.000ns fall@4.000ns period=8.000ns})
  Destination:            out_tdata[12]
                            (output port)
  Path Group:             (none)
  Path Type:              Min at Fast Process Corner
  Data Path Delay:        2.818ns  (logic 1.419ns (50.362%)  route 1.399ns (49.638%))
  Logic Levels:           2  (OBUF=1 RAMD64E=1)
  Clock Uncertainty:      0.025ns  ((TSJ^2 + TIJ^2)^1/2 + DJ) / 2 + PE
    Total System Jitter     (TSJ):    0.050ns
    Total Input Jitter      (TIJ):    0.000ns
    Discrete Jitter          (DJ):    0.000ns
    Phase Error              (PE):    0.000ns

    Location             Delay type                Incr(ns)  Path(ns)    Netlist Resource(s)
  -------------------------------------------------------------------    -------------------
                         (clock sys_clk rise edge)    0.000     0.000 r  
    U14                                               0.000     0.000 r  clk (IN)
                         net (fo=0)                   0.000     0.000    clk
    U14                  IBUF (Prop_ibuf_I_O)         0.274     0.274 r  clk_IBUF_inst/O
                         net (fo=1, routed)           0.627     0.901    clk_IBUF
    BUFGCTRL_X0Y0        BUFG (Prop_bufg_I_O)         0.026     0.927 r  clk_IBUF_BUFG_inst/O
                         net (fo=1568, routed)        0.551     1.478    out_fifo_inst/clk_IBUF_BUFG
    SLICE_X34Y23         FDRE                                         r  out_fifo_inst/rd_idx_reg[5]/C
  -------------------------------------------------------------------    -------------------
    SLICE_X34Y23         FDRE (Prop_fdre_C_Q)         0.164     1.642 r  out_fifo_inst/rd_idx_reg[5]/Q
                         net (fo=28, routed)          0.173     1.814    out_fifo_inst/fifo_data_reg_0_63_12_14/ADDRA5
    SLICE_X34Y22         RAMD64E (Prop_ramd64e_RADR5_O)
                                                      0.045     1.859 r  out_fifo_inst/fifo_data_reg_0_63_12_14/RAMA/O
                         net (fo=1, routed)           1.226     3.085    out_tdata_OBUF[12]
    M19                  OBUF (Prop_obuf_I_O)         1.210     4.295 r  out_tdata_OBUF[12]_inst/O
                         net (fo=0)                   0.000     4.295    out_tdata[12]
    M19                                                               r  out_tdata[12] (OUT)
  -------------------------------------------------------------------    -------------------

Slack:                    inf
  Source:                 out_fifo_inst/fifo_data_reg_0_63_6_8/RAMA/CLK
                            (rising edge-triggered cell RAMD64E clocked by sys_clk  {rise@0.000ns fall@4.000ns period=8.000ns})
  Destination:            out_tdata[6]
                            (output port)
  Path Group:             (none)
  Path Type:              Min at Fast Process Corner
  Data Path Delay:        2.867ns  (logic 1.631ns (56.872%)  route 1.237ns (43.128%))
  Logic Levels:           1  (OBUF=1)
  Clock Uncertainty:      0.025ns  ((TSJ^2 + TIJ^2)^1/2 + DJ) / 2 + PE
    Total System Jitter     (TSJ):    0.050ns
    Total Input Jitter      (TIJ):    0.000ns
    Discrete Jitter          (DJ):    0.000ns
    Phase Error              (PE):    0.000ns

    Location             Delay type                Incr(ns)  Path(ns)    Netlist Resource(s)
  -------------------------------------------------------------------    -------------------
                         (clock sys_clk rise edge)    0.000     0.000 r  
    U14                                               0.000     0.000 r  clk (IN)
                         net (fo=0)                   0.000     0.000    clk
    U14                  IBUF (Prop_ibuf_I_O)         0.274     0.274 r  clk_IBUF_inst/O
                         net (fo=1, routed)           0.627     0.901    clk_IBUF
    BUFGCTRL_X0Y0        BUFG (Prop_bufg_I_O)         0.026     0.927 r  clk_IBUF_BUFG_inst/O
                         net (fo=1568, routed)        0.557     1.484    out_fifo_inst/fifo_data_reg_0_63_6_8/WCLK
    SLICE_X34Y17         RAMD64E                                      r  out_fifo_inst/fifo_data_reg_0_63_6_8/RAMA/CLK
  -------------------------------------------------------------------    -------------------
    SLICE_X34Y17         RAMD64E (Prop_ramd64e_CLK_O)
                                                      0.478     1.962 r  out_fifo_inst/fifo_data_reg_0_63_6_8/RAMA/O
                         net (fo=1, routed)           1.237     3.198    out_tdata_OBUF[6]
    K19                  OBUF (Prop_obuf_I_O)         1.153     4.351 r  out_tdata_OBUF[6]_inst/O
                         net (fo=0)                   0.000     4.351    out_tdata[6]
    K19                                                               r  out_tdata[6] (OUT)
  -------------------------------------------------------------------    -------------------

Slack:                    inf
  Source:                 out_fifo_inst/fifo_data_reg_0_63_0_2/RAMA/CLK
                            (rising edge-triggered cell RAMD64E clocked by sys_clk  {rise@0.000ns fall@4.000ns period=8.000ns})
  Destination:            out_tdata[0]
                            (output port)
  Path Group:             (none)
  Path Type:              Min at Fast Process Corner
  Data Path Delay:        2.890ns  (logic 1.600ns (55.371%)  route 1.290ns (44.629%))
  Logic Levels:           1  (OBUF=1)
  Clock Uncertainty:      0.025ns  ((TSJ^2 + TIJ^2)^1/2 + DJ) / 2 + PE
    Total System Jitter     (TSJ):    0.050ns
    Total Input Jitter      (TIJ):    0.000ns
    Discrete Jitter          (DJ):    0.000ns
    Phase Error              (PE):    0.000ns

    Location             Delay type                Incr(ns)  Path(ns)    Netlist Resource(s)
  -------------------------------------------------------------------    -------------------
                         (clock sys_clk rise edge)    0.000     0.000 r  
    U14                                               0.000     0.000 r  clk (IN)
                         net (fo=0)                   0.000     0.000    clk
    U14                  IBUF (Prop_ibuf_I_O)         0.274     0.274 r  clk_IBUF_inst/O
                         net (fo=1, routed)           0.627     0.901    clk_IBUF
    BUFGCTRL_X0Y0        BUFG (Prop_bufg_I_O)         0.026     0.927 r  clk_IBUF_BUFG_inst/O
                         net (fo=1568, routed)        0.554     1.481    out_fifo_inst/fifo_data_reg_0_63_0_2/WCLK
    SLICE_X32Y20         RAMD64E                                      r  out_fifo_inst/fifo_data_reg_0_63_0_2/RAMA/CLK
  -------------------------------------------------------------------    -------------------
    SLICE_X32Y20         RAMD64E (Prop_ramd64e_CLK_O)
                                                      0.478     1.959 r  out_fifo_inst/fifo_data_reg_0_63_0_2/RAMA/O
                         net (fo=1, routed)           1.290     3.248    out_tdata_OBUF[0]
    H16                  OBUF (Prop_obuf_I_O)         1.122     4.370 r  out_tdata_OBUF[0]_inst/O
                         net (fo=0)                   0.000     4.370    out_tdata[0]
    H16                                                               r  out_tdata[0] (OUT)
  -------------------------------------------------------------------    -------------------

Slack:                    inf
  Source:                 out_fifo_inst/fifo_data_reg_0_63_9_11/RAMA/CLK
                            (rising edge-triggered cell RAMD64E clocked by sys_clk  {rise@0.000ns fall@4.000ns period=8.000ns})
  Destination:            out_tdata[9]
                            (output port)
  Path Group:             (none)
  Path Type:              Min at Fast Process Corner
  Data Path Delay:        2.894ns  (logic 1.677ns (57.940%)  route 1.217ns (42.060%))
  Logic Levels:           1  (OBUF=1)
  Clock Uncertainty:      0.025ns  ((TSJ^2 + TIJ^2)^1/2 + DJ) / 2 + PE
    Total System Jitter     (TSJ):    0.050ns
    Total Input Jitter      (TIJ):    0.000ns
    Discrete Jitter          (DJ):    0.000ns
    Phase Error              (PE):    0.000ns

    Location             Delay type                Incr(ns)  Path(ns)    Netlist Resource(s)
  -------------------------------------------------------------------    -------------------
                         (clock sys_clk rise edge)    0.000     0.000 r  
    U14                                               0.000     0.000 r  clk (IN)
                         net (fo=0)                   0.000     0.000    clk
    U14                  IBUF (Prop_ibuf_I_O)         0.274     0.274 r  clk_IBUF_inst/O
                         net (fo=1, routed)           0.627     0.901    clk_IBUF
    BUFGCTRL_X0Y0        BUFG (Prop_bufg_I_O)         0.026     0.927 r  clk_IBUF_BUFG_inst/O
                         net (fo=1568, routed)        0.557     1.484    out_fifo_inst/fifo_data_reg_0_63_9_11/WCLK
    SLICE_X32Y17         RAMD64E                                      r  out_fifo_inst/fifo_data_reg_0_63_9_11/RAMA/CLK
  -------------------------------------------------------------------    -------------------
    SLICE_X32Y17         RAMD64E (Prop_ramd64e_CLK_O)
                                                      0.478     1.962 r  out_fifo_inst/fifo_data_reg_0_63_9_11/RAMA/O
                         net (fo=1, routed)           1.217     3.179    out_tdata_OBUF[9]
    M18                  OBUF (Prop_obuf_I_O)         1.199     4.378 r  out_tdata_OBUF[9]_inst/O
                         net (fo=0)                   0.000     4.378    out_tdata[9]
    M18                                                               r  out_tdata[9] (OUT)
  -------------------------------------------------------------------    -------------------

Slack:                    inf
  Source:                 out_fifo_inst/fifo_data_reg_0_63_21_23/RAMA/CLK
                            (rising edge-triggered cell RAMD64E clocked by sys_clk  {rise@0.000ns fall@4.000ns period=8.000ns})
  Destination:            out_tdata[21]
                            (output port)
  Path Group:             (none)
  Path Type:              Min at Fast Process Corner
  Data Path Delay:        2.898ns  (logic 1.626ns (56.114%)  route 1.272ns (43.886%))
  Logic Levels:           1  (OBUF=1)
  Clock Uncertainty:      0.025ns  ((TSJ^2 + TIJ^2)^1/2 + DJ) / 2 + PE
    Total System Jitter     (TSJ):    0.050ns
    Total Input Jitter      (TIJ):    0.000ns
    Discrete Jitter          (DJ):    0.000ns
    Phase Error              (PE):    0.000ns

    Location             Delay type                Incr(ns)  Path(ns)    Netlist Resource(s)
  -------------------------------------------------------------------    -------------------
                         (clock sys_clk rise edge)    0.000     0.000 r  
    U14                                               0.000     0.000 r  clk (IN)
                         net (fo=0)                   0.000     0.000    clk
    U14                  IBUF (Prop_ibuf_I_O)         0.274     0.274 r  clk_IBUF_inst/O
                         net (fo=1, routed)           0.627     0.901    clk_IBUF
    BUFGCTRL_X0Y0        BUFG (Prop_bufg_I_O)         0.026     0.927 r  clk_IBUF_BUFG_inst/O
                         net (fo=1568, routed)        0.555     1.482    out_fifo_inst/fifo_data_reg_0_63_21_23/WCLK
    SLICE_X34Y19         RAMD64E                                      r  out_fifo_inst/fifo_data_reg_0_63_21_23/RAMA/CLK
  -------------------------------------------------------------------    -------------------
    SLICE_X34Y19         RAMD64E (Prop_ramd64e_CLK_O)
                                                      0.478     1.960 r  out_fifo_inst/fifo_data_reg_0_63_21_23/RAMA/O
                         net (fo=1, routed)           1.272     3.232    out_tdata_OBUF[21]
    A20                  OBUF (Prop_obuf_I_O)         1.148     4.380 r  out_tdata_OBUF[21]_inst/O
                         net (fo=0)                   0.000     4.380    out_tdata[21]
    A20                                                               r  out_tdata[21] (OUT)
  -------------------------------------------------------------------    -------------------

Slack:                    inf
  Source:                 out_fifo_inst/fifo_data_reg_0_63_18_20/RAMA/CLK
                            (rising edge-triggered cell RAMD64E clocked by sys_clk  {rise@0.000ns fall@4.000ns period=8.000ns})
  Destination:            out_tdata[18]
                            (output port)
  Path Group:             (none)
  Path Type:              Min at Fast Process Corner
  Data Path Delay:        2.897ns  (logic 1.620ns (55.913%)  route 1.277ns (44.087%))
  Logic Levels:           1  (OBUF=1)
  Clock Uncertainty:      0.025ns  ((TSJ^2 + TIJ^2)^1/2 + DJ) / 2 + PE
    Total System Jitter     (TSJ):    0.050ns
    Total Input Jitter      (TIJ):    0.000ns
    Discrete Jitter          (DJ):    0.000ns
    Phase Error              (PE):    0.000ns

    Location             Delay type                Incr(ns)  Path(ns)    Netlist Resource(s)
  -------------------------------------------------------------------    -------------------
                         (clock sys_clk rise edge)    0.000     0.000 r  
    U14                                               0.000     0.000 r  clk (IN)
                         net (fo=0)                   0.000     0.000    clk
    U14                  IBUF (Prop_ibuf_I_O)         0.274     0.274 r  clk_IBUF_inst/O
                         net (fo=1, routed)           0.627     0.901    clk_IBUF
    BUFGCTRL_X0Y0        BUFG (Prop_bufg_I_O)         0.026     0.927 r  clk_IBUF_BUFG_inst/O
                         net (fo=1568, routed)        0.558     1.485    out_fifo_inst/fifo_data_reg_0_63_18_20/WCLK
    SLICE_X34Y16         RAMD64E                                      r  out_fifo_inst/fifo_data_reg_0_63_18_20/RAMA/CLK
  -------------------------------------------------------------------    -------------------
    SLICE_X34Y16         RAMD64E (Prop_ramd64e_CLK_O)
                                                      0.478     1.963 r  out_fifo_inst/fifo_data_reg_0_63_18_20/RAMA/O
                         net (fo=1, routed)           1.277     3.240    out_tdata_OBUF[18]
    D19                  OBUF (Prop_obuf_I_O)         1.142     4.382 r  out_tdata_OBUF[18]_inst/O
                         net (fo=0)                   0.000     4.382    out_tdata[18]
    D19                                                               r  out_tdata[18] (OUT)
  -------------------------------------------------------------------    -------------------

Slack:                    inf
  Source:                 out_fifo_inst/fifo_data_reg_0_63_3_5/RAMB/CLK
                            (rising edge-triggered cell RAMD64E clocked by sys_clk  {rise@0.000ns fall@4.000ns period=8.000ns})
  Destination:            out_tdata[4]
                            (output port)
  Path Group:             (none)
  Path Type:              Min at Fast Process Corner
  Data Path Delay:        2.910ns  (logic 1.544ns (53.059%)  route 1.366ns (46.941%))
  Logic Levels:           1  (OBUF=1)
  Clock Uncertainty:      0.025ns  ((TSJ^2 + TIJ^2)^1/2 + DJ) / 2 + PE
    Total System Jitter     (TSJ):    0.050ns
    Total Input Jitter      (TIJ):    0.000ns
    Discrete Jitter          (DJ):    0.000ns
    Phase Error              (PE):    0.000ns

    Location             Delay type                Incr(ns)  Path(ns)    Netlist Resource(s)
  -------------------------------------------------------------------    -------------------
                         (clock sys_clk rise edge)    0.000     0.000 r  
    U14                                               0.000     0.000 r  clk (IN)
                         net (fo=0)                   0.000     0.000    clk
    U14                  IBUF (Prop_ibuf_I_O)         0.274     0.274 r  clk_IBUF_inst/O
                         net (fo=1, routed)           0.627     0.901    clk_IBUF
    BUFGCTRL_X0Y0        BUFG (Prop_bufg_I_O)         0.026     0.927 r  clk_IBUF_BUFG_inst/O
                         net (fo=1568, routed)        0.556     1.483    out_fifo_inst/fifo_data_reg_0_63_3_5/WCLK
    SLICE_X32Y18         RAMD64E                                      r  out_fifo_inst/fifo_data_reg_0_63_3_5/RAMB/CLK
  -------------------------------------------------------------------    -------------------
    SLICE_X32Y18         RAMD64E (Prop_ramd64e_CLK_O)
                                                      0.388     1.871 r  out_fifo_inst/fifo_data_reg_0_63_3_5/RAMB/O
                         net (fo=1, routed)           1.366     3.237    out_tdata_OBUF[4]
    L16                  OBUF (Prop_obuf_I_O)         1.156     4.392 r  out_tdata_OBUF[4]_inst/O
                         net (fo=0)                   0.000     4.392    out_tdata[4]
    L16                                                               r  out_tdata[4] (OUT)
  -------------------------------------------------------------------    -------------------





--------------------------------------------------------------------------------------
Path Group:  (none)
From Clock:  
  To Clock:  sys_clk

Max Delay          2218 Endpoints
Min Delay          2218 Endpoints
--------------------------------------------------------------------------------------


Max Delay Paths
--------------------------------------------------------------------------------------
Slack:                    inf
  Source:                 reset
                            (input port)
  Destination:            fir_inst/gen_stage_0/gen_mac_units[0].mac_inst/acc_s_reg/RSTB
                            (rising edge-triggered cell DSP48E1 clocked by sys_clk  {rise@0.000ns fall@4.000ns period=8.000ns})
  Path Group:             (none)
  Path Type:              Setup (Max at Slow Process Corner)
  Data Path Delay:        15.556ns  (logic 1.216ns (7.819%)  route 14.340ns (92.181%))
  Logic Levels:           2  (IBUF=1 LUT1=1)
  Clock Path Skew:        4.457ns (DCD - SCD + CPR)
    Destination Clock Delay (DCD):    4.457ns
    Source Clock Delay      (SCD):    0.000ns
    Clock Pessimism Removal (CPR):    0.000ns
  Clock Uncertainty:      0.025ns  ((TSJ^2 + TIJ^2)^1/2 + DJ) / 2 + PE
    Total System Jitter     (TSJ):    0.050ns
    Total Input Jitter      (TIJ):    0.000ns
    Discrete Jitter          (DJ):    0.000ns
    Phase Error              (PE):    0.000ns

    Location             Delay type                Incr(ns)  Path(ns)    Netlist Resource(s)
  -------------------------------------------------------------------    -------------------
    Y14                                               0.000     0.000 f  reset (IN)
                         net (fo=0)                   0.000     0.000    reset
    Y14                  IBUF (Prop_ibuf_I_O)         1.070     1.070 f  reset_IBUF_inst/O
                         net (fo=3, routed)           1.654     2.725    fir_inst/gen_stage_0/gen_mac_units[0].mac_inst/reset_IBUF
    SLICE_X32Y33         LUT1 (Prop_lut1_I0_O)        0.146     2.871 r  fir_inst/gen_stage_0/gen_mac_units[0].mac_inst/mult_s0_i_2/O
                         net (fo=1101, routed)       12.685    15.556    fir_inst/gen_stage_0/gen_mac_units[0].mac_inst/reset
    DSP48_X1Y34          DSP48E1                                      r  fir_inst/gen_stage_0/gen_mac_units[0].mac_inst/acc_s_reg/RSTB
  -------------------------------------------------------------------    -------------------

                         (clock sys_clk rise edge)    0.000     0.000 r  
    U14                                               0.000     0.000 r  clk (IN)
                         net (fo=0)                   0.000     0.000    clk
    U14                  IBUF (Prop_ibuf_I_O)         0.912     0.912 r  clk_IBUF_inst/O
                         net (fo=1, routed)           1.880     2.792    clk_IBUF
    BUFGCTRL_X0Y0        BUFG (Prop_bufg_I_O)         0.091     2.883 r  clk_IBUF_BUFG_inst/O
                         net (fo=1568, routed)        1.574     4.457    fir_inst/gen_stage_0/gen_mac_units[0].mac_inst/clk_IBUF_BUFG
    DSP48_X1Y34          DSP48E1                                      r  fir_inst/gen_stage_0/gen_mac_units[0].mac_inst/acc_s_reg/CLK

Slack:                    inf
  Source:                 reset
                            (input port)
  Destination:            fir_inst/gen_stages[1].stage_inst/gen_mac_units[0].mac_inst/acc_s_reg/RSTA
                            (rising edge-triggered cell DSP48E1 clocked by sys_clk  {rise@0.000ns fall@4.000ns period=8.000ns})
  Path Group:             (none)
  Path Type:              Setup (Max at Slow Process Corner)
  Data Path Delay:        15.311ns  (logic 1.216ns (7.944%)  route 14.095ns (92.056%))
  Logic Levels:           2  (IBUF=1 LUT1=1)
  Clock Path Skew:        4.455ns (DCD - SCD + CPR)
    Destination Clock Delay (DCD):    4.455ns
    Source Clock Delay      (SCD):    0.000ns
    Clock Pessimism Removal (CPR):    0.000ns
  Clock Uncertainty:      0.025ns  ((TSJ^2 + TIJ^2)^1/2 + DJ) / 2 + PE
    Total System Jitter     (TSJ):    0.050ns
    Total Input Jitter      (TIJ):    0.000ns
    Discrete Jitter          (DJ):    0.000ns
    Phase Error              (PE):    0.000ns

    Location             Delay type                Incr(ns)  Path(ns)    Netlist Resource(s)
  -------------------------------------------------------------------    -------------------
    Y14                                               0.000     0.000 f  reset (IN)
                         net (fo=0)                   0.000     0.000    reset
    Y14                  IBUF (Prop_ibuf_I_O)         1.070     1.070 f  reset_IBUF_inst/O
                         net (fo=3, routed)           1.654     2.725    fir_inst/gen_stage_0/gen_mac_units[0].mac_inst/reset_IBUF
    SLICE_X32Y33         LUT1 (Prop_lut1_I0_O)        0.146     2.871 r  fir_inst/gen_stage_0/gen_mac_units[0].mac_inst/mult_s0_i_2/O
                         net (fo=1101, routed)       12.441    15.311    fir_inst/gen_stages[1].stage_inst/gen_mac_units[0].mac_inst/SR[0]
    DSP48_X1Y33          DSP48E1                                      r  fir_inst/gen_stages[1].stage_inst/gen_mac_units[0].mac_inst/acc_s_reg/RSTA
  -------------------------------------------------------------------    -------------------

                         (clock sys_clk rise edge)    0.000     0.000 r  
    U14                                               0.000     0.000 r  clk (IN)
                         net (fo=0)                   0.000     0.000    clk
    U14                  IBUF (Prop_ibuf_I_O)         0.912     0.912 r  clk_IBUF_inst/O
                         net (fo=1, routed)           1.880     2.792    clk_IBUF
    BUFGCTRL_X0Y0        BUFG (Prop_bufg_I_O)         0.091     2.883 r  clk_IBUF_BUFG_inst/O
                         net (fo=1568, routed)        1.572     4.455    fir_inst/gen_stages[1].stage_inst/gen_mac_units[0].mac_inst/clk_IBUF_BUFG
    DSP48_X1Y33          DSP48E1                                      r  fir_inst/gen_stages[1].stage_inst/gen_mac_units[0].mac_inst/acc_s_reg/CLK

Slack:                    inf
  Source:                 reset
                            (input port)
  Destination:            fir_inst/gen_stages[3].stage_inst/gen_mac_units[0].mac_inst/mult_s_reg/RSTB
                            (rising edge-triggered cell DSP48E1 clocked by sys_clk  {rise@0.000ns fall@4.000ns period=8.000ns})
  Path Group:             (none)
  Path Type:              Setup (Max at Slow Process Corner)
  Data Path Delay:        15.311ns  (logic 1.216ns (7.944%)  route 14.095ns (92.056%))
  Logic Levels:           2  (IBUF=1 LUT1=1)
  Clock Path Skew:        4.452ns (DCD - SCD + CPR)
    Destination Clock Delay (DCD):    4.452ns
    Source Clock Delay      (SCD):    0.000ns
    Clock Pessimism Removal (CPR):    0.000ns
  Clock Uncertainty:      0.025ns  ((TSJ^2 + TIJ^2)^1/2 + DJ) / 2 + PE
    Total System Jitter     (TSJ):    0.050ns
    Total Input Jitter      (TIJ):    0.000ns
    Discrete Jitter          (DJ):    0.000ns
    Phase Error              (PE):    0.000ns

    Location             Delay type                Incr(ns)  Path(ns)    Netlist Resource(s)
  -------------------------------------------------------------------    -------------------
    Y14                                               0.000     0.000 f  reset (IN)
                         net (fo=0)                   0.000     0.000    reset
    Y14                  IBUF (Prop_ibuf_I_O)         1.070     1.070 f  reset_IBUF_inst/O
                         net (fo=3, routed)           1.654     2.725    fir_inst/gen_stage_0/gen_mac_units[0].mac_inst/reset_IBUF
    SLICE_X32Y33         LUT1 (Prop_lut1_I0_O)        0.146     2.871 r  fir_inst/gen_stage_0/gen_mac_units[0].mac_inst/mult_s0_i_2/O
                         net (fo=1101, routed)       12.441    15.311    fir_inst/gen_stages[3].stage_inst/gen_mac_units[0].mac_inst/SR[0]
    DSP48_X1Y32          DSP48E1                                      r  fir_inst/gen_stages[3].stage_inst/gen_mac_units[0].mac_inst/mult_s_reg/RSTB
  -------------------------------------------------------------------    -------------------

                         (clock sys_clk rise edge)    0.000     0.000 r  
    U14                                               0.000     0.000 r  clk (IN)
                         net (fo=0)                   0.000     0.000    clk
    U14                  IBUF (Prop_ibuf_I_O)         0.912     0.912 r  clk_IBUF_inst/O
                         net (fo=1, routed)           1.880     2.792    clk_IBUF
    BUFGCTRL_X0Y0        BUFG (Prop_bufg_I_O)         0.091     2.883 r  clk_IBUF_BUFG_inst/O
                         net (fo=1568, routed)        1.569     4.452    fir_inst/gen_stages[3].stage_inst/gen_mac_units[0].mac_inst/clk_IBUF_BUFG
    DSP48_X1Y32          DSP48E1                                      r  fir_inst/gen_stages[3].stage_inst/gen_mac_units[0].mac_inst/mult_s_reg/CLK

Slack:                    inf
  Source:                 reset
                            (input port)
  Destination:            fir_inst/gen_stage_0/gen_mac_units[0].mac_inst/acc_s_reg/RSTA
                            (rising edge-triggered cell DSP48E1 clocked by sys_clk  {rise@0.000ns fall@4.000ns period=8.000ns})
  Path Group:             (none)
  Path Type:              Setup (Max at Slow Process Corner)
  Data Path Delay:        15.277ns  (logic 1.216ns (7.962%)  route 14.061ns (92.038%))
  Logic Levels:           2  (IBUF=1 LUT1=1)
  Clock Path Skew:        4.457ns (DCD - SCD + CPR)
    Destination Clock Delay (DCD):    4.457ns
    Source Clock Delay      (SCD):    0.000ns
    Clock Pessimism Removal (CPR):    0.000ns
  Clock Uncertainty:      0.025ns  ((TSJ^2 + TIJ^2)^1/2 + DJ) / 2 + PE
    Total System Jitter     (TSJ):    0.050ns
    Total Input Jitter      (TIJ):    0.000ns
    Discrete Jitter          (DJ):    0.000ns
    Phase Error              (PE):    0.000ns

    Location             Delay type                Incr(ns)  Path(ns)    Netlist Resource(s)
  -------------------------------------------------------------------    -------------------
    Y14                                               0.000     0.000 f  reset (IN)
                         net (fo=0)                   0.000     0.000    reset
    Y14                  IBUF (Prop_ibuf_I_O)         1.070     1.070 f  reset_IBUF_inst/O
                         net (fo=3, routed)           1.654     2.725    fir_inst/gen_stage_0/gen_mac_units[0].mac_inst/reset_IBUF
    SLICE_X32Y33         LUT1 (Prop_lut1_I0_O)        0.146     2.871 r  fir_inst/gen_stage_0/gen_mac_units[0].mac_inst/mult_s0_i_2/O
                         net (fo=1101, routed)       12.406    15.277    fir_inst/gen_stage_0/gen_mac_units[0].mac_inst/reset
    DSP48_X1Y34          DSP48E1                                      r  fir_inst/gen_stage_0/gen_mac_units[0].mac_inst/acc_s_reg/RSTA
  -------------------------------------------------------------------    -------------------

                         (clock sys_clk rise edge)    0.000     0.000 r  
    U14                                               0.000     0.000 r  clk (IN)
                         net (fo=0)                   0.000     0.000    clk
    U14                  IBUF (Prop_ibuf_I_O)         0.912     0.912 r  clk_IBUF_inst/O
                         net (fo=1, routed)           1.880     2.792    clk_IBUF
    BUFGCTRL_X0Y0        BUFG (Prop_bufg_I_O)         0.091     2.883 r  clk_IBUF_BUFG_inst/O
                         net (fo=1568, routed)        1.574     4.457    fir_inst/gen_stage_0/gen_mac_units[0].mac_inst/clk_IBUF_BUFG
    DSP48_X1Y34          DSP48E1                                      r  fir_inst/gen_stage_0/gen_mac_units[0].mac_inst/acc_s_reg/CLK

Slack:                    inf
  Source:                 reset
                            (input port)
  Destination:            fir_inst/gen_stages[1].stage_inst/gen_mac_units[0].mac_inst/acc_s_reg/RSTB
                            (rising edge-triggered cell DSP48E1 clocked by sys_clk  {rise@0.000ns fall@4.000ns period=8.000ns})
  Path Group:             (none)
  Path Type:              Setup (Max at Slow Process Corner)
  Data Path Delay:        15.121ns  (logic 1.216ns (8.044%)  route 13.905ns (91.956%))
  Logic Levels:           2  (IBUF=1 LUT1=1)
  Clock Path Skew:        4.455ns (DCD - SCD + CPR)
    Destination Clock Delay (DCD):    4.455ns
    Source Clock Delay      (SCD):    0.000ns
    Clock Pessimism Removal (CPR):    0.000ns
  Clock Uncertainty:      0.025ns  ((TSJ^2 + TIJ^2)^1/2 + DJ) / 2 + PE
    Total System Jitter     (TSJ):    0.050ns
    Total Input Jitter      (TIJ):    0.000ns
    Discrete Jitter          (DJ):    0.000ns
    Phase Error              (PE):    0.000ns

    Location             Delay type                Incr(ns)  Path(ns)    Netlist Resource(s)
  -------------------------------------------------------------------    -------------------
    Y14                                               0.000     0.000 f  reset (IN)
                         net (fo=0)                   0.000     0.000    reset
    Y14                  IBUF (Prop_ibuf_I_O)         1.070     1.070 f  reset_IBUF_inst/O
                         net (fo=3, routed)           1.654     2.725    fir_inst/gen_stage_0/gen_mac_units[0].mac_inst/reset_IBUF
    SLICE_X32Y33         LUT1 (Prop_lut1_I0_O)        0.146     2.871 r  fir_inst/gen_stage_0/gen_mac_units[0].mac_inst/mult_s0_i_2/O
                         net (fo=1101, routed)       12.250    15.121    fir_inst/gen_stages[1].stage_inst/gen_mac_units[0].mac_inst/SR[0]
    DSP48_X1Y33          DSP48E1                                      r  fir_inst/gen_stages[1].stage_inst/gen_mac_units[0].mac_inst/acc_s_reg/RSTB
  -------------------------------------------------------------------    -------------------

                         (clock sys_clk rise edge)    0.000     0.000 r  
    U14                                               0.000     0.000 r  clk (IN)
                         net (fo=0)                   0.000     0.000    clk
    U14                  IBUF (Prop_ibuf_I_O)         0.912     0.912 r  clk_IBUF_inst/O
                         net (fo=1, routed)           1.880     2.792    clk_IBUF
    BUFGCTRL_X0Y0        BUFG (Prop_bufg_I_O)         0.091     2.883 r  clk_IBUF_BUFG_inst/O
                         net (fo=1568, routed)        1.572     4.455    fir_inst/gen_stages[1].stage_inst/gen_mac_units[0].mac_inst/clk_IBUF_BUFG
    DSP48_X1Y33          DSP48E1                                      r  fir_inst/gen_stages[1].stage_inst/gen_mac_units[0].mac_inst/acc_s_reg/CLK

Slack:                    inf
  Source:                 reset
                            (input port)
  Destination:            fir_inst/gen_stage_0/gen_mac_units[0].mac_inst/acc_s_reg/RSTP
                            (rising edge-triggered cell DSP48E1 clocked by sys_clk  {rise@0.000ns fall@4.000ns period=8.000ns})
  Path Group:             (none)
  Path Type:              Setup (Max at Slow Process Corner)
  Data Path Delay:        15.080ns  (logic 1.216ns (8.066%)  route 13.864ns (91.934%))
  Logic Levels:           2  (IBUF=1 LUT1=1)
  Clock Path Skew:        4.457ns (DCD - SCD + CPR)
    Destination Clock Delay (DCD):    4.457ns
    Source Clock Delay      (SCD):    0.000ns
    Clock Pessimism Removal (CPR):    0.000ns
  Clock Uncertainty:      0.025ns  ((TSJ^2 + TIJ^2)^1/2 + DJ) / 2 + PE
    Total System Jitter     (TSJ):    0.050ns
    Total Input Jitter      (TIJ):    0.000ns
    Discrete Jitter          (DJ):    0.000ns
    Phase Error              (PE):    0.000ns

    Location             Delay type                Incr(ns)  Path(ns)    Netlist Resource(s)
  -------------------------------------------------------------------    -------------------
    Y14                                               0.000     0.000 f  reset (IN)
                         net (fo=0)                   0.000     0.000    reset
    Y14                  IBUF (Prop_ibuf_I_O)         1.070     1.070 f  reset_IBUF_inst/O
                         net (fo=3, routed)           1.654     2.725    fir_inst/gen_stage_0/gen_mac_units[0].mac_inst/reset_IBUF
    SLICE_X32Y33         LUT1 (Prop_lut1_I0_O)        0.146     2.871 r  fir_inst/gen_stage_0/gen_mac_units[0].mac_inst/mult_s0_i_2/O
                         net (fo=1101, routed)       12.209    15.080    fir_inst/gen_stage_0/gen_mac_units[0].mac_inst/reset
    DSP48_X1Y34          DSP48E1                                      r  fir_inst/gen_stage_0/gen_mac_units[0].mac_inst/acc_s_reg/RSTP
  -------------------------------------------------------------------    -------------------

                         (clock sys_clk rise edge)    0.000     0.000 r  
    U14                                               0.000     0.000 r  clk (IN)
                         net (fo=0)                   0.000     0.000    clk
    U14                  IBUF (Prop_ibuf_I_O)         0.912     0.912 r  clk_IBUF_inst/O
                         net (fo=1, routed)           1.880     2.792    clk_IBUF
    BUFGCTRL_X0Y0        BUFG (Prop_bufg_I_O)         0.091     2.883 r  clk_IBUF_BUFG_inst/O
                         net (fo=1568, routed)        1.574     4.457    fir_inst/gen_stage_0/gen_mac_units[0].mac_inst/clk_IBUF_BUFG
    DSP48_X1Y34          DSP48E1                                      r  fir_inst/gen_stage_0/gen_mac_units[0].mac_inst/acc_s_reg/CLK

Slack:                    inf
  Source:                 reset
                            (input port)
  Destination:            fir_inst/gen_stages[2].stage_inst/gen_mac_units[0].mac_inst/acc_s_reg/RSTB
                            (rising edge-triggered cell DSP48E1 clocked by sys_clk  {rise@0.000ns fall@4.000ns period=8.000ns})
  Path Group:             (none)
  Path Type:              Setup (Max at Slow Process Corner)
  Data Path Delay:        15.057ns  (logic 1.216ns (8.078%)  route 13.841ns (91.922%))
  Logic Levels:           2  (IBUF=1 LUT1=1)
  Clock Path Skew:        4.447ns (DCD - SCD + CPR)
    Destination Clock Delay (DCD):    4.447ns
    Source Clock Delay      (SCD):    0.000ns
    Clock Pessimism Removal (CPR):    0.000ns
  Clock Uncertainty:      0.025ns  ((TSJ^2 + TIJ^2)^1/2 + DJ) / 2 + PE
    Total System Jitter     (TSJ):    0.050ns
    Total Input Jitter      (TIJ):    0.000ns
    Discrete Jitter          (DJ):    0.000ns
    Phase Error              (PE):    0.000ns

    Location             Delay type                Incr(ns)  Path(ns)    Netlist Resource(s)
  -------------------------------------------------------------------    -------------------
    Y14                                               0.000     0.000 f  reset (IN)
                         net (fo=0)                   0.000     0.000    reset
    Y14                  IBUF (Prop_ibuf_I_O)         1.070     1.070 f  reset_IBUF_inst/O
                         net (fo=3, routed)           1.654     2.725    fir_inst/gen_stage_0/gen_mac_units[0].mac_inst/reset_IBUF
    SLICE_X32Y33         LUT1 (Prop_lut1_I0_O)        0.146     2.871 r  fir_inst/gen_stage_0/gen_mac_units[0].mac_inst/mult_s0_i_2/O
                         net (fo=1101, routed)       12.187    15.057    fir_inst/gen_stages[2].stage_inst/gen_mac_units[0].mac_inst/SR[0]
    DSP48_X1Y30          DSP48E1                                      r  fir_inst/gen_stages[2].stage_inst/gen_mac_units[0].mac_inst/acc_s_reg/RSTB
  -------------------------------------------------------------------    -------------------

                         (clock sys_clk rise edge)    0.000     0.000 r  
    U14                                               0.000     0.000 r  clk (IN)
                         net (fo=0)                   0.000     0.000    clk
    U14                  IBUF (Prop_ibuf_I_O)         0.912     0.912 r  clk_IBUF_inst/O
                         net (fo=1, routed)           1.880     2.792    clk_IBUF
    BUFGCTRL_X0Y0        BUFG (Prop_bufg_I_O)         0.091     2.883 r  clk_IBUF_BUFG_inst/O
                         net (fo=1568, routed)        1.564     4.447    fir_inst/gen_stages[2].stage_inst/gen_mac_units[0].mac_inst/clk_IBUF_BUFG
    DSP48_X1Y30          DSP48E1                                      r  fir_inst/gen_stages[2].stage_inst/gen_mac_units[0].mac_inst/acc_s_reg/CLK

Slack:                    inf
  Source:                 reset
                            (input port)
  Destination:            fir_inst/gen_stages[3].stage_inst/gen_mac_units[0].mac_inst/mult_s0/RSTA
                            (rising edge-triggered cell DSP48E1 clocked by sys_clk  {rise@0.000ns fall@4.000ns period=8.000ns})
  Path Group:             (none)
  Path Type:              Setup (Max at Slow Process Corner)
  Data Path Delay:        15.057ns  (logic 1.216ns (8.078%)  route 13.841ns (91.922%))
  Logic Levels:           2  (IBUF=1 LUT1=1)
  Clock Path Skew:        4.450ns (DCD - SCD + CPR)
    Destination Clock Delay (DCD):    4.450ns
    Source Clock Delay      (SCD):    0.000ns
    Clock Pessimism Removal (CPR):    0.000ns
  Clock Uncertainty:      0.025ns  ((TSJ^2 + TIJ^2)^1/2 + DJ) / 2 + PE
    Total System Jitter     (TSJ):    0.050ns
    Total Input Jitter      (TIJ):    0.000ns
    Discrete Jitter          (DJ):    0.000ns
    Phase Error              (PE):    0.000ns

    Location             Delay type                Incr(ns)  Path(ns)    Netlist Resource(s)
  -------------------------------------------------------------------    -------------------
    Y14                                               0.000     0.000 f  reset (IN)
                         net (fo=0)                   0.000     0.000    reset
    Y14                  IBUF (Prop_ibuf_I_O)         1.070     1.070 f  reset_IBUF_inst/O
                         net (fo=3, routed)           1.654     2.725    fir_inst/gen_stage_0/gen_mac_units[0].mac_inst/reset_IBUF
    SLICE_X32Y33         LUT1 (Prop_lut1_I0_O)        0.146     2.871 r  fir_inst/gen_stage_0/gen_mac_units[0].mac_inst/mult_s0_i_2/O
                         net (fo=1101, routed)       12.187    15.057    fir_inst/gen_stages[3].stage_inst/gen_mac_units[0].mac_inst/SR[0]
    DSP48_X1Y31          DSP48E1                                      r  fir_inst/gen_stages[3].stage_inst/gen_mac_units[0].mac_inst/mult_s0/RSTA
  -------------------------------------------------------------------    -------------------

                         (clock sys_clk rise edge)    0.000     0.000 r  
    U14                                               0.000     0.000 r  clk (IN)
                         net (fo=0)                   0.000     0.000    clk
    U14                  IBUF (Prop_ibuf_I_O)         0.912     0.912 r  clk_IBUF_inst/O
                         net (fo=1, routed)           1.880     2.792    clk_IBUF
    BUFGCTRL_X0Y0        BUFG (Prop_bufg_I_O)         0.091     2.883 r  clk_IBUF_BUFG_inst/O
                         net (fo=1568, routed)        1.567     4.450    fir_inst/gen_stages[3].stage_inst/gen_mac_units[0].mac_inst/clk_IBUF_BUFG
    DSP48_X1Y31          DSP48E1                                      r  fir_inst/gen_stages[3].stage_inst/gen_mac_units[0].mac_inst/mult_s0/CLK

Slack:                    inf
  Source:                 reset
                            (input port)
  Destination:            fir_inst/gen_stages[1].stage_inst/gen_mac_units[0].mac_inst/acc_s_reg/RSTP
                            (rising edge-triggered cell DSP48E1 clocked by sys_clk  {rise@0.000ns fall@4.000ns period=8.000ns})
  Path Group:             (none)
  Path Type:              Setup (Max at Slow Process Corner)
  Data Path Delay:        14.924ns  (logic 1.216ns (8.150%)  route 13.708ns (91.850%))
  Logic Levels:           2  (IBUF=1 LUT1=1)
  Clock Path Skew:        4.455ns (DCD - SCD + CPR)
    Destination Clock Delay (DCD):    4.455ns
    Source Clock Delay      (SCD):    0.000ns
    Clock Pessimism Removal (CPR):    0.000ns
  Clock Uncertainty:      0.025ns  ((TSJ^2 + TIJ^2)^1/2 + DJ) / 2 + PE
    Total System Jitter     (TSJ):    0.050ns
    Total Input Jitter      (TIJ):    0.000ns
    Discrete Jitter          (DJ):    0.000ns
    Phase Error              (PE):    0.000ns

    Location             Delay type                Incr(ns)  Path(ns)    Netlist Resource(s)
  -------------------------------------------------------------------    -------------------
    Y14                                               0.000     0.000 f  reset (IN)
                         net (fo=0)                   0.000     0.000    reset
    Y14                  IBUF (Prop_ibuf_I_O)         1.070     1.070 f  reset_IBUF_inst/O
                         net (fo=3, routed)           1.654     2.725    fir_inst/gen_stage_0/gen_mac_units[0].mac_inst/reset_IBUF
    SLICE_X32Y33         LUT1 (Prop_lut1_I0_O)        0.146     2.871 r  fir_inst/gen_stage_0/gen_mac_units[0].mac_inst/mult_s0_i_2/O
                         net (fo=1101, routed)       12.054    14.924    fir_inst/gen_stages[1].stage_inst/gen_mac_units[0].mac_inst/SR[0]
    DSP48_X1Y33          DSP48E1                                      r  fir_inst/gen_stages[1].stage_inst/gen_mac_units[0].mac_inst/acc_s_reg/RSTP
  -------------------------------------------------------------------    -------------------

                         (clock sys_clk rise edge)    0.000     0.000 r  
    U14                                               0.000     0.000 r  clk (IN)
                         net (fo=0)                   0.000     0.000    clk
    U14                  IBUF (Prop_ibuf_I_O)         0.912     0.912 r  clk_IBUF_inst/O
                         net (fo=1, routed)           1.880     2.792    clk_IBUF
    BUFGCTRL_X0Y0        BUFG (Prop_bufg_I_O)         0.091     2.883 r  clk_IBUF_BUFG_inst/O
                         net (fo=1568, routed)        1.572     4.455    fir_inst/gen_stages[1].stage_inst/gen_mac_units[0].mac_inst/clk_IBUF_BUFG
    DSP48_X1Y33          DSP48E1                                      r  fir_inst/gen_stages[1].stage_inst/gen_mac_units[0].mac_inst/acc_s_reg/CLK

Slack:                    inf
  Source:                 reset
                            (input port)
  Destination:            fir_inst/gen_stages[3].stage_inst/gen_mac_units[0].mac_inst/mult_s_reg[16]/R
                            (rising edge-triggered cell FDRE clocked by sys_clk  {rise@0.000ns fall@4.000ns period=8.000ns})
  Path Group:             (none)
  Path Type:              Setup (Max at Slow Process Corner)
  Data Path Delay:        14.769ns  (logic 1.216ns (8.236%)  route 13.553ns (91.764%))
  Logic Levels:           2  (IBUF=1 LUT1=1)
  Clock Path Skew:        4.360ns (DCD - SCD + CPR)
    Destination Clock Delay (DCD):    4.360ns
    Source Clock Delay      (SCD):    0.000ns
    Clock Pessimism Removal (CPR):    0.000ns
  Clock Uncertainty:      0.025ns  ((TSJ^2 + TIJ^2)^1/2 + DJ) / 2 + PE
    Total System Jitter     (TSJ):    0.050ns
    Total Input Jitter      (TIJ):    0.000ns
    Discrete Jitter          (DJ):    0.000ns
    Phase Error              (PE):    0.000ns

    Location             Delay type                Incr(ns)  Path(ns)    Netlist Resource(s)
  -------------------------------------------------------------------    -------------------
    Y14                                               0.000     0.000 f  reset (IN)
                         net (fo=0)                   0.000     0.000    reset
    Y14                  IBUF (Prop_ibuf_I_O)         1.070     1.070 f  reset_IBUF_inst/O
                         net (fo=3, routed)           1.654     2.725    fir_inst/gen_stage_0/gen_mac_units[0].mac_inst/reset_IBUF
    SLICE_X32Y33         LUT1 (Prop_lut1_I0_O)        0.146     2.871 r  fir_inst/gen_stage_0/gen_mac_units[0].mac_inst/mult_s0_i_2/O
                         net (fo=1101, routed)       11.899    14.769    fir_inst/gen_stages[3].stage_inst/gen_mac_units[0].mac_inst/SR[0]
    SLICE_X32Y78         FDRE                                         r  fir_inst/gen_stages[3].stage_inst/gen_mac_units[0].mac_inst/mult_s_reg[16]/R
  -------------------------------------------------------------------    -------------------

                         (clock sys_clk rise edge)    0.000     0.000 r  
    U14                                               0.000     0.000 r  clk (IN)
                         net (fo=0)                   0.000     0.000    clk
    U14                  IBUF (Prop_ibuf_I_O)         0.912     0.912 r  clk_IBUF_inst/O
                         net (fo=1, routed)           1.880     2.792    clk_IBUF
    BUFGCTRL_X0Y0        BUFG (Prop_bufg_I_O)         0.091     2.883 r  clk_IBUF_BUFG_inst/O
                         net (fo=1568, routed)        1.478     4.360    fir_inst/gen_stages[3].stage_inst/gen_mac_units[0].mac_inst/clk_IBUF_BUFG
    SLICE_X32Y78         FDRE                                         r  fir_inst/gen_stages[3].stage_inst/gen_mac_units[0].mac_inst/mult_s_reg[16]/C





Min Delay Paths
--------------------------------------------------------------------------------------
Slack:                    inf
  Source:                 coef_i[1]
                            (input port)
  Destination:            coeffs_reg[0][1]/D
                            (rising edge-triggered cell FDRE clocked by sys_clk  {rise@0.000ns fall@4.000ns period=8.000ns})
  Path Group:             (none)
  Path Type:              Hold (Min at Fast Process Corner)
  Data Path Delay:        0.689ns  (logic 0.168ns (24.327%)  route 0.521ns (75.673%))
  Logic Levels:           1  (IBUF=1)
  Clock Path Skew:        2.008ns (DCD - SCD - CPR)
    Destination Clock Delay (DCD):    2.008ns
    Source Clock Delay      (SCD):    0.000ns
    Clock Pessimism Removal (CPR):    -0.000ns

    Location             Delay type                Incr(ns)  Path(ns)    Netlist Resource(s)
  -------------------------------------------------------------------    -------------------
    P16                                               0.000     0.000 r  coef_i[1] (IN)
                         net (fo=0)                   0.000     0.000    coef_i[1]
    P16                  IBUF (Prop_ibuf_I_O)         0.168     0.168 r  coef_i_IBUF[1]_inst/O
                         net (fo=21, routed)          0.521     0.689    coef_i_IBUF[1]
    SLICE_X32Y1          FDRE                                         r  coeffs_reg[0][1]/D
  -------------------------------------------------------------------    -------------------

                         (clock sys_clk rise edge)    0.000     0.000 r  
    U14                                               0.000     0.000 r  clk (IN)
                         net (fo=0)                   0.000     0.000    clk
    U14                  IBUF (Prop_ibuf_I_O)         0.464     0.464 r  clk_IBUF_inst/O
                         net (fo=1, routed)           0.683     1.147    clk_IBUF
    BUFGCTRL_X0Y0        BUFG (Prop_bufg_I_O)         0.029     1.176 r  clk_IBUF_BUFG_inst/O
                         net (fo=1568, routed)        0.832     2.008    clk_IBUF_BUFG
    SLICE_X32Y1          FDRE                                         r  coeffs_reg[0][1]/C

Slack:                    inf
  Source:                 coef_i[0]
                            (input port)
  Destination:            coeffs_reg[0][0]/D
                            (rising edge-triggered cell FDRE clocked by sys_clk  {rise@0.000ns fall@4.000ns period=8.000ns})
  Path Group:             (none)
  Path Type:              Hold (Min at Fast Process Corner)
  Data Path Delay:        0.704ns  (logic 0.179ns (25.414%)  route 0.525ns (74.586%))
  Logic Levels:           1  (IBUF=1)
  Clock Path Skew:        2.008ns (DCD - SCD - CPR)
    Destination Clock Delay (DCD):    2.008ns
    Source Clock Delay      (SCD):    0.000ns
    Clock Pessimism Removal (CPR):    -0.000ns

    Location             Delay type                Incr(ns)  Path(ns)    Netlist Resource(s)
  -------------------------------------------------------------------    -------------------
    T19                                               0.000     0.000 r  coef_i[0] (IN)
                         net (fo=0)                   0.000     0.000    coef_i[0]
    T19                  IBUF (Prop_ibuf_I_O)         0.179     0.179 r  coef_i_IBUF[0]_inst/O
                         net (fo=21, routed)          0.525     0.704    coef_i_IBUF[0]
    SLICE_X33Y1          FDRE                                         r  coeffs_reg[0][0]/D
  -------------------------------------------------------------------    -------------------

                         (clock sys_clk rise edge)    0.000     0.000 r  
    U14                                               0.000     0.000 r  clk (IN)
                         net (fo=0)                   0.000     0.000    clk
    U14                  IBUF (Prop_ibuf_I_O)         0.464     0.464 r  clk_IBUF_inst/O
                         net (fo=1, routed)           0.683     1.147    clk_IBUF
    BUFGCTRL_X0Y0        BUFG (Prop_bufg_I_O)         0.029     1.176 r  clk_IBUF_BUFG_inst/O
                         net (fo=1568, routed)        0.832     2.008    clk_IBUF_BUFG
    SLICE_X33Y1          FDRE                                         r  coeffs_reg[0][0]/C

Slack:                    inf
  Source:                 coef_i[2]
                            (input port)
  Destination:            coeffs_reg[0][2]/D
                            (rising edge-triggered cell FDRE clocked by sys_clk  {rise@0.000ns fall@4.000ns period=8.000ns})
  Path Group:             (none)
  Path Type:              Hold (Min at Fast Process Corner)
  Data Path Delay:        0.707ns  (logic 0.165ns (23.313%)  route 0.542ns (76.687%))
  Logic Levels:           1  (IBUF=1)
  Clock Path Skew:        2.008ns (DCD - SCD - CPR)
    Destination Clock Delay (DCD):    2.008ns
    Source Clock Delay      (SCD):    0.000ns
    Clock Pessimism Removal (CPR):    -0.000ns

    Location             Delay type                Incr(ns)  Path(ns)    Netlist Resource(s)
  -------------------------------------------------------------------    -------------------
    P15                                               0.000     0.000 r  coef_i[2] (IN)
                         net (fo=0)                   0.000     0.000    coef_i[2]
    P15                  IBUF (Prop_ibuf_I_O)         0.165     0.165 r  coef_i_IBUF[2]_inst/O
                         net (fo=21, routed)          0.542     0.707    coef_i_IBUF[2]
    SLICE_X32Y1          FDRE                                         r  coeffs_reg[0][2]/D
  -------------------------------------------------------------------    -------------------

                         (clock sys_clk rise edge)    0.000     0.000 r  
    U14                                               0.000     0.000 r  clk (IN)
                         net (fo=0)                   0.000     0.000    clk
    U14                  IBUF (Prop_ibuf_I_O)         0.464     0.464 r  clk_IBUF_inst/O
                         net (fo=1, routed)           0.683     1.147    clk_IBUF
    BUFGCTRL_X0Y0        BUFG (Prop_bufg_I_O)         0.029     1.176 r  clk_IBUF_BUFG_inst/O
                         net (fo=1568, routed)        0.832     2.008    clk_IBUF_BUFG
    SLICE_X32Y1          FDRE                                         r  coeffs_reg[0][2]/C

Slack:                    inf
  Source:                 coef_i[7]
                            (input port)
  Destination:            coeffs_reg[1][7]/D
                            (rising edge-triggered cell FDRE clocked by sys_clk  {rise@0.000ns fall@4.000ns period=8.000ns})
  Path Group:             (none)
  Path Type:              Hold (Min at Fast Process Corner)
  Data Path Delay:        0.708ns  (logic 0.186ns (26.314%)  route 0.521ns (73.686%))
  Logic Levels:           1  (IBUF=1)
  Clock Path Skew:        2.006ns (DCD - SCD - CPR)
    Destination Clock Delay (DCD):    2.006ns
    Source Clock Delay      (SCD):    0.000ns
    Clock Pessimism Removal (CPR):    -0.000ns

    Location             Delay type                Incr(ns)  Path(ns)    Netlist Resource(s)
  -------------------------------------------------------------------    -------------------
    V18                                               0.000     0.000 r  coef_i[7] (IN)
                         net (fo=0)                   0.000     0.000    coef_i[7]
    V18                  IBUF (Prop_ibuf_I_O)         0.186     0.186 r  coef_i_IBUF[7]_inst/O
                         net (fo=21, routed)          0.521     0.708    coef_i_IBUF[7]
    SLICE_X32Y7          FDRE                                         r  coeffs_reg[1][7]/D
  -------------------------------------------------------------------    -------------------

                         (clock sys_clk rise edge)    0.000     0.000 r  
    U14                                               0.000     0.000 r  clk (IN)
                         net (fo=0)                   0.000     0.000    clk
    U14                  IBUF (Prop_ibuf_I_O)         0.464     0.464 r  clk_IBUF_inst/O
                         net (fo=1, routed)           0.683     1.147    clk_IBUF
    BUFGCTRL_X0Y0        BUFG (Prop_bufg_I_O)         0.029     1.176 r  clk_IBUF_BUFG_inst/O
                         net (fo=1568, routed)        0.830     2.006    clk_IBUF_BUFG
    SLICE_X32Y7          FDRE                                         r  coeffs_reg[1][7]/C

Slack:                    inf
  Source:                 coef_i[20]
                            (input port)
  Destination:            coeffs_reg[3][20]/D
                            (rising edge-triggered cell FDRE clocked by sys_clk  {rise@0.000ns fall@4.000ns period=8.000ns})
  Path Group:             (none)
  Path Type:              Hold (Min at Fast Process Corner)
  Data Path Delay:        0.715ns  (logic 0.196ns (27.470%)  route 0.518ns (72.530%))
  Logic Levels:           1  (IBUF=1)
  Clock Path Skew:        1.996ns (DCD - SCD - CPR)
    Destination Clock Delay (DCD):    1.996ns
    Source Clock Delay      (SCD):    0.000ns
    Clock Pessimism Removal (CPR):    -0.000ns

    Location             Delay type                Incr(ns)  Path(ns)    Netlist Resource(s)
  -------------------------------------------------------------------    -------------------
    T20                                               0.000     0.000 r  coef_i[20] (IN)
                         net (fo=0)                   0.000     0.000    coef_i[20]
    T20                  IBUF (Prop_ibuf_I_O)         0.196     0.196 r  coef_i_IBUF[20]_inst/O
                         net (fo=21, routed)          0.518     0.715    coef_i_IBUF[20]
    SLICE_X33Y20         FDRE                                         r  coeffs_reg[3][20]/D
  -------------------------------------------------------------------    -------------------

                         (clock sys_clk rise edge)    0.000     0.000 r  
    U14                                               0.000     0.000 r  clk (IN)
                         net (fo=0)                   0.000     0.000    clk
    U14                  IBUF (Prop_ibuf_I_O)         0.464     0.464 r  clk_IBUF_inst/O
                         net (fo=1, routed)           0.683     1.147    clk_IBUF
    BUFGCTRL_X0Y0        BUFG (Prop_bufg_I_O)         0.029     1.176 r  clk_IBUF_BUFG_inst/O
                         net (fo=1568, routed)        0.820     1.996    clk_IBUF_BUFG
    SLICE_X33Y20         FDRE                                         r  coeffs_reg[3][20]/C

Slack:                    inf
  Source:                 coef_i[3]
                            (input port)
  Destination:            coeffs_reg[0][3]/D
                            (rising edge-triggered cell FDRE clocked by sys_clk  {rise@0.000ns fall@4.000ns period=8.000ns})
  Path Group:             (none)
  Path Type:              Hold (Min at Fast Process Corner)
  Data Path Delay:        0.715ns  (logic 0.201ns (28.097%)  route 0.514ns (71.903%))
  Logic Levels:           1  (IBUF=1)
  Clock Path Skew:        2.008ns (DCD - SCD - CPR)
    Destination Clock Delay (DCD):    2.008ns
    Source Clock Delay      (SCD):    0.000ns
    Clock Pessimism Removal (CPR):    -0.000ns

    Location             Delay type                Incr(ns)  Path(ns)    Netlist Resource(s)
  -------------------------------------------------------------------    -------------------
    P18                                               0.000     0.000 r  coef_i[3] (IN)
                         net (fo=0)                   0.000     0.000    coef_i[3]
    P18                  IBUF (Prop_ibuf_I_O)         0.201     0.201 r  coef_i_IBUF[3]_inst/O
                         net (fo=21, routed)          0.514     0.715    coef_i_IBUF[3]
    SLICE_X32Y2          FDRE                                         r  coeffs_reg[0][3]/D
  -------------------------------------------------------------------    -------------------

                         (clock sys_clk rise edge)    0.000     0.000 r  
    U14                                               0.000     0.000 r  clk (IN)
                         net (fo=0)                   0.000     0.000    clk
    U14                  IBUF (Prop_ibuf_I_O)         0.464     0.464 r  clk_IBUF_inst/O
                         net (fo=1, routed)           0.683     1.147    clk_IBUF
    BUFGCTRL_X0Y0        BUFG (Prop_bufg_I_O)         0.029     1.176 r  clk_IBUF_BUFG_inst/O
                         net (fo=1568, routed)        0.832     2.008    clk_IBUF_BUFG
    SLICE_X32Y2          FDRE                                         r  coeffs_reg[0][3]/C

Slack:                    inf
  Source:                 coef_i[8]
                            (input port)
  Destination:            coeffs_reg[1][8]/D
                            (rising edge-triggered cell FDRE clocked by sys_clk  {rise@0.000ns fall@4.000ns period=8.000ns})
  Path Group:             (none)
  Path Type:              Hold (Min at Fast Process Corner)
  Data Path Delay:        0.723ns  (logic 0.190ns (26.234%)  route 0.533ns (73.766%))
  Logic Levels:           1  (IBUF=1)
  Clock Path Skew:        2.006ns (DCD - SCD - CPR)
    Destination Clock Delay (DCD):    2.006ns
    Source Clock Delay      (SCD):    0.000ns
    Clock Pessimism Removal (CPR):    -0.000ns

    Location             Delay type                Incr(ns)  Path(ns)    Netlist Resource(s)
  -------------------------------------------------------------------    -------------------
    V17                                               0.000     0.000 r  coef_i[8] (IN)
                         net (fo=0)                   0.000     0.000    coef_i[8]
    V17                  IBUF (Prop_ibuf_I_O)         0.190     0.190 r  coef_i_IBUF[8]_inst/O
                         net (fo=21, routed)          0.533     0.723    coef_i_IBUF[8]
    SLICE_X32Y7          FDRE                                         r  coeffs_reg[1][8]/D
  -------------------------------------------------------------------    -------------------

                         (clock sys_clk rise edge)    0.000     0.000 r  
    U14                                               0.000     0.000 r  clk (IN)
                         net (fo=0)                   0.000     0.000    clk
    U14                  IBUF (Prop_ibuf_I_O)         0.464     0.464 r  clk_IBUF_inst/O
                         net (fo=1, routed)           0.683     1.147    clk_IBUF
    BUFGCTRL_X0Y0        BUFG (Prop_bufg_I_O)         0.029     1.176 r  clk_IBUF_BUFG_inst/O
                         net (fo=1568, routed)        0.830     2.006    clk_IBUF_BUFG
    SLICE_X32Y7          FDRE                                         r  coeffs_reg[1][8]/C

Slack:                    inf
  Source:                 coef_i[9]
                            (input port)
  Destination:            coeffs_reg[1][9]/D
                            (rising edge-triggered cell FDRE clocked by sys_clk  {rise@0.000ns fall@4.000ns period=8.000ns})
  Path Group:             (none)
  Path Type:              Hold (Min at Fast Process Corner)
  Data Path Delay:        0.738ns  (logic 0.173ns (23.443%)  route 0.565ns (76.557%))
  Logic Levels:           1  (IBUF=1)
  Clock Path Skew:        2.006ns (DCD - SCD - CPR)
    Destination Clock Delay (DCD):    2.006ns
    Source Clock Delay      (SCD):    0.000ns
    Clock Pessimism Removal (CPR):    -0.000ns

    Location             Delay type                Incr(ns)  Path(ns)    Netlist Resource(s)
  -------------------------------------------------------------------    -------------------
    R18                                               0.000     0.000 r  coef_i[9] (IN)
                         net (fo=0)                   0.000     0.000    coef_i[9]
    R18                  IBUF (Prop_ibuf_I_O)         0.173     0.173 r  coef_i_IBUF[9]_inst/O
                         net (fo=21, routed)          0.565     0.738    coef_i_IBUF[9]
    SLICE_X32Y7          FDRE                                         r  coeffs_reg[1][9]/D
  -------------------------------------------------------------------    -------------------

                         (clock sys_clk rise edge)    0.000     0.000 r  
    U14                                               0.000     0.000 r  clk (IN)
                         net (fo=0)                   0.000     0.000    clk
    U14                  IBUF (Prop_ibuf_I_O)         0.464     0.464 r  clk_IBUF_inst/O
                         net (fo=1, routed)           0.683     1.147    clk_IBUF
    BUFGCTRL_X0Y0        BUFG (Prop_bufg_I_O)         0.029     1.176 r  clk_IBUF_BUFG_inst/O
                         net (fo=1568, routed)        0.830     2.006    clk_IBUF_BUFG
    SLICE_X32Y7          FDRE                                         r  coeffs_reg[1][9]/C

Slack:                    inf
  Source:                 coef_i[12]
                            (input port)
  Destination:            coeffs_reg[1][12]/D
                            (rising edge-triggered cell FDRE clocked by sys_clk  {rise@0.000ns fall@4.000ns period=8.000ns})
  Path Group:             (none)
  Path Type:              Hold (Min at Fast Process Corner)
  Data Path Delay:        0.752ns  (logic 0.165ns (21.945%)  route 0.587ns (78.055%))
  Logic Levels:           1  (IBUF=1)
  Clock Path Skew:        2.006ns (DCD - SCD - CPR)
    Destination Clock Delay (DCD):    2.006ns
    Source Clock Delay      (SCD):    0.000ns
    Clock Pessimism Removal (CPR):    -0.000ns

    Location             Delay type                Incr(ns)  Path(ns)    Netlist Resource(s)
  -------------------------------------------------------------------    -------------------
    R16                                               0.000     0.000 r  coef_i[12] (IN)
                         net (fo=0)                   0.000     0.000    coef_i[12]
    R16                  IBUF (Prop_ibuf_I_O)         0.165     0.165 r  coef_i_IBUF[12]_inst/O
                         net (fo=21, routed)          0.587     0.752    coef_i_IBUF[12]
    SLICE_X33Y9          FDRE                                         r  coeffs_reg[1][12]/D
  -------------------------------------------------------------------    -------------------

                         (clock sys_clk rise edge)    0.000     0.000 r  
    U14                                               0.000     0.000 r  clk (IN)
                         net (fo=0)                   0.000     0.000    clk
    U14                  IBUF (Prop_ibuf_I_O)         0.464     0.464 r  clk_IBUF_inst/O
                         net (fo=1, routed)           0.683     1.147    clk_IBUF
    BUFGCTRL_X0Y0        BUFG (Prop_bufg_I_O)         0.029     1.176 r  clk_IBUF_BUFG_inst/O
                         net (fo=1568, routed)        0.830     2.006    clk_IBUF_BUFG
    SLICE_X33Y9          FDRE                                         r  coeffs_reg[1][12]/C

Slack:                    inf
  Source:                 coef_i[6]
                            (input port)
  Destination:            coeffs_reg[1][6]/D
                            (rising edge-triggered cell FDRE clocked by sys_clk  {rise@0.000ns fall@4.000ns period=8.000ns})
  Path Group:             (none)
  Path Type:              Hold (Min at Fast Process Corner)
  Data Path Delay:        0.756ns  (logic 0.187ns (24.699%)  route 0.570ns (75.301%))
  Logic Levels:           1  (IBUF=1)
  Clock Path Skew:        2.006ns (DCD - SCD - CPR)
    Destination Clock Delay (DCD):    2.006ns
    Source Clock Delay      (SCD):    0.000ns
    Clock Pessimism Removal (CPR):    -0.000ns

    Location             Delay type                Incr(ns)  Path(ns)    Netlist Resource(s)
  -------------------------------------------------------------------    -------------------
    W18                                               0.000     0.000 r  coef_i[6] (IN)
                         net (fo=0)                   0.000     0.000    coef_i[6]
    W18                  IBUF (Prop_ibuf_I_O)         0.187     0.187 r  coef_i_IBUF[6]_inst/O
                         net (fo=21, routed)          0.570     0.756    coef_i_IBUF[6]
    SLICE_X32Y7          FDRE                                         r  coeffs_reg[1][6]/D
  -------------------------------------------------------------------    -------------------

                         (clock sys_clk rise edge)    0.000     0.000 r  
    U14                                               0.000     0.000 r  clk (IN)
                         net (fo=0)                   0.000     0.000    clk
    U14                  IBUF (Prop_ibuf_I_O)         0.464     0.464 r  clk_IBUF_inst/O
                         net (fo=1, routed)           0.683     1.147    clk_IBUF
    BUFGCTRL_X0Y0        BUFG (Prop_bufg_I_O)         0.029     1.176 r  clk_IBUF_BUFG_inst/O
                         net (fo=1568, routed)        0.830     2.006    clk_IBUF_BUFG
    SLICE_X32Y7          FDRE                                         r  coeffs_reg[1][6]/C





