Copyright 1986-2022 Xilinx, Inc. All Rights Reserved. Copyright 2022-2024 Advanced Micro Devices, Inc. All Rights Reserved.
------------------------------------------------------------------------------------------------------------------------------------------------------------------------------------------------------------------------------
| Tool Version : Vivado v.2024.1 (win64) Build 5076996 Wed May 22 18:37:14 MDT 2024
| Date         : Sun Sep 20 20:30:09 2026
| Host         : DESKTOP-UPFCS1D running 64-bit major release  (build 9200)
| Command      : report_timing_summary -max_paths 10 -report_unconstrained -file axi_wrapper_timing_summary_routed.rpt -pb axi_wrapper_timing_summary_routed.pb -rpx axi_wrapper_timing_summary_routed.rpx -warn_on_violation
| Design       : axi_wrapper
| Device       : 7z010-clg400
| Speed File   : -1  PRODUCTION 1.12 2019-11-22
| Design State : Routed
------------------------------------------------------------------------------------------------------------------------------------------------------------------------------------------------------------------------------

Timing Summary Report

------------------------------------------------------------------------------------------------
| Timer Settings
| --------------
------------------------------------------------------------------------------------------------

  Enable Multi Corner Analysis               :  Yes
  Enable Pessimism Removal                   :  Yes
  Pessimism Removal Resolution               :  Nearest Common Node
  Enable Input Delay Default Clock           :  No
  Enable Preset / Clear Arcs                 :  No
  Disable Flight Delays                      :  No
  Ignore I/O Paths                           :  No
  Timing Early Launch at Borrowing Latches   :  No
  Borrow Time for Max Delay Exceptions       :  Yes
  Merge Timing Exceptions                    :  Yes
  Inter-SLR Compensation                     :  Conservative

  Corner  Analyze    Analyze    
  Name    Max Paths  Min Paths  
  ------  ---------  ---------  
  Slow    Yes        Yes        
  Fast    Yes        Yes        


------------------------------------------------------------------------------------------------
| Report Methodology
| ------------------
------------------------------------------------------------------------------------------------

Rule       Severity  Description                    Violations  
---------  --------  -----------------------------  ----------  
TIMING-18  Warning   Missing input or output delay  85          

Note: This report is based on the most recent report_methodology run and may not be up-to-date. Run report_methodology on the current design for the latest report.



check_timing report

Table of Contents
-----------------
1. checking no_clock (0)
2. checking constant_clock (0)
3. checking pulse_width_clock (0)
4. checking unconstrained_internal_endpoints (0)
5. checking no_input_delay (58)
6. checking no_output_delay (27)
7. checking multiple_clock (0)
8. checking generated_clocks (0)
9. checking loops (0)
10. checking partial_input_delay (0)
11. checking partial_output_delay (0)
12. checking latch_loops (0)

1. checking no_clock (0)
------------------------
 There are 0 register/latch pins with no clock.


2. checking constant_clock (0)
------------------------------
 There are 0 register/latch pins with constant_clock.


3. checking pulse_width_clock (0)
---------------------------------
 There are 0 register/latch pins which need pulse_width check


4. checking unconstrained_internal_endpoints (0)
------------------------------------------------
 There are 0 pins that are not constrained for maximum delay.

 There are 0 pins that are not constrained for maximum delay due to constant clock.


5. checking no_input_delay (58)
-------------------------------
 There are 58 input ports with no input delay specified. (HIGH)

 There are 0 input ports with no input delay but user has a false path constraint.


6. checking no_output_delay (27)
--------------------------------
 There are 27 ports with no output delay specified. (HIGH)

 There are 0 ports with no output delay but user has a false path constraint

 There are 0 ports with no output delay but with a timing clock defined on it or propagating through it


7. checking multiple_clock (0)
------------------------------
 There are 0 register/latch pins with multiple clocks.


8. checking generated_clocks (0)
--------------------------------
 There are 0 generated clocks that are not connected to a clock source.


9. checking loops (0)
---------------------
 There are 0 combinational loops in the design.


10. checking partial_input_delay (0)
------------------------------------
 There are 0 input ports with partial input delay specified.


11. checking partial_output_delay (0)
-------------------------------------
 There are 0 ports with partial output delay specified.


12. checking latch_loops (0)
----------------------------
 There are 0 combinational latch loops in the design through latch input



------------------------------------------------------------------------------------------------
| Design Timing Summary
| ---------------------
------------------------------------------------------------------------------------------------

    WNS(ns)      TNS(ns)  TNS Failing Endpoints  TNS Total Endpoints      WHS(ns)      THS(ns)  THS Failing Endpoints  THS Total Endpoints     WPWS(ns)     TPWS(ns)  TPWS Failing Endpoints  TPWS Total Endpoints  
    -------      -------  ---------------------  -------------------      -------      -------  ---------------------  -------------------     --------     --------  ----------------------  --------------------  
      1.016        0.000                      0                 7369        0.014        0.000                      0                 7369        2.750        0.000                       0                  1569  


All user specified timing constraints are met.


------------------------------------------------------------------------------------------------
| Clock Summary
| -------------
------------------------------------------------------------------------------------------------

Clock    Waveform(ns)         Period(ns)      Frequency(MHz)
-----    ------------         ----------      --------------
sys_clk  {0.000 4.000}        8.000           125.000         


------------------------------------------------------------------------------------------------
| Intra Clock Table
| -----------------
------------------------------------------------------------------------------------------------

Clock             WNS(ns)      TNS(ns)  TNS Failing Endpoints  TNS Total Endpoints      WHS(ns)      THS(ns)  THS Failing Endpoints  THS Total Endpoints     WPWS(ns)     TPWS(ns)  TPWS Failing Endpoints  TPWS Total Endpoints  
-----             -------      -------  ---------------------  -------------------      -------      -------  ---------------------  -------------------     --------     --------  ----------------------  --------------------  
sys_clk             1.016        0.000                      0                 7369        0.014        0.000                      0                 7369        2.750        0.000                       0                  1569  


------------------------------------------------------------------------------------------------
| Inter Clock Table
| -----------------
------------------------------------------------------------------------------------------------

From Clock    To Clock          WNS(ns)      TNS(ns)  TNS Failing Endpoints  TNS Total Endpoints      WHS(ns)      THS(ns)  THS Failing Endpoints  THS Total Endpoints  
----------    --------          -------      -------  ---------------------  -------------------      -------      -------  ---------------------  -------------------  


------------------------------------------------------------------------------------------------
| Other Path Groups Table
| -----------------------
------------------------------------------------------------------------------------------------

Path Group    From Clock    To Clock          WNS(ns)      TNS(ns)  TNS Failing Endpoints  TNS Total Endpoints      WHS(ns)      THS(ns)  THS Failing Endpoints  THS Total Endpoints  
----------    ----------    --------          -------      -------  ---------------------  -------------------      -------      -------  ---------------------  -------------------  


------------------------------------------------------------------------------------------------
| User Ignored Path Table
| -----------------------
------------------------------------------------------------------------------------------------

Path Group    From Clock    To Clock    
----------    ----------    --------    


------------------------------------------------------------------------------------------------
| Unconstrained Path Table
| ------------------------
------------------------------------------------------------------------------------------------

Path Group    From Clock    To Clock    
----------    ----------    --------    
(none)        sys_clk                     
(none)                      sys_clk       


------------------------------------------------------------------------------------------------
| Timing Details
| --------------
------------------------------------------------------------------------------------------------


---------------------------------------------------------------------------------------------------
From Clock:  sys_clk
  To Clock:  sys_clk

Setup :            0  Failing Endpoints,  Worst Slack        1.016ns,  Total Violation        0.000ns
Hold  :            0  Failing Endpoints,  Worst Slack        0.014ns,  Total Violation        0.000ns
PW    :            0  Failing Endpoints,  Worst Slack        2.750ns,  Total Violation        0.000ns
---------------------------------------------------------------------------------------------------


Max Delay Paths
--------------------------------------------------------------------------------------
Slack (MET) :             1.016ns  (required time - arrival time)
  Source:                 fir_inst/last_shift_reg[17]/C
                            (rising edge-triggered cell FDRE clocked by sys_clk  {rise@0.000ns fall@4.000ns period=8.000ns})
  Destination:            fir_inst/gen_stages[3].stage_inst/gen_mac_units[0].mac_inst/mult_s_reg/CEA2
                            (rising edge-triggered cell DSP48E1 clocked by sys_clk  {rise@0.000ns fall@4.000ns period=8.000ns})
  Path Group:             sys_clk
  Path Type:              Setup (Max at Slow Process Corner)
  Requirement:            8.000ns  (sys_clk rise@8.000ns - sys_clk rise@0.000ns)
  Data Path Delay:        6.357ns  (logic 0.963ns (15.148%)  route 5.394ns (84.852%))
  Logic Levels:           3  (LUT4=1 LUT5=1 LUT6=1)
  Clock Path Skew:        -0.094ns (DCD - SCD + CPR)
    Destination Clock Delay (DCD):    4.459ns = ( 12.459 - 8.000 ) 
    Source Clock Delay      (SCD):    4.893ns
    Clock Pessimism Removal (CPR):    0.340ns
  Clock Uncertainty:      0.035ns  ((TSJ^2 + TIJ^2)^1/2 + DJ) / 2 + PE
    Total System Jitter     (TSJ):    0.071ns
    Total Input Jitter      (TIJ):    0.000ns
    Discrete Jitter          (DJ):    0.000ns
    Phase Error              (PE):    0.000ns

    Location             Delay type                Incr(ns)  Path(ns)    Netlist Resource(s)
  -------------------------------------------------------------------    -------------------
                         (clock sys_clk rise edge)    0.000     0.000 r  
    U14                                               0.000     0.000 r  clk (IN)
                         net (fo=0)                   0.000     0.000    clk
    U14                  IBUF (Prop_ibuf_I_O)         1.046     1.046 r  clk_IBUF_inst/O
                         net (fo=1, routed)           2.076     3.122    clk_IBUF
    BUFGCTRL_X0Y0        BUFG (Prop_bufg_I_O)         0.101     3.223 r  clk_IBUF_BUFG_inst/O
                         net (fo=1568, routed)        1.670     4.893    fir_inst/clk_IBUF_BUFG
    SLICE_X17Y37         FDRE                                         r  fir_inst/last_shift_reg[17]/C
  -------------------------------------------------------------------    -------------------
    SLICE_X17Y37         FDRE (Prop_fdre_C_Q)         0.419     5.312 r  fir_inst/last_shift_reg[17]/Q
                         net (fo=2, routed)           1.099     6.411    fir_inst/p_1_in__0[18]
    SLICE_X17Y37         LUT6 (Prop_lut6_I0_O)        0.296     6.707 r  fir_inst/mult_s0_i_24/O
                         net (fo=1, routed)           0.564     7.271    fir_inst/mult_s0_i_24_n_0
    SLICE_X18Y37         LUT5 (Prop_lut5_I3_O)        0.124     7.395 r  fir_inst/mult_s0_i_21/O
                         net (fo=33, routed)          1.230     8.625    in_fifo_inst/flush_pipeline
    SLICE_X32Y34         LUT4 (Prop_lut4_I1_O)        0.124     8.749 r  in_fifo_inst/mult_s0_i_1/O
                         net (fo=1121, routed)        2.501    11.250    fir_inst/gen_stages[3].stage_inst/gen_mac_units[0].mac_inst/p_3_in
    DSP48_X0Y32          DSP48E1                                      r  fir_inst/gen_stages[3].stage_inst/gen_mac_units[0].mac_inst/mult_s_reg/CEA2
  -------------------------------------------------------------------    -------------------

                         (clock sys_clk rise edge)    8.000     8.000 r  
    U14                                               0.000     8.000 r  clk (IN)
                         net (fo=0)                   0.000     8.000    clk
    U14                  IBUF (Prop_ibuf_I_O)         0.912     8.912 r  clk_IBUF_inst/O
                         net (fo=1, routed)           1.880    10.792    clk_IBUF
    BUFGCTRL_X0Y0        BUFG (Prop_bufg_I_O)         0.091    10.883 r  clk_IBUF_BUFG_inst/O
                         net (fo=1568, routed)        1.576    12.459    fir_inst/gen_stages[3].stage_inst/gen_mac_units[0].mac_inst/clk_IBUF_BUFG
    DSP48_X0Y32          DSP48E1                                      r  fir_inst/gen_stages[3].stage_inst/gen_mac_units[0].mac_inst/mult_s_reg/CLK
                         clock pessimism              0.340    12.799    
                         clock uncertainty           -0.035    12.764    
    DSP48_X0Y32          DSP48E1 (Setup_dsp48e1_CLK_CEA2)
                                                     -0.497    12.267    fir_inst/gen_stages[3].stage_inst/gen_mac_units[0].mac_inst/mult_s_reg
  -------------------------------------------------------------------
                         required time                         12.267    
                         arrival time                         -11.250    
  -------------------------------------------------------------------
                         slack                                  1.016    

Slack (MET) :             1.056ns  (required time - arrival time)
  Source:                 fir_inst/last_shift_reg[17]/C
                            (rising edge-triggered cell FDRE clocked by sys_clk  {rise@0.000ns fall@4.000ns period=8.000ns})
  Destination:            fir_inst/gen_stages[3].stage_inst/gen_mac_units[0].mac_inst/mult_s_reg/CEP
                            (rising edge-triggered cell DSP48E1 clocked by sys_clk  {rise@0.000ns fall@4.000ns period=8.000ns})
  Path Group:             sys_clk
  Path Type:              Setup (Max at Slow Process Corner)
  Requirement:            8.000ns  (sys_clk rise@8.000ns - sys_clk rise@0.000ns)
  Data Path Delay:        6.291ns  (logic 0.963ns (15.309%)  route 5.328ns (84.691%))
  Logic Levels:           3  (LUT4=1 LUT5=1 LUT6=1)
  Clock Path Skew:        -0.094ns (DCD - SCD + CPR)
    Destination Clock Delay (DCD):    4.459ns = ( 12.459 - 8.000 ) 
    Source Clock Delay      (SCD):    4.893ns
    Clock Pessimism Removal (CPR):    0.340ns
  Clock Uncertainty:      0.035ns  ((TSJ^2 + TIJ^2)^1/2 + DJ) / 2 + PE
    Total System Jitter     (TSJ):    0.071ns
    Total Input Jitter      (TIJ):    0.000ns
    Discrete Jitter          (DJ):    0.000ns
    Phase Error              (PE):    0.000ns

    Location             Delay type                Incr(ns)  Path(ns)    Netlist Resource(s)
  -------------------------------------------------------------------    -------------------
                         (clock sys_clk rise edge)    0.000     0.000 r  
    U14                                               0.000     0.000 r  clk (IN)
                         net (fo=0)                   0.000     0.000    clk
    U14                  IBUF (Prop_ibuf_I_O)         1.046     1.046 r  clk_IBUF_inst/O
                         net (fo=1, routed)           2.076     3.122    clk_IBUF
    BUFGCTRL_X0Y0        BUFG (Prop_bufg_I_O)         0.101     3.223 r  clk_IBUF_BUFG_inst/O
                         net (fo=1568, routed)        1.670     4.893    fir_inst/clk_IBUF_BUFG
    SLICE_X17Y37         FDRE                                         r  fir_inst/last_shift_reg[17]/C
  -------------------------------------------------------------------    -------------------
    SLICE_X17Y37         FDRE (Prop_fdre_C_Q)         0.419     5.312 r  fir_inst/last_shift_reg[17]/Q
                         net (fo=2, routed)           1.099     6.411    fir_inst/p_1_in__0[18]
    SLICE_X17Y37         LUT6 (Prop_lut6_I0_O)        0.296     6.707 r  fir_inst/mult_s0_i_24/O
                         net (fo=1, routed)           0.564     7.271    fir_inst/mult_s0_i_24_n_0
    SLICE_X18Y37         LUT5 (Prop_lut5_I3_O)        0.124     7.395 r  fir_inst/mult_s0_i_21/O
                         net (fo=33, routed)          1.230     8.625    in_fifo_inst/flush_pipeline
    SLICE_X32Y34         LUT4 (Prop_lut4_I1_O)        0.124     8.749 r  in_fifo_inst/mult_s0_i_1/O
                         net (fo=1121, routed)        2.434    11.184    fir_inst/gen_stages[3].stage_inst/gen_mac_units[0].mac_inst/p_3_in
    DSP48_X0Y32          DSP48E1                                      r  fir_inst/gen_stages[3].stage_inst/gen_mac_units[0].mac_inst/mult_s_reg/CEP
  -------------------------------------------------------------------    -------------------

                         (clock sys_clk rise edge)    8.000     8.000 r  
    U14                                               0.000     8.000 r  clk (IN)
                         net (fo=0)                   0.000     8.000    clk
    U14                  IBUF (Prop_ibuf_I_O)         0.912     8.912 r  clk_IBUF_inst/O
                         net (fo=1, routed)           1.880    10.792    clk_IBUF
    BUFGCTRL_X0Y0        BUFG (Prop_bufg_I_O)         0.091    10.883 r  clk_IBUF_BUFG_inst/O
                         net (fo=1568, routed)        1.576    12.459    fir_inst/gen_stages[3].stage_inst/gen_mac_units[0].mac_inst/clk_IBUF_BUFG
    DSP48_X0Y32          DSP48E1                                      r  fir_inst/gen_stages[3].stage_inst/gen_mac_units[0].mac_inst/mult_s_reg/CLK
                         clock pessimism              0.340    12.799    
                         clock uncertainty           -0.035    12.764    
    DSP48_X0Y32          DSP48E1 (Setup_dsp48e1_CLK_CEP)
                                                     -0.524    12.240    fir_inst/gen_stages[3].stage_inst/gen_mac_units[0].mac_inst/mult_s_reg
  -------------------------------------------------------------------
                         required time                         12.240    
                         arrival time                         -11.184    
  -------------------------------------------------------------------
                         slack                                  1.056    

Slack (MET) :             1.069ns  (required time - arrival time)
  Source:                 fir_inst/gen_stages[11].stage_inst/gen_mac_units[0].mac_inst/mult_s0/CLK
                            (rising edge-triggered cell DSP48E1 clocked by sys_clk  {rise@0.000ns fall@4.000ns period=8.000ns})
  Destination:            fir_inst/gen_stages[11].stage_inst/gen_mac_units[0].mac_inst/mult_s_reg[2]/D
                            (rising edge-triggered cell FDRE clocked by sys_clk  {rise@0.000ns fall@4.000ns period=8.000ns})
  Path Group:             sys_clk
  Path Type:              Setup (Max at Slow Process Corner)
  Requirement:            8.000ns  (sys_clk rise@8.000ns - sys_clk rise@0.000ns)
  Data Path Delay:        6.621ns  (logic 4.009ns (60.554%)  route 2.612ns (39.446%))
  Logic Levels:           0  
  Clock Path Skew:        -0.247ns (DCD - SCD + CPR)
    Destination Clock Delay (DCD):    4.380ns = ( 12.380 - 8.000 ) 
    Source Clock Delay      (SCD):    4.967ns
    Clock Pessimism Removal (CPR):    0.340ns
  Clock Uncertainty:      0.035ns  ((TSJ^2 + TIJ^2)^1/2 + DJ) / 2 + PE
    Total System Jitter     (TSJ):    0.071ns
    Total Input Jitter      (TIJ):    0.000ns
    Discrete Jitter          (DJ):    0.000ns
    Phase Error              (PE):    0.000ns

    Location             Delay type                Incr(ns)  Path(ns)    Netlist Resource(s)
  -------------------------------------------------------------------    -------------------
                         (clock sys_clk rise edge)    0.000     0.000 r  
    U14                                               0.000     0.000 r  clk (IN)
                         net (fo=0)                   0.000     0.000    clk
    U14                  IBUF (Prop_ibuf_I_O)         1.046     1.046 r  clk_IBUF_inst/O
                         net (fo=1, routed)           2.076     3.122    clk_IBUF
    BUFGCTRL_X0Y0        BUFG (Prop_bufg_I_O)         0.101     3.223 r  clk_IBUF_BUFG_inst/O
                         net (fo=1568, routed)        1.745     4.967    fir_inst/gen_stages[11].stage_inst/gen_mac_units[0].mac_inst/clk_IBUF_BUFG
    DSP48_X1Y33          DSP48E1                                      r  fir_inst/gen_stages[11].stage_inst/gen_mac_units[0].mac_inst/mult_s0/CLK
  -------------------------------------------------------------------    -------------------
    DSP48_X1Y33          DSP48E1 (Prop_dsp48e1_CLK_P[2])
                                                      4.009     8.976 r  fir_inst/gen_stages[11].stage_inst/gen_mac_units[0].mac_inst/mult_s0/P[2]
                         net (fo=1, routed)           2.612    11.588    fir_inst/gen_stages[11].stage_inst/gen_mac_units[0].mac_inst/mult_s0_n_103
    SLICE_X32Y38         FDRE                                         r  fir_inst/gen_stages[11].stage_inst/gen_mac_units[0].mac_inst/mult_s_reg[2]/D
  -------------------------------------------------------------------    -------------------

                         (clock sys_clk rise edge)    8.000     8.000 r  
    U14                                               0.000     8.000 r  clk (IN)
                         net (fo=0)                   0.000     8.000    clk
    U14                  IBUF (Prop_ibuf_I_O)         0.912     8.912 r  clk_IBUF_inst/O
                         net (fo=1, routed)           1.880    10.792    clk_IBUF
    BUFGCTRL_X0Y0        BUFG (Prop_bufg_I_O)         0.091    10.883 r  clk_IBUF_BUFG_inst/O
                         net (fo=1568, routed)        1.497    12.380    fir_inst/gen_stages[11].stage_inst/gen_mac_units[0].mac_inst/clk_IBUF_BUFG
    SLICE_X32Y38         FDRE                                         r  fir_inst/gen_stages[11].stage_inst/gen_mac_units[0].mac_inst/mult_s_reg[2]/C
                         clock pessimism              0.340    12.720    
                         clock uncertainty           -0.035    12.685    
    SLICE_X32Y38         FDRE (Setup_fdre_C_D)       -0.028    12.657    fir_inst/gen_stages[11].stage_inst/gen_mac_units[0].mac_inst/mult_s_reg[2]
  -------------------------------------------------------------------
                         required time                         12.657    
                         arrival time                         -11.588    
  -------------------------------------------------------------------
                         slack                                  1.069    

Slack (MET) :             1.111ns  (required time - arrival time)
  Source:                 fir_inst/gen_stages[11].stage_inst/gen_mac_units[0].mac_inst/mult_s0/CLK
                            (rising edge-triggered cell DSP48E1 clocked by sys_clk  {rise@0.000ns fall@4.000ns period=8.000ns})
  Destination:            fir_inst/gen_stages[11].stage_inst/gen_mac_units[0].mac_inst/mult_s_reg[0]/D
                            (rising edge-triggered cell FDRE clocked by sys_clk  {rise@0.000ns fall@4.000ns period=8.000ns})
  Path Group:             sys_clk
  Path Type:              Setup (Max at Slow Process Corner)
  Requirement:            8.000ns  (sys_clk rise@8.000ns - sys_clk rise@0.000ns)
  Data Path Delay:        6.540ns  (logic 4.009ns (61.299%)  route 2.531ns (38.701%))
  Logic Levels:           0  
  Clock Path Skew:        -0.247ns (DCD - SCD + CPR)
    Destination Clock Delay (DCD):    4.380ns = ( 12.380 - 8.000 ) 
    Source Clock Delay      (SCD):    4.967ns
    Clock Pessimism Removal (CPR):    0.340ns
  Clock Uncertainty:      0.035ns  ((TSJ^2 + TIJ^2)^1/2 + DJ) / 2 + PE
    Total System Jitter     (TSJ):    0.071ns
    Total Input Jitter      (TIJ):    0.000ns
    Discrete Jitter          (DJ):    0.000ns
    Phase Error              (PE):    0.000ns

    Location             Delay type                Incr(ns)  Path(ns)    Netlist Resource(s)
  -------------------------------------------------------------------    -------------------
                         (clock sys_clk rise edge)    0.000     0.000 r  
    U14                                               0.000     0.000 r  clk (IN)
                         net (fo=0)                   0.000     0.000    clk
    U14                  IBUF (Prop_ibuf_I_O)         1.046     1.046 r  clk_IBUF_inst/O
                         net (fo=1, routed)           2.076     3.122    clk_IBUF
    BUFGCTRL_X0Y0        BUFG (Prop_bufg_I_O)         0.101     3.223 r  clk_IBUF_BUFG_inst/O
                         net (fo=1568, routed)        1.745     4.967    fir_inst/gen_stages[11].stage_inst/gen_mac_units[0].mac_inst/clk_IBUF_BUFG
    DSP48_X1Y33          DSP48E1                                      r  fir_inst/gen_stages[11].stage_inst/gen_mac_units[0].mac_inst/mult_s0/CLK
  -------------------------------------------------------------------    -------------------
    DSP48_X1Y33          DSP48E1 (Prop_dsp48e1_CLK_P[0])
                                                      4.009     8.976 r  fir_inst/gen_stages[11].stage_inst/gen_mac_units[0].mac_inst/mult_s0/P[0]
                         net (fo=1, routed)           2.531    11.508    fir_inst/gen_stages[11].stage_inst/gen_mac_units[0].mac_inst/mult_s0_n_105
    SLICE_X33Y38         FDRE                                         r  fir_inst/gen_stages[11].stage_inst/gen_mac_units[0].mac_inst/mult_s_reg[0]/D
  -------------------------------------------------------------------    -------------------

                         (clock sys_clk rise edge)    8.000     8.000 r  
    U14                                               0.000     8.000 r  clk (IN)
                         net (fo=0)                   0.000     8.000    clk
    U14                  IBUF (Prop_ibuf_I_O)         0.912     8.912 r  clk_IBUF_inst/O
                         net (fo=1, routed)           1.880    10.792    clk_IBUF
    BUFGCTRL_X0Y0        BUFG (Prop_bufg_I_O)         0.091    10.883 r  clk_IBUF_BUFG_inst/O
                         net (fo=1568, routed)        1.497    12.380    fir_inst/gen_stages[11].stage_inst/gen_mac_units[0].mac_inst/clk_IBUF_BUFG
    SLICE_X33Y38         FDRE                                         r  fir_inst/gen_stages[11].stage_inst/gen_mac_units[0].mac_inst/mult_s_reg[0]/C
                         clock pessimism              0.340    12.720    
                         clock uncertainty           -0.035    12.685    
    SLICE_X33Y38         FDRE (Setup_fdre_C_D)       -0.067    12.618    fir_inst/gen_stages[11].stage_inst/gen_mac_units[0].mac_inst/mult_s_reg[0]
  -------------------------------------------------------------------
                         required time                         12.618    
                         arrival time                         -11.508    
  -------------------------------------------------------------------
                         slack                                  1.111    

Slack (MET) :             1.125ns  (required time - arrival time)
  Source:                 fir_inst/last_shift_reg[17]/C
                            (rising edge-triggered cell FDRE clocked by sys_clk  {rise@0.000ns fall@4.000ns period=8.000ns})
  Destination:            fir_inst/gen_stages[4].stage_inst/gen_mac_units[0].mac_inst/acc_s_reg/CEA2
                            (rising edge-triggered cell DSP48E1 clocked by sys_clk  {rise@0.000ns fall@4.000ns period=8.000ns})
  Path Group:             sys_clk
  Path Type:              Setup (Max at Slow Process Corner)
  Requirement:            8.000ns  (sys_clk rise@8.000ns - sys_clk rise@0.000ns)
  Data Path Delay:        6.246ns  (logic 0.963ns (15.417%)  route 5.283ns (84.583%))
  Logic Levels:           3  (LUT4=1 LUT5=1 LUT6=1)
  Clock Path Skew:        -0.096ns (DCD - SCD + CPR)
    Destination Clock Delay (DCD):    4.457ns = ( 12.457 - 8.000 ) 
    Source Clock Delay      (SCD):    4.893ns
    Clock Pessimism Removal (CPR):    0.340ns
  Clock Uncertainty:      0.035ns  ((TSJ^2 + TIJ^2)^1/2 + DJ) / 2 + PE
    Total System Jitter     (TSJ):    0.071ns
    Total Input Jitter      (TIJ):    0.000ns
    Discrete Jitter          (DJ):    0.000ns
    Phase Error              (PE):    0.000ns

    Location             Delay type                Incr(ns)  Path(ns)    Netlist Resource(s)
  -------------------------------------------------------------------    -------------------
                         (clock sys_clk rise edge)    0.000     0.000 r  
    U14                                               0.000     0.000 r  clk (IN)
                         net (fo=0)                   0.000     0.000    clk
    U14                  IBUF (Prop_ibuf_I_O)         1.046     1.046 r  clk_IBUF_inst/O
                         net (fo=1, routed)           2.076     3.122    clk_IBUF
    BUFGCTRL_X0Y0        BUFG (Prop_bufg_I_O)         0.101     3.223 r  clk_IBUF_BUFG_inst/O
                         net (fo=1568, routed)        1.670     4.893    fir_inst/clk_IBUF_BUFG
    SLICE_X17Y37         FDRE                                         r  fir_inst/last_shift_reg[17]/C
  -------------------------------------------------------------------    -------------------
    SLICE_X17Y37         FDRE (Prop_fdre_C_Q)         0.419     5.312 r  fir_inst/last_shift_reg[17]/Q
                         net (fo=2, routed)           1.099     6.411    fir_inst/p_1_in__0[18]
    SLICE_X17Y37         LUT6 (Prop_lut6_I0_O)        0.296     6.707 r  fir_inst/mult_s0_i_24/O
                         net (fo=1, routed)           0.564     7.271    fir_inst/mult_s0_i_24_n_0
    SLICE_X18Y37         LUT5 (Prop_lut5_I3_O)        0.124     7.395 r  fir_inst/mult_s0_i_21/O
                         net (fo=33, routed)          1.230     8.625    in_fifo_inst/flush_pipeline
    SLICE_X32Y34         LUT4 (Prop_lut4_I1_O)        0.124     8.749 r  in_fifo_inst/mult_s0_i_1/O
                         net (fo=1121, routed)        2.390    11.139    fir_inst/gen_stages[4].stage_inst/gen_mac_units[0].mac_inst/p_3_in
    DSP48_X0Y28          DSP48E1                                      r  fir_inst/gen_stages[4].stage_inst/gen_mac_units[0].mac_inst/acc_s_reg/CEA2
  -------------------------------------------------------------------    -------------------

                         (clock sys_clk rise edge)    8.000     8.000 r  
    U14                                               0.000     8.000 r  clk (IN)
                         net (fo=0)                   0.000     8.000    clk
    U14                  IBUF (Prop_ibuf_I_O)         0.912     8.912 r  clk_IBUF_inst/O
                         net (fo=1, routed)           1.880    10.792    clk_IBUF
    BUFGCTRL_X0Y0        BUFG (Prop_bufg_I_O)         0.091    10.883 r  clk_IBUF_BUFG_inst/O
                         net (fo=1568, routed)        1.574    12.457    fir_inst/gen_stages[4].stage_inst/gen_mac_units[0].mac_inst/clk_IBUF_BUFG
    DSP48_X0Y28          DSP48E1                                      r  fir_inst/gen_stages[4].stage_inst/gen_mac_units[0].mac_inst/acc_s_reg/CLK
                         clock pessimism              0.340    12.797    
                         clock uncertainty           -0.035    12.762    
    DSP48_X0Y28          DSP48E1 (Setup_dsp48e1_CLK_CEA2)
                                                     -0.497    12.265    fir_inst/gen_stages[4].stage_inst/gen_mac_units[0].mac_inst/acc_s_reg
  -------------------------------------------------------------------
                         required time                         12.265    
                         arrival time                         -11.139    
  -------------------------------------------------------------------
                         slack                                  1.125    

Slack (MET) :             1.128ns  (required time - arrival time)
  Source:                 fir_inst/last_shift_reg[17]/C
                            (rising edge-triggered cell FDRE clocked by sys_clk  {rise@0.000ns fall@4.000ns period=8.000ns})
  Destination:            fir_inst/gen_stages[3].stage_inst/gen_mac_units[0].mac_inst/acc_s_reg/CEP
                            (rising edge-triggered cell DSP48E1 clocked by sys_clk  {rise@0.000ns fall@4.000ns period=8.000ns})
  Path Group:             sys_clk
  Path Type:              Setup (Max at Slow Process Corner)
  Requirement:            8.000ns  (sys_clk rise@8.000ns - sys_clk rise@0.000ns)
  Data Path Delay:        6.219ns  (logic 0.963ns (15.485%)  route 5.256ns (84.515%))
  Logic Levels:           3  (LUT4=1 LUT5=1 LUT6=1)
  Clock Path Skew:        -0.094ns (DCD - SCD + CPR)
    Destination Clock Delay (DCD):    4.459ns = ( 12.459 - 8.000 ) 
    Source Clock Delay      (SCD):    4.893ns
    Clock Pessimism Removal (CPR):    0.340ns
  Clock Uncertainty:      0.035ns  ((TSJ^2 + TIJ^2)^1/2 + DJ) / 2 + PE
    Total System Jitter     (TSJ):    0.071ns
    Total Input Jitter      (TIJ):    0.000ns
    Discrete Jitter          (DJ):    0.000ns
    Phase Error              (PE):    0.000ns

    Location             Delay type                Incr(ns)  Path(ns)    Netlist Resource(s)
  -------------------------------------------------------------------    -------------------
                         (clock sys_clk rise edge)    0.000     0.000 r  
    U14                                               0.000     0.000 r  clk (IN)
                         net (fo=0)                   0.000     0.000    clk
    U14                  IBUF (Prop_ibuf_I_O)         1.046     1.046 r  clk_IBUF_inst/O
                         net (fo=1, routed)           2.076     3.122    clk_IBUF
    BUFGCTRL_X0Y0        BUFG (Prop_bufg_I_O)         0.101     3.223 r  clk_IBUF_BUFG_inst/O
                         net (fo=1568, routed)        1.670     4.893    fir_inst/clk_IBUF_BUFG
    SLICE_X17Y37         FDRE                                         r  fir_inst/last_shift_reg[17]/C
  -------------------------------------------------------------------    -------------------
    SLICE_X17Y37         FDRE (Prop_fdre_C_Q)         0.419     5.312 r  fir_inst/last_shift_reg[17]/Q
                         net (fo=2, routed)           1.099     6.411    fir_inst/p_1_in__0[18]
    SLICE_X17Y37         LUT6 (Prop_lut6_I0_O)        0.296     6.707 r  fir_inst/mult_s0_i_24/O
                         net (fo=1, routed)           0.564     7.271    fir_inst/mult_s0_i_24_n_0
    SLICE_X18Y37         LUT5 (Prop_lut5_I3_O)        0.124     7.395 r  fir_inst/mult_s0_i_21/O
                         net (fo=33, routed)          1.230     8.625    in_fifo_inst/flush_pipeline
    SLICE_X32Y34         LUT4 (Prop_lut4_I1_O)        0.124     8.749 r  in_fifo_inst/mult_s0_i_1/O
                         net (fo=1121, routed)        2.363    11.112    fir_inst/gen_stages[3].stage_inst/gen_mac_units[0].mac_inst/p_3_in
    DSP48_X0Y27          DSP48E1                                      r  fir_inst/gen_stages[3].stage_inst/gen_mac_units[0].mac_inst/acc_s_reg/CEP
  -------------------------------------------------------------------    -------------------

                         (clock sys_clk rise edge)    8.000     8.000 r  
    U14                                               0.000     8.000 r  clk (IN)
                         net (fo=0)                   0.000     8.000    clk
    U14                  IBUF (Prop_ibuf_I_O)         0.912     8.912 r  clk_IBUF_inst/O
                         net (fo=1, routed)           1.880    10.792    clk_IBUF
    BUFGCTRL_X0Y0        BUFG (Prop_bufg_I_O)         0.091    10.883 r  clk_IBUF_BUFG_inst/O
                         net (fo=1568, routed)        1.576    12.459    fir_inst/gen_stages[3].stage_inst/gen_mac_units[0].mac_inst/clk_IBUF_BUFG
    DSP48_X0Y27          DSP48E1                                      r  fir_inst/gen_stages[3].stage_inst/gen_mac_units[0].mac_inst/acc_s_reg/CLK
                         clock pessimism              0.340    12.799    
                         clock uncertainty           -0.035    12.764    
    DSP48_X0Y27          DSP48E1 (Setup_dsp48e1_CLK_CEP)
                                                     -0.524    12.240    fir_inst/gen_stages[3].stage_inst/gen_mac_units[0].mac_inst/acc_s_reg
  -------------------------------------------------------------------
                         required time                         12.240    
                         arrival time                         -11.112    
  -------------------------------------------------------------------
                         slack                                  1.128    

Slack (MET) :             1.131ns  (required time - arrival time)
  Source:                 fir_inst/last_shift_reg[17]/C
                            (rising edge-triggered cell FDRE clocked by sys_clk  {rise@0.000ns fall@4.000ns period=8.000ns})
  Destination:            fir_inst/gen_stages[5].stage_inst/gen_mac_units[0].mac_inst/mult_s_reg/CEP
                            (rising edge-triggered cell DSP48E1 clocked by sys_clk  {rise@0.000ns fall@4.000ns period=8.000ns})
  Path Group:             sys_clk
  Path Type:              Setup (Max at Slow Process Corner)
  Requirement:            8.000ns  (sys_clk rise@8.000ns - sys_clk rise@0.000ns)
  Data Path Delay:        6.219ns  (logic 0.963ns (15.485%)  route 5.256ns (84.515%))
  Logic Levels:           3  (LUT4=1 LUT5=1 LUT6=1)
  Clock Path Skew:        -0.091ns (DCD - SCD + CPR)
    Destination Clock Delay (DCD):    4.462ns = ( 12.462 - 8.000 ) 
    Source Clock Delay      (SCD):    4.893ns
    Clock Pessimism Removal (CPR):    0.340ns
  Clock Uncertainty:      0.035ns  ((TSJ^2 + TIJ^2)^1/2 + DJ) / 2 + PE
    Total System Jitter     (TSJ):    0.071ns
    Total Input Jitter      (TIJ):    0.000ns
    Discrete Jitter          (DJ):    0.000ns
    Phase Error              (PE):    0.000ns

    Location             Delay type                Incr(ns)  Path(ns)    Netlist Resource(s)
  -------------------------------------------------------------------    -------------------
                         (clock sys_clk rise edge)    0.000     0.000 r  
    U14                                               0.000     0.000 r  clk (IN)
                         net (fo=0)                   0.000     0.000    clk
    U14                  IBUF (Prop_ibuf_I_O)         1.046     1.046 r  clk_IBUF_inst/O
                         net (fo=1, routed)           2.076     3.122    clk_IBUF
    BUFGCTRL_X0Y0        BUFG (Prop_bufg_I_O)         0.101     3.223 r  clk_IBUF_BUFG_inst/O
                         net (fo=1568, routed)        1.670     4.893    fir_inst/clk_IBUF_BUFG
    SLICE_X17Y37         FDRE                                         r  fir_inst/last_shift_reg[17]/C
  -------------------------------------------------------------------    -------------------
    SLICE_X17Y37         FDRE (Prop_fdre_C_Q)         0.419     5.312 r  fir_inst/last_shift_reg[17]/Q
                         net (fo=2, routed)           1.099     6.411    fir_inst/p_1_in__0[18]
    SLICE_X17Y37         LUT6 (Prop_lut6_I0_O)        0.296     6.707 r  fir_inst/mult_s0_i_24/O
                         net (fo=1, routed)           0.564     7.271    fir_inst/mult_s0_i_24_n_0
    SLICE_X18Y37         LUT5 (Prop_lut5_I3_O)        0.124     7.395 r  fir_inst/mult_s0_i_21/O
                         net (fo=33, routed)          1.230     8.625    in_fifo_inst/flush_pipeline
    SLICE_X32Y34         LUT4 (Prop_lut4_I1_O)        0.124     8.749 r  in_fifo_inst/mult_s0_i_1/O
                         net (fo=1121, routed)        2.363    11.112    fir_inst/gen_stages[5].stage_inst/gen_mac_units[0].mac_inst/p_3_in
    DSP48_X0Y26          DSP48E1                                      r  fir_inst/gen_stages[5].stage_inst/gen_mac_units[0].mac_inst/mult_s_reg/CEP
  -------------------------------------------------------------------    -------------------

                         (clock sys_clk rise edge)    8.000     8.000 r  
    U14                                               0.000     8.000 r  clk (IN)
                         net (fo=0)                   0.000     8.000    clk
    U14                  IBUF (Prop_ibuf_I_O)         0.912     8.912 r  clk_IBUF_inst/O
                         net (fo=1, routed)           1.880    10.792    clk_IBUF
    BUFGCTRL_X0Y0        BUFG (Prop_bufg_I_O)         0.091    10.883 r  clk_IBUF_BUFG_inst/O
                         net (fo=1568, routed)        1.579    12.462    fir_inst/gen_stages[5].stage_inst/gen_mac_units[0].mac_inst/clk_IBUF_BUFG
    DSP48_X0Y26          DSP48E1                                      r  fir_inst/gen_stages[5].stage_inst/gen_mac_units[0].mac_inst/mult_s_reg/CLK
                         clock pessimism              0.340    12.802    
                         clock uncertainty           -0.035    12.767    
    DSP48_X0Y26          DSP48E1 (Setup_dsp48e1_CLK_CEP)
                                                     -0.524    12.243    fir_inst/gen_stages[5].stage_inst/gen_mac_units[0].mac_inst/mult_s_reg
  -------------------------------------------------------------------
                         required time                         12.243    
                         arrival time                         -11.112    
  -------------------------------------------------------------------
                         slack                                  1.131    

Slack (MET) :             1.141ns  (required time - arrival time)
  Source:                 fir_inst/gen_stages[11].stage_inst/gen_mac_units[0].mac_inst/mult_s0/CLK
                            (rising edge-triggered cell DSP48E1 clocked by sys_clk  {rise@0.000ns fall@4.000ns period=8.000ns})
  Destination:            fir_inst/gen_stages[11].stage_inst/gen_mac_units[0].mac_inst/mult_s_reg[1]/D
                            (rising edge-triggered cell FDRE clocked by sys_clk  {rise@0.000ns fall@4.000ns period=8.000ns})
  Path Group:             sys_clk
  Path Type:              Setup (Max at Slow Process Corner)
  Requirement:            8.000ns  (sys_clk rise@8.000ns - sys_clk rise@0.000ns)
  Data Path Delay:        6.532ns  (logic 4.009ns (61.377%)  route 2.523ns (38.623%))
  Logic Levels:           0  
  Clock Path Skew:        -0.247ns (DCD - SCD + CPR)
    Destination Clock Delay (DCD):    4.380ns = ( 12.380 - 8.000 ) 
    Source Clock Delay      (SCD):    4.967ns
    Clock Pessimism Removal (CPR):    0.340ns
  Clock Uncertainty:      0.035ns  ((TSJ^2 + TIJ^2)^1/2 + DJ) / 2 + PE
    Total System Jitter     (TSJ):    0.071ns
    Total Input Jitter      (TIJ):    0.000ns
    Discrete Jitter          (DJ):    0.000ns
    Phase Error              (PE):    0.000ns

    Location             Delay type                Incr(ns)  Path(ns)    Netlist Resource(s)
  -------------------------------------------------------------------    -------------------
                         (clock sys_clk rise edge)    0.000     0.000 r  
    U14                                               0.000     0.000 r  clk (IN)
                         net (fo=0)                   0.000     0.000    clk
    U14                  IBUF (Prop_ibuf_I_O)         1.046     1.046 r  clk_IBUF_inst/O
                         net (fo=1, routed)           2.076     3.122    clk_IBUF
    BUFGCTRL_X0Y0        BUFG (Prop_bufg_I_O)         0.101     3.223 r  clk_IBUF_BUFG_inst/O
                         net (fo=1568, routed)        1.745     4.967    fir_inst/gen_stages[11].stage_inst/gen_mac_units[0].mac_inst/clk_IBUF_BUFG
    DSP48_X1Y33          DSP48E1                                      r  fir_inst/gen_stages[11].stage_inst/gen_mac_units[0].mac_inst/mult_s0/CLK
  -------------------------------------------------------------------    -------------------
    DSP48_X1Y33          DSP48E1 (Prop_dsp48e1_CLK_P[1])
                                                      4.009     8.976 r  fir_inst/gen_stages[11].stage_inst/gen_mac_units[0].mac_inst/mult_s0/P[1]
                         net (fo=1, routed)           2.523    11.499    fir_inst/gen_stages[11].stage_inst/gen_mac_units[0].mac_inst/mult_s0_n_104
    SLICE_X32Y38         FDRE                                         r  fir_inst/gen_stages[11].stage_inst/gen_mac_units[0].mac_inst/mult_s_reg[1]/D
  -------------------------------------------------------------------    -------------------

                         (clock sys_clk rise edge)    8.000     8.000 r  
    U14                                               0.000     8.000 r  clk (IN)
                         net (fo=0)                   0.000     8.000    clk
    U14                  IBUF (Prop_ibuf_I_O)         0.912     8.912 r  clk_IBUF_inst/O
                         net (fo=1, routed)           1.880    10.792    clk_IBUF
    BUFGCTRL_X0Y0        BUFG (Prop_bufg_I_O)         0.091    10.883 r  clk_IBUF_BUFG_inst/O
                         net (fo=1568, routed)        1.497    12.380    fir_inst/gen_stages[11].stage_inst/gen_mac_units[0].mac_inst/clk_IBUF_BUFG
    SLICE_X32Y38         FDRE                                         r  fir_inst/gen_stages[11].stage_inst/gen_mac_units[0].mac_inst/mult_s_reg[1]/C
                         clock pessimism              0.340    12.720    
                         clock uncertainty           -0.035    12.685    
    SLICE_X32Y38         FDRE (Setup_fdre_C_D)       -0.045    12.640    fir_inst/gen_stages[11].stage_inst/gen_mac_units[0].mac_inst/mult_s_reg[1]
  -------------------------------------------------------------------
                         required time                         12.640    
                         arrival time                         -11.499    
  -------------------------------------------------------------------
                         slack                                  1.141    

Slack (MET) :             1.168ns  (required time - arrival time)
  Source:                 fir_inst/gen_stages[11].stage_inst/gen_mac_units[0].mac_inst/mult_s0/CLK
                            (rising edge-triggered cell DSP48E1 clocked by sys_clk  {rise@0.000ns fall@4.000ns period=8.000ns})
  Destination:            fir_inst/gen_stages[11].stage_inst/gen_mac_units[0].mac_inst/mult_s_reg[15]/D
                            (rising edge-triggered cell FDRE clocked by sys_clk  {rise@0.000ns fall@4.000ns period=8.000ns})
  Path Group:             sys_clk
  Path Type:              Setup (Max at Slow Process Corner)
  Requirement:            8.000ns  (sys_clk rise@8.000ns - sys_clk rise@0.000ns)
  Data Path Delay:        6.503ns  (logic 4.009ns (61.652%)  route 2.494ns (38.348%))
  Logic Levels:           0  
  Clock Path Skew:        -0.247ns (DCD - SCD + CPR)
    Destination Clock Delay (DCD):    4.380ns = ( 12.380 - 8.000 ) 
    Source Clock Delay      (SCD):    4.967ns
    Clock Pessimism Removal (CPR):    0.340ns
  Clock Uncertainty:      0.035ns  ((TSJ^2 + TIJ^2)^1/2 + DJ) / 2 + PE
    Total System Jitter     (TSJ):    0.071ns
    Total Input Jitter      (TIJ):    0.000ns
    Discrete Jitter          (DJ):    0.000ns
    Phase Error              (PE):    0.000ns

    Location             Delay type                Incr(ns)  Path(ns)    Netlist Resource(s)
  -------------------------------------------------------------------    -------------------
                         (clock sys_clk rise edge)    0.000     0.000 r  
    U14                                               0.000     0.000 r  clk (IN)
                         net (fo=0)                   0.000     0.000    clk
    U14                  IBUF (Prop_ibuf_I_O)         1.046     1.046 r  clk_IBUF_inst/O
                         net (fo=1, routed)           2.076     3.122    clk_IBUF
    BUFGCTRL_X0Y0        BUFG (Prop_bufg_I_O)         0.101     3.223 r  clk_IBUF_BUFG_inst/O
                         net (fo=1568, routed)        1.745     4.967    fir_inst/gen_stages[11].stage_inst/gen_mac_units[0].mac_inst/clk_IBUF_BUFG
    DSP48_X1Y33          DSP48E1                                      r  fir_inst/gen_stages[11].stage_inst/gen_mac_units[0].mac_inst/mult_s0/CLK
  -------------------------------------------------------------------    -------------------
    DSP48_X1Y33          DSP48E1 (Prop_dsp48e1_CLK_P[15])
                                                      4.009     8.976 r  fir_inst/gen_stages[11].stage_inst/gen_mac_units[0].mac_inst/mult_s0/P[15]
                         net (fo=1, routed)           2.494    11.470    fir_inst/gen_stages[11].stage_inst/gen_mac_units[0].mac_inst/mult_s0_n_90
    SLICE_X32Y38         FDRE                                         r  fir_inst/gen_stages[11].stage_inst/gen_mac_units[0].mac_inst/mult_s_reg[15]/D
  -------------------------------------------------------------------    -------------------

                         (clock sys_clk rise edge)    8.000     8.000 r  
    U14                                               0.000     8.000 r  clk (IN)
                         net (fo=0)                   0.000     8.000    clk
    U14                  IBUF (Prop_ibuf_I_O)         0.912     8.912 r  clk_IBUF_inst/O
                         net (fo=1, routed)           1.880    10.792    clk_IBUF
    BUFGCTRL_X0Y0        BUFG (Prop_bufg_I_O)         0.091    10.883 r  clk_IBUF_BUFG_inst/O
                         net (fo=1568, routed)        1.497    12.380    fir_inst/gen_stages[11].stage_inst/gen_mac_units[0].mac_inst/clk_IBUF_BUFG
    SLICE_X32Y38         FDRE                                         r  fir_inst/gen_stages[11].stage_inst/gen_mac_units[0].mac_inst/mult_s_reg[15]/C
                         clock pessimism              0.340    12.720    
                         clock uncertainty           -0.035    12.685    
    SLICE_X32Y38         FDRE (Setup_fdre_C_D)       -0.047    12.638    fir_inst/gen_stages[11].stage_inst/gen_mac_units[0].mac_inst/mult_s_reg[15]
  -------------------------------------------------------------------
                         required time                         12.638    
                         arrival time                         -11.470    
  -------------------------------------------------------------------
                         slack                                  1.168    

Slack (MET) :             1.174ns  (required time - arrival time)
  Source:                 fir_inst/gen_stages[11].stage_inst/gen_mac_units[0].mac_inst/mult_s0/CLK
                            (rising edge-triggered cell DSP48E1 clocked by sys_clk  {rise@0.000ns fall@4.000ns period=8.000ns})
  Destination:            fir_inst/gen_stages[11].stage_inst/gen_mac_units[0].mac_inst/mult_s_reg[6]/D
                            (rising edge-triggered cell FDRE clocked by sys_clk  {rise@0.000ns fall@4.000ns period=8.000ns})
  Path Group:             sys_clk
  Path Type:              Setup (Max at Slow Process Corner)
  Requirement:            8.000ns  (sys_clk rise@8.000ns - sys_clk rise@0.000ns)
  Data Path Delay:        6.497ns  (logic 4.009ns (61.707%)  route 2.488ns (38.293%))
  Logic Levels:           0  
  Clock Path Skew:        -0.249ns (DCD - SCD + CPR)
    Destination Clock Delay (DCD):    4.378ns = ( 12.378 - 8.000 ) 
    Source Clock Delay      (SCD):    4.967ns
    Clock Pessimism Removal (CPR):    0.340ns
  Clock Uncertainty:      0.035ns  ((TSJ^2 + TIJ^2)^1/2 + DJ) / 2 + PE
    Total System Jitter     (TSJ):    0.071ns
    Total Input Jitter      (TIJ):    0.000ns
    Discrete Jitter          (DJ):    0.000ns
    Phase Error              (PE):    0.000ns

    Location             Delay type                Incr(ns)  Path(ns)    Netlist Resource(s)
  -------------------------------------------------------------------    -------------------
                         (clock sys_clk rise edge)    0.000     0.000 r  
    U14                                               0.000     0.000 r  clk (IN)
                         net (fo=0)                   0.000     0.000    clk
    U14                  IBUF (Prop_ibuf_I_O)         1.046     1.046 r  clk_IBUF_inst/O
                         net (fo=1, routed)           2.076     3.122    clk_IBUF
    BUFGCTRL_X0Y0        BUFG (Prop_bufg_I_O)         0.101     3.223 r  clk_IBUF_BUFG_inst/O
                         net (fo=1568, routed)        1.745     4.967    fir_inst/gen_stages[11].stage_inst/gen_mac_units[0].mac_inst/clk_IBUF_BUFG
    DSP48_X1Y33          DSP48E1                                      r  fir_inst/gen_stages[11].stage_inst/gen_mac_units[0].mac_inst/mult_s0/CLK
  -------------------------------------------------------------------    -------------------
    DSP48_X1Y33          DSP48E1 (Prop_dsp48e1_CLK_P[6])
                                                      4.009     8.976 r  fir_inst/gen_stages[11].stage_inst/gen_mac_units[0].mac_inst/mult_s0/P[6]
                         net (fo=1, routed)           2.488    11.464    fir_inst/gen_stages[11].stage_inst/gen_mac_units[0].mac_inst/mult_s0_n_99
    SLICE_X32Y36         FDRE                                         r  fir_inst/gen_stages[11].stage_inst/gen_mac_units[0].mac_inst/mult_s_reg[6]/D
  -------------------------------------------------------------------    -------------------

                         (clock sys_clk rise edge)    8.000     8.000 r  
    U14                                               0.000     8.000 r  clk (IN)
                         net (fo=0)                   0.000     8.000    clk
    U14                  IBUF (Prop_ibuf_I_O)         0.912     8.912 r  clk_IBUF_inst/O
                         net (fo=1, routed)           1.880    10.792    clk_IBUF
    BUFGCTRL_X0Y0        BUFG (Prop_bufg_I_O)         0.091    10.883 r  clk_IBUF_BUFG_inst/O
                         net (fo=1568, routed)        1.495    12.378    fir_inst/gen_stages[11].stage_inst/gen_mac_units[0].mac_inst/clk_IBUF_BUFG
    SLICE_X32Y36         FDRE                                         r  fir_inst/gen_stages[11].stage_inst/gen_mac_units[0].mac_inst/mult_s_reg[6]/C
                         clock pessimism              0.340    12.718    
                         clock uncertainty           -0.035    12.683    
    SLICE_X32Y36         FDRE (Setup_fdre_C_D)       -0.045    12.638    fir_inst/gen_stages[11].stage_inst/gen_mac_units[0].mac_inst/mult_s_reg[6]
  -------------------------------------------------------------------
                         required time                         12.638    
                         arrival time                         -11.464    
  -------------------------------------------------------------------
                         slack                                  1.174    





Min Delay Paths
--------------------------------------------------------------------------------------
Slack (MET) :             0.014ns  (arrival time - required time)
  Source:                 fir_inst/sample_chain_reg[6][8]/C
                            (rising edge-triggered cell FDRE clocked by sys_clk  {rise@0.000ns fall@4.000ns period=8.000ns})
  Destination:            fir_inst/sample_chain_reg[7][8]/D
                            (rising edge-triggered cell FDRE clocked by sys_clk  {rise@0.000ns fall@4.000ns period=8.000ns})
  Path Group:             sys_clk
  Path Type:              Hold (Min at Fast Process Corner)
  Requirement:            0.000ns  (sys_clk rise@0.000ns - sys_clk rise@0.000ns)
  Data Path Delay:        0.350ns  (logic 0.141ns (40.314%)  route 0.209ns (59.686%))
  Logic Levels:           0  
  Clock Path Skew:        0.265ns (DCD - SCD - CPR)
    Destination Clock Delay (DCD):    2.007ns
    Source Clock Delay      (SCD):    1.488ns
    Clock Pessimism Removal (CPR):    0.254ns

    Location             Delay type                Incr(ns)  Path(ns)    Netlist Resource(s)
  -------------------------------------------------------------------    -------------------
                         (clock sys_clk rise edge)    0.000     0.000 r  
    U14                                               0.000     0.000 r  clk (IN)
                         net (fo=0)                   0.000     0.000    clk
    U14                  IBUF (Prop_ibuf_I_O)         0.274     0.274 r  clk_IBUF_inst/O
                         net (fo=1, routed)           0.627     0.901    clk_IBUF
    BUFGCTRL_X0Y0        BUFG (Prop_bufg_I_O)         0.026     0.927 r  clk_IBUF_BUFG_inst/O
                         net (fo=1568, routed)        0.561     1.488    fir_inst/clk_IBUF_BUFG
    SLICE_X25Y49         FDRE                                         r  fir_inst/sample_chain_reg[6][8]/C
  -------------------------------------------------------------------    -------------------
    SLICE_X25Y49         FDRE (Prop_fdre_C_Q)         0.141     1.629 r  fir_inst/sample_chain_reg[6][8]/Q
                         net (fo=2, routed)           0.209     1.837    fir_inst/sample_chain_reg_n_0_[6][8]
    SLICE_X21Y47         FDRE                                         r  fir_inst/sample_chain_reg[7][8]/D
  -------------------------------------------------------------------    -------------------

                         (clock sys_clk rise edge)    0.000     0.000 r  
    U14                                               0.000     0.000 r  clk (IN)
                         net (fo=0)                   0.000     0.000    clk
    U14                  IBUF (Prop_ibuf_I_O)         0.464     0.464 r  clk_IBUF_inst/O
                         net (fo=1, routed)           0.683     1.147    clk_IBUF
    BUFGCTRL_X0Y0        BUFG (Prop_bufg_I_O)         0.029     1.176 r  clk_IBUF_BUFG_inst/O
                         net (fo=1568, routed)        0.831     2.007    fir_inst/clk_IBUF_BUFG
    SLICE_X21Y47         FDRE                                         r  fir_inst/sample_chain_reg[7][8]/C
                         clock pessimism             -0.254     1.753    
    SLICE_X21Y47         FDRE (Hold_fdre_C_D)         0.070     1.823    fir_inst/sample_chain_reg[7][8]
  -------------------------------------------------------------------
                         required time                         -1.823    
                         arrival time                           1.837    
  -------------------------------------------------------------------
                         slack                                  0.014    

Slack (MET) :             0.047ns  (arrival time - required time)
  Source:                 fir_inst/sample_chain_reg[10][6]/C
                            (rising edge-triggered cell FDRE clocked by sys_clk  {rise@0.000ns fall@4.000ns period=8.000ns})
  Destination:            fir_inst/sample_chain_reg[11][6]/D
                            (rising edge-triggered cell FDRE clocked by sys_clk  {rise@0.000ns fall@4.000ns period=8.000ns})
  Path Group:             sys_clk
  Path Type:              Hold (Min at Fast Process Corner)
  Requirement:            0.000ns  (sys_clk rise@0.000ns - sys_clk rise@0.000ns)
  Data Path Delay:        0.376ns  (logic 0.141ns (37.479%)  route 0.235ns (62.521%))
  Logic Levels:           0  
  Clock Path Skew:        0.263ns (DCD - SCD - CPR)
    Destination Clock Delay (DCD):    1.998ns
    Source Clock Delay      (SCD):    1.481ns
    Clock Pessimism Removal (CPR):    0.254ns

    Location             Delay type                Incr(ns)  Path(ns)    Netlist Resource(s)
  -------------------------------------------------------------------    -------------------
                         (clock sys_clk rise edge)    0.000     0.000 r  
    U14                                               0.000     0.000 r  clk (IN)
                         net (fo=0)                   0.000     0.000    clk
    U14                  IBUF (Prop_ibuf_I_O)         0.274     0.274 r  clk_IBUF_inst/O
                         net (fo=1, routed)           0.627     0.901    clk_IBUF
    BUFGCTRL_X0Y0        BUFG (Prop_bufg_I_O)         0.026     0.927 r  clk_IBUF_BUFG_inst/O
                         net (fo=1568, routed)        0.554     1.481    fir_inst/clk_IBUF_BUFG
    SLICE_X22Y32         FDRE                                         r  fir_inst/sample_chain_reg[10][6]/C
  -------------------------------------------------------------------    -------------------
    SLICE_X22Y32         FDRE (Prop_fdre_C_Q)         0.141     1.622 r  fir_inst/sample_chain_reg[10][6]/Q
                         net (fo=2, routed)           0.235     1.857    fir_inst/sample_chain_reg_n_0_[10][6]
    SLICE_X17Y31         FDRE                                         r  fir_inst/sample_chain_reg[11][6]/D
  -------------------------------------------------------------------    -------------------

                         (clock sys_clk rise edge)    0.000     0.000 r  
    U14                                               0.000     0.000 r  clk (IN)
                         net (fo=0)                   0.000     0.000    clk
    U14                  IBUF (Prop_ibuf_I_O)         0.464     0.464 r  clk_IBUF_inst/O
                         net (fo=1, routed)           0.683     1.147    clk_IBUF
    BUFGCTRL_X0Y0        BUFG (Prop_bufg_I_O)         0.029     1.176 r  clk_IBUF_BUFG_inst/O
                         net (fo=1568, routed)        0.822     1.998    fir_inst/clk_IBUF_BUFG
    SLICE_X17Y31         FDRE                                         r  fir_inst/sample_chain_reg[11][6]/C
                         clock pessimism             -0.254     1.744    
    SLICE_X17Y31         FDRE (Hold_fdre_C_D)         0.066     1.810    fir_inst/sample_chain_reg[11][6]
  -------------------------------------------------------------------
                         required time                         -1.810    
                         arrival time                           1.857    
  -------------------------------------------------------------------
                         slack                                  0.047    

Slack (MET) :             0.058ns  (arrival time - required time)
  Source:                 fir_inst/sample_chain_reg[15][17]/C
                            (rising edge-triggered cell FDRE clocked by sys_clk  {rise@0.000ns fall@4.000ns period=8.000ns})
  Destination:            fir_inst/sample_chain_reg[16][17]/D
                            (rising edge-triggered cell FDRE clocked by sys_clk  {rise@0.000ns fall@4.000ns period=8.000ns})
  Path Group:             sys_clk
  Path Type:              Hold (Min at Fast Process Corner)
  Requirement:            0.000ns  (sys_clk rise@0.000ns - sys_clk rise@0.000ns)
  Data Path Delay:        0.394ns  (logic 0.141ns (35.798%)  route 0.253ns (64.202%))
  Logic Levels:           0  
  Clock Path Skew:        0.265ns (DCD - SCD - CPR)
    Destination Clock Delay (DCD):    1.998ns
    Source Clock Delay      (SCD):    1.479ns
    Clock Pessimism Removal (CPR):    0.254ns

    Location             Delay type                Incr(ns)  Path(ns)    Netlist Resource(s)
  -------------------------------------------------------------------    -------------------
                         (clock sys_clk rise edge)    0.000     0.000 r  
    U14                                               0.000     0.000 r  clk (IN)
                         net (fo=0)                   0.000     0.000    clk
    U14                  IBUF (Prop_ibuf_I_O)         0.274     0.274 r  clk_IBUF_inst/O
                         net (fo=1, routed)           0.627     0.901    clk_IBUF
    BUFGCTRL_X0Y0        BUFG (Prop_bufg_I_O)         0.026     0.927 r  clk_IBUF_BUFG_inst/O
                         net (fo=1568, routed)        0.552     1.479    fir_inst/clk_IBUF_BUFG
    SLICE_X21Y19         FDRE                                         r  fir_inst/sample_chain_reg[15][17]/C
  -------------------------------------------------------------------    -------------------
    SLICE_X21Y19         FDRE (Prop_fdre_C_Q)         0.141     1.620 r  fir_inst/sample_chain_reg[15][17]/Q
                         net (fo=2, routed)           0.253     1.873    fir_inst/sample_chain_reg_n_0_[15][17]
    SLICE_X23Y15         FDRE                                         r  fir_inst/sample_chain_reg[16][17]/D
  -------------------------------------------------------------------    -------------------

                         (clock sys_clk rise edge)    0.000     0.000 r  
    U14                                               0.000     0.000 r  clk (IN)
                         net (fo=0)                   0.000     0.000    clk
    U14                  IBUF (Prop_ibuf_I_O)         0.464     0.464 r  clk_IBUF_inst/O
                         net (fo=1, routed)           0.683     1.147    clk_IBUF
    BUFGCTRL_X0Y0        BUFG (Prop_bufg_I_O)         0.029     1.176 r  clk_IBUF_BUFG_inst/O
                         net (fo=1568, routed)        0.822     1.998    fir_inst/clk_IBUF_BUFG
    SLICE_X23Y15         FDRE                                         r  fir_inst/sample_chain_reg[16][17]/C
                         clock pessimism             -0.254     1.744    
    SLICE_X23Y15         FDRE (Hold_fdre_C_D)         0.070     1.814    fir_inst/sample_chain_reg[16][17]
  -------------------------------------------------------------------
                         required time                         -1.814    
                         arrival time                           1.873    
  -------------------------------------------------------------------
                         slack                                  0.058    

Slack (MET) :             0.060ns  (arrival time - required time)
  Source:                 fir_inst/sample_chain_reg[6][3]/C
                            (rising edge-triggered cell FDRE clocked by sys_clk  {rise@0.000ns fall@4.000ns period=8.000ns})
  Destination:            fir_inst/sample_chain_reg[7][3]/D
                            (rising edge-triggered cell FDRE clocked by sys_clk  {rise@0.000ns fall@4.000ns period=8.000ns})
  Path Group:             sys_clk
  Path Type:              Hold (Min at Fast Process Corner)
  Requirement:            0.000ns  (sys_clk rise@0.000ns - sys_clk rise@0.000ns)
  Data Path Delay:        0.396ns  (logic 0.141ns (35.641%)  route 0.255ns (64.359%))
  Logic Levels:           0  
  Clock Path Skew:        0.265ns (DCD - SCD - CPR)
    Destination Clock Delay (DCD):    2.007ns
    Source Clock Delay      (SCD):    1.488ns
    Clock Pessimism Removal (CPR):    0.254ns

    Location             Delay type                Incr(ns)  Path(ns)    Netlist Resource(s)
  -------------------------------------------------------------------    -------------------
                         (clock sys_clk rise edge)    0.000     0.000 r  
    U14                                               0.000     0.000 r  clk (IN)
                         net (fo=0)                   0.000     0.000    clk
    U14                  IBUF (Prop_ibuf_I_O)         0.274     0.274 r  clk_IBUF_inst/O
                         net (fo=1, routed)           0.627     0.901    clk_IBUF
    BUFGCTRL_X0Y0        BUFG (Prop_bufg_I_O)         0.026     0.927 r  clk_IBUF_BUFG_inst/O
                         net (fo=1568, routed)        0.561     1.488    fir_inst/clk_IBUF_BUFG
    SLICE_X22Y48         FDRE                                         r  fir_inst/sample_chain_reg[6][3]/C
  -------------------------------------------------------------------    -------------------
    SLICE_X22Y48         FDRE (Prop_fdre_C_Q)         0.141     1.629 r  fir_inst/sample_chain_reg[6][3]/Q
                         net (fo=2, routed)           0.255     1.883    fir_inst/sample_chain_reg_n_0_[6][3]
    SLICE_X19Y45         FDRE                                         r  fir_inst/sample_chain_reg[7][3]/D
  -------------------------------------------------------------------    -------------------

                         (clock sys_clk rise edge)    0.000     0.000 r  
    U14                                               0.000     0.000 r  clk (IN)
                         net (fo=0)                   0.000     0.000    clk
    U14                  IBUF (Prop_ibuf_I_O)         0.464     0.464 r  clk_IBUF_inst/O
                         net (fo=1, routed)           0.683     1.147    clk_IBUF
    BUFGCTRL_X0Y0        BUFG (Prop_bufg_I_O)         0.029     1.176 r  clk_IBUF_BUFG_inst/O
                         net (fo=1568, routed)        0.831     2.007    fir_inst/clk_IBUF_BUFG
    SLICE_X19Y45         FDRE                                         r  fir_inst/sample_chain_reg[7][3]/C
                         clock pessimism             -0.254     1.753    
    SLICE_X19Y45         FDRE (Hold_fdre_C_D)         0.070     1.823    fir_inst/sample_chain_reg[7][3]
  -------------------------------------------------------------------
                         required time                         -1.823    
                         arrival time                           1.883    
  -------------------------------------------------------------------
                         slack                                  0.060    

Slack (MET) :             0.062ns  (arrival time - required time)
  Source:                 fir_inst/sample_chain_reg[6][1]/C
                            (rising edge-triggered cell FDRE clocked by sys_clk  {rise@0.000ns fall@4.000ns period=8.000ns})
  Destination:            fir_inst/sample_chain_reg[7][1]/D
                            (rising edge-triggered cell FDRE clocked by sys_clk  {rise@0.000ns fall@4.000ns period=8.000ns})
  Path Group:             sys_clk
  Path Type:              Hold (Min at Fast Process Corner)
  Requirement:            0.000ns  (sys_clk rise@0.000ns - sys_clk rise@0.000ns)
  Data Path Delay:        0.397ns  (logic 0.141ns (35.486%)  route 0.256ns (64.514%))
  Logic Levels:           0  
  Clock Path Skew:        0.265ns (DCD - SCD - CPR)
    Destination Clock Delay (DCD):    2.007ns
    Source Clock Delay      (SCD):    1.488ns
    Clock Pessimism Removal (CPR):    0.254ns

    Location             Delay type                Incr(ns)  Path(ns)    Netlist Resource(s)
  -------------------------------------------------------------------    -------------------
                         (clock sys_clk rise edge)    0.000     0.000 r  
    U14                                               0.000     0.000 r  clk (IN)
                         net (fo=0)                   0.000     0.000    clk
    U14                  IBUF (Prop_ibuf_I_O)         0.274     0.274 r  clk_IBUF_inst/O
                         net (fo=1, routed)           0.627     0.901    clk_IBUF
    BUFGCTRL_X0Y0        BUFG (Prop_bufg_I_O)         0.026     0.927 r  clk_IBUF_BUFG_inst/O
                         net (fo=1568, routed)        0.561     1.488    fir_inst/clk_IBUF_BUFG
    SLICE_X22Y48         FDRE                                         r  fir_inst/sample_chain_reg[6][1]/C
  -------------------------------------------------------------------    -------------------
    SLICE_X22Y48         FDRE (Prop_fdre_C_Q)         0.141     1.629 r  fir_inst/sample_chain_reg[6][1]/Q
                         net (fo=2, routed)           0.256     1.885    fir_inst/sample_chain_reg_n_0_[6][1]
    SLICE_X19Y45         FDRE                                         r  fir_inst/sample_chain_reg[7][1]/D
  -------------------------------------------------------------------    -------------------

                         (clock sys_clk rise edge)    0.000     0.000 r  
    U14                                               0.000     0.000 r  clk (IN)
                         net (fo=0)                   0.000     0.000    clk
    U14                  IBUF (Prop_ibuf_I_O)         0.464     0.464 r  clk_IBUF_inst/O
                         net (fo=1, routed)           0.683     1.147    clk_IBUF
    BUFGCTRL_X0Y0        BUFG (Prop_bufg_I_O)         0.029     1.176 r  clk_IBUF_BUFG_inst/O
                         net (fo=1568, routed)        0.831     2.007    fir_inst/clk_IBUF_BUFG
    SLICE_X19Y45         FDRE                                         r  fir_inst/sample_chain_reg[7][1]/C
                         clock pessimism             -0.254     1.753    
    SLICE_X19Y45         FDRE (Hold_fdre_C_D)         0.070     1.823    fir_inst/sample_chain_reg[7][1]
  -------------------------------------------------------------------
                         required time                         -1.823    
                         arrival time                           1.885    
  -------------------------------------------------------------------
                         slack                                  0.062    

Slack (MET) :             0.065ns  (arrival time - required time)
  Source:                 fir_inst/last_shift_reg[0]/C
                            (rising edge-triggered cell FDRE clocked by sys_clk  {rise@0.000ns fall@4.000ns period=8.000ns})
  Destination:            fir_inst/last_shift_reg[1]/D
                            (rising edge-triggered cell FDRE clocked by sys_clk  {rise@0.000ns fall@4.000ns period=8.000ns})
  Path Group:             sys_clk
  Path Type:              Hold (Min at Fast Process Corner)
  Requirement:            0.000ns  (sys_clk rise@0.000ns - sys_clk rise@0.000ns)
  Data Path Delay:        0.400ns  (logic 0.164ns (40.970%)  route 0.236ns (59.030%))
  Logic Levels:           0  
  Clock Path Skew:        0.265ns (DCD - SCD - CPR)
    Destination Clock Delay (DCD):    2.003ns
    Source Clock Delay      (SCD):    1.484ns
    Clock Pessimism Removal (CPR):    0.254ns

    Location             Delay type                Incr(ns)  Path(ns)    Netlist Resource(s)
  -------------------------------------------------------------------    -------------------
                         (clock sys_clk rise edge)    0.000     0.000 r  
    U14                                               0.000     0.000 r  clk (IN)
                         net (fo=0)                   0.000     0.000    clk
    U14                  IBUF (Prop_ibuf_I_O)         0.274     0.274 r  clk_IBUF_inst/O
                         net (fo=1, routed)           0.627     0.901    clk_IBUF
    BUFGCTRL_X0Y0        BUFG (Prop_bufg_I_O)         0.026     0.927 r  clk_IBUF_BUFG_inst/O
                         net (fo=1568, routed)        0.557     1.484    fir_inst/clk_IBUF_BUFG
    SLICE_X24Y37         FDRE                                         r  fir_inst/last_shift_reg[0]/C
  -------------------------------------------------------------------    -------------------
    SLICE_X24Y37         FDRE (Prop_fdre_C_Q)         0.164     1.648 r  fir_inst/last_shift_reg[0]/Q
                         net (fo=2, routed)           0.236     1.884    fir_inst/p_1_in__0[1]
    SLICE_X19Y37         FDRE                                         r  fir_inst/last_shift_reg[1]/D
  -------------------------------------------------------------------    -------------------

                         (clock sys_clk rise edge)    0.000     0.000 r  
    U14                                               0.000     0.000 r  clk (IN)
                         net (fo=0)                   0.000     0.000    clk
    U14                  IBUF (Prop_ibuf_I_O)         0.464     0.464 r  clk_IBUF_inst/O
                         net (fo=1, routed)           0.683     1.147    clk_IBUF
    BUFGCTRL_X0Y0        BUFG (Prop_bufg_I_O)         0.029     1.176 r  clk_IBUF_BUFG_inst/O
                         net (fo=1568, routed)        0.827     2.003    fir_inst/clk_IBUF_BUFG
    SLICE_X19Y37         FDRE                                         r  fir_inst/last_shift_reg[1]/C
                         clock pessimism             -0.254     1.749    
    SLICE_X19Y37         FDRE (Hold_fdre_C_D)         0.070     1.819    fir_inst/last_shift_reg[1]
  -------------------------------------------------------------------
                         required time                         -1.819    
                         arrival time                           1.884    
  -------------------------------------------------------------------
                         slack                                  0.065    

Slack (MET) :             0.068ns  (arrival time - required time)
  Source:                 fir_inst/sample_chain_reg[5][13]/C
                            (rising edge-triggered cell FDRE clocked by sys_clk  {rise@0.000ns fall@4.000ns period=8.000ns})
  Destination:            fir_inst/sample_chain_reg[6][13]/D
                            (rising edge-triggered cell FDRE clocked by sys_clk  {rise@0.000ns fall@4.000ns period=8.000ns})
  Path Group:             sys_clk
  Path Type:              Hold (Min at Fast Process Corner)
  Requirement:            0.000ns  (sys_clk rise@0.000ns - sys_clk rise@0.000ns)
  Data Path Delay:        0.391ns  (logic 0.141ns (36.029%)  route 0.250ns (63.971%))
  Logic Levels:           0  
  Clock Path Skew:        0.271ns (DCD - SCD - CPR)
    Destination Clock Delay (DCD):    2.008ns
    Source Clock Delay      (SCD):    1.488ns
    Clock Pessimism Removal (CPR):    0.249ns

    Location             Delay type                Incr(ns)  Path(ns)    Netlist Resource(s)
  -------------------------------------------------------------------    -------------------
                         (clock sys_clk rise edge)    0.000     0.000 r  
    U14                                               0.000     0.000 r  clk (IN)
                         net (fo=0)                   0.000     0.000    clk
    U14                  IBUF (Prop_ibuf_I_O)         0.274     0.274 r  clk_IBUF_inst/O
                         net (fo=1, routed)           0.627     0.901    clk_IBUF
    BUFGCTRL_X0Y0        BUFG (Prop_bufg_I_O)         0.026     0.927 r  clk_IBUF_BUFG_inst/O
                         net (fo=1568, routed)        0.561     1.488    fir_inst/clk_IBUF_BUFG
    SLICE_X14Y53         FDRE                                         r  fir_inst/sample_chain_reg[5][13]/C
  -------------------------------------------------------------------    -------------------
    SLICE_X14Y53         FDRE (Prop_fdre_C_Q)         0.141     1.629 r  fir_inst/sample_chain_reg[5][13]/Q
                         net (fo=2, routed)           0.250     1.879    fir_inst/sample_chain_reg_n_0_[5][13]
    SLICE_X16Y49         FDRE                                         r  fir_inst/sample_chain_reg[6][13]/D
  -------------------------------------------------------------------    -------------------

                         (clock sys_clk rise edge)    0.000     0.000 r  
    U14                                               0.000     0.000 r  clk (IN)
                         net (fo=0)                   0.000     0.000    clk
    U14                  IBUF (Prop_ibuf_I_O)         0.464     0.464 r  clk_IBUF_inst/O
                         net (fo=1, routed)           0.683     1.147    clk_IBUF
    BUFGCTRL_X0Y0        BUFG (Prop_bufg_I_O)         0.029     1.176 r  clk_IBUF_BUFG_inst/O
                         net (fo=1568, routed)        0.832     2.008    fir_inst/clk_IBUF_BUFG
    SLICE_X16Y49         FDRE                                         r  fir_inst/sample_chain_reg[6][13]/C
                         clock pessimism             -0.249     1.759    
    SLICE_X16Y49         FDRE (Hold_fdre_C_D)         0.052     1.811    fir_inst/sample_chain_reg[6][13]
  -------------------------------------------------------------------
                         required time                         -1.811    
                         arrival time                           1.879    
  -------------------------------------------------------------------
                         slack                                  0.068    

Slack (MET) :             0.069ns  (arrival time - required time)
  Source:                 fir_inst/sample_chain_reg[6][10]/C
                            (rising edge-triggered cell FDRE clocked by sys_clk  {rise@0.000ns fall@4.000ns period=8.000ns})
  Destination:            fir_inst/sample_chain_reg[7][10]/D
                            (rising edge-triggered cell FDRE clocked by sys_clk  {rise@0.000ns fall@4.000ns period=8.000ns})
  Path Group:             sys_clk
  Path Type:              Hold (Min at Fast Process Corner)
  Requirement:            0.000ns  (sys_clk rise@0.000ns - sys_clk rise@0.000ns)
  Data Path Delay:        0.411ns  (logic 0.164ns (39.895%)  route 0.247ns (60.105%))
  Logic Levels:           0  
  Clock Path Skew:        0.272ns (DCD - SCD - CPR)
    Destination Clock Delay (DCD):    2.007ns
    Source Clock Delay      (SCD):    1.486ns
    Clock Pessimism Removal (CPR):    0.249ns

    Location             Delay type                Incr(ns)  Path(ns)    Netlist Resource(s)
  -------------------------------------------------------------------    -------------------
                         (clock sys_clk rise edge)    0.000     0.000 r  
    U14                                               0.000     0.000 r  clk (IN)
                         net (fo=0)                   0.000     0.000    clk
    U14                  IBUF (Prop_ibuf_I_O)         0.274     0.274 r  clk_IBUF_inst/O
                         net (fo=1, routed)           0.627     0.901    clk_IBUF
    BUFGCTRL_X0Y0        BUFG (Prop_bufg_I_O)         0.026     0.927 r  clk_IBUF_BUFG_inst/O
                         net (fo=1568, routed)        0.559     1.486    fir_inst/clk_IBUF_BUFG
    SLICE_X24Y51         FDRE                                         r  fir_inst/sample_chain_reg[6][10]/C
  -------------------------------------------------------------------    -------------------
    SLICE_X24Y51         FDRE (Prop_fdre_C_Q)         0.164     1.650 r  fir_inst/sample_chain_reg[6][10]/Q
                         net (fo=2, routed)           0.247     1.897    fir_inst/sample_chain_reg_n_0_[6][10]
    SLICE_X21Y47         FDRE                                         r  fir_inst/sample_chain_reg[7][10]/D
  -------------------------------------------------------------------    -------------------

                         (clock sys_clk rise edge)    0.000     0.000 r  
    U14                                               0.000     0.000 r  clk (IN)
                         net (fo=0)                   0.000     0.000    clk
    U14                  IBUF (Prop_ibuf_I_O)         0.464     0.464 r  clk_IBUF_inst/O
                         net (fo=1, routed)           0.683     1.147    clk_IBUF
    BUFGCTRL_X0Y0        BUFG (Prop_bufg_I_O)         0.029     1.176 r  clk_IBUF_BUFG_inst/O
                         net (fo=1568, routed)        0.831     2.007    fir_inst/clk_IBUF_BUFG
    SLICE_X21Y47         FDRE                                         r  fir_inst/sample_chain_reg[7][10]/C
                         clock pessimism             -0.249     1.758    
    SLICE_X21Y47         FDRE (Hold_fdre_C_D)         0.070     1.828    fir_inst/sample_chain_reg[7][10]
  -------------------------------------------------------------------
                         required time                         -1.828    
                         arrival time                           1.897    
  -------------------------------------------------------------------
                         slack                                  0.069    

Slack (MET) :             0.071ns  (arrival time - required time)
  Source:                 out_fifo_inst/wr_idx_reg[0]/C
                            (rising edge-triggered cell FDRE clocked by sys_clk  {rise@0.000ns fall@4.000ns period=8.000ns})
  Destination:            out_fifo_inst/fifo_data_reg_0_63_12_14/RAMA/WADR0
                            (rising edge-triggered cell RAMD64E clocked by sys_clk  {rise@0.000ns fall@4.000ns period=8.000ns})
  Path Group:             sys_clk
  Path Type:              Hold (Min at Fast Process Corner)
  Requirement:            0.000ns  (sys_clk rise@0.000ns - sys_clk rise@0.000ns)
  Data Path Delay:        0.394ns  (logic 0.141ns (35.801%)  route 0.253ns (64.199%))
  Logic Levels:           0  
  Clock Path Skew:        0.013ns (DCD - SCD - CPR)
    Destination Clock Delay (DCD):    1.998ns
    Source Clock Delay      (SCD):    1.482ns
    Clock Pessimism Removal (CPR):    0.503ns

    Location             Delay type                Incr(ns)  Path(ns)    Netlist Resource(s)
  -------------------------------------------------------------------    -------------------
                         (clock sys_clk rise edge)    0.000     0.000 r  
    U14                                               0.000     0.000 r  clk (IN)
                         net (fo=0)                   0.000     0.000    clk
    U14                  IBUF (Prop_ibuf_I_O)         0.274     0.274 r  clk_IBUF_inst/O
                         net (fo=1, routed)           0.627     0.901    clk_IBUF
    BUFGCTRL_X0Y0        BUFG (Prop_bufg_I_O)         0.026     0.927 r  clk_IBUF_BUFG_inst/O
                         net (fo=1568, routed)        0.555     1.482    out_fifo_inst/clk_IBUF_BUFG
    SLICE_X35Y19         FDRE                                         r  out_fifo_inst/wr_idx_reg[0]/C
  -------------------------------------------------------------------    -------------------
    SLICE_X35Y19         FDRE (Prop_fdre_C_Q)         0.141     1.623 r  out_fifo_inst/wr_idx_reg[0]/Q
                         net (fo=49, routed)          0.253     1.876    out_fifo_inst/fifo_data_reg_0_63_12_14/ADDRD0
    SLICE_X34Y19         RAMD64E                                      r  out_fifo_inst/fifo_data_reg_0_63_12_14/RAMA/WADR0
  -------------------------------------------------------------------    -------------------

                         (clock sys_clk rise edge)    0.000     0.000 r  
    U14                                               0.000     0.000 r  clk (IN)
                         net (fo=0)                   0.000     0.000    clk
    U14                  IBUF (Prop_ibuf_I_O)         0.464     0.464 r  clk_IBUF_inst/O
                         net (fo=1, routed)           0.683     1.147    clk_IBUF
    BUFGCTRL_X0Y0        BUFG (Prop_bufg_I_O)         0.029     1.176 r  clk_IBUF_BUFG_inst/O
                         net (fo=1568, routed)        0.822     1.998    out_fifo_inst/fifo_data_reg_0_63_12_14/WCLK
    SLICE_X34Y19         RAMD64E                                      r  out_fifo_inst/fifo_data_reg_0_63_12_14/RAMA/CLK
                         clock pessimism             -0.503     1.495    
    SLICE_X34Y19         RAMD64E (Hold_ramd64e_CLK_WADR0)
                                                      0.310     1.805    out_fifo_inst/fifo_data_reg_0_63_12_14/RAMA
  -------------------------------------------------------------------
                         required time                         -1.805    
                         arrival time                           1.876    
  -------------------------------------------------------------------
                         slack                                  0.071    

Slack (MET) :             0.071ns  (arrival time - required time)
  Source:                 out_fifo_inst/wr_idx_reg[0]/C
                            (rising edge-triggered cell FDRE clocked by sys_clk  {rise@0.000ns fall@4.000ns period=8.000ns})
  Destination:            out_fifo_inst/fifo_data_reg_0_63_12_14/RAMB/WADR0
                            (rising edge-triggered cell RAMD64E clocked by sys_clk  {rise@0.000ns fall@4.000ns period=8.000ns})
  Path Group:             sys_clk
  Path Type:              Hold (Min at Fast Process Corner)
  Requirement:            0.000ns  (sys_clk rise@0.000ns - sys_clk rise@0.000ns)
  Data Path Delay:        0.394ns  (logic 0.141ns (35.801%)  route 0.253ns (64.199%))
  Logic Levels:           0  
  Clock Path Skew:        0.013ns (DCD - SCD - CPR)
    Destination Clock Delay (DCD):    1.998ns
    Source Clock Delay      (SCD):    1.482ns
    Clock Pessimism Removal (CPR):    0.503ns

    Location             Delay type                Incr(ns)  Path(ns)    Netlist Resource(s)
  -------------------------------------------------------------------    -------------------
                         (clock sys_clk rise edge)    0.000     0.000 r  
    U14                                               0.000     0.000 r  clk (IN)
                         net (fo=0)                   0.000     0.000    clk
    U14                  IBUF (Prop_ibuf_I_O)         0.274     0.274 r  clk_IBUF_inst/O
                         net (fo=1, routed)           0.627     0.901    clk_IBUF
    BUFGCTRL_X0Y0        BUFG (Prop_bufg_I_O)         0.026     0.927 r  clk_IBUF_BUFG_inst/O
                         net (fo=1568, routed)        0.555     1.482    out_fifo_inst/clk_IBUF_BUFG
    SLICE_X35Y19         FDRE                                         r  out_fifo_inst/wr_idx_reg[0]/C
  -------------------------------------------------------------------    -------------------
    SLICE_X35Y19         FDRE (Prop_fdre_C_Q)         0.141     1.623 r  out_fifo_inst/wr_idx_reg[0]/Q
                         net (fo=49, routed)          0.253     1.876    out_fifo_inst/fifo_data_reg_0_63_12_14/ADDRD0
    SLICE_X34Y19         RAMD64E                                      r  out_fifo_inst/fifo_data_reg_0_63_12_14/RAMB/WADR0
  -------------------------------------------------------------------    -------------------

                         (clock sys_clk rise edge)    0.000     0.000 r  
    U14                                               0.000     0.000 r  clk (IN)
                         net (fo=0)                   0.000     0.000    clk
    U14                  IBUF (Prop_ibuf_I_O)         0.464     0.464 r  clk_IBUF_inst/O
                         net (fo=1, routed)           0.683     1.147    clk_IBUF
    BUFGCTRL_X0Y0        BUFG (Prop_bufg_I_O)         0.029     1.176 r  clk_IBUF_BUFG_inst/O
                         net (fo=1568, routed)        0.822     1.998    out_fifo_inst/fifo_data_reg_0_63_12_14/WCLK
    SLICE_X34Y19         RAMD64E                                      r  out_fifo_inst/fifo_data_reg_0_63_12_14/RAMB/CLK
                         clock pessimism             -0.503     1.495    
    SLICE_X34Y19         RAMD64E (Hold_ramd64e_CLK_WADR0)
                                                      0.310     1.805    out_fifo_inst/fifo_data_reg_0_63_12_14/RAMB
  -------------------------------------------------------------------
                         required time                         -1.805    
                         arrival time                           1.876    
  -------------------------------------------------------------------
                         slack                                  0.071    





Pulse Width Checks
--------------------------------------------------------------------------------------
Clock Name:         sys_clk
Waveform(ns):       { 0.000 4.000 }
Period(ns):         8.000
Sources:            { clk }

Check Type        Corner  Lib Pin      Reference Pin  Required(ns)  Actual(ns)  Slack(ns)  Location      Pin
Min Period        n/a     DSP48E1/CLK  n/a            3.884         8.000       4.116      DSP48_X1Y32   fir_inst/gen_stage_0/gen_mac_units[0].mac_inst/mult_s_reg/CLK
Min Period        n/a     DSP48E1/CLK  n/a            3.884         8.000       4.116      DSP48_X0Y17   fir_inst/gen_stages[10].stage_inst/gen_mac_units[0].mac_inst/mult_s_reg/CLK
Min Period        n/a     DSP48E1/CLK  n/a            3.884         8.000       4.116      DSP48_X1Y34   fir_inst/gen_stages[11].stage_inst/gen_mac_units[0].mac_inst/mult_s_reg/CLK
Min Period        n/a     DSP48E1/CLK  n/a            3.884         8.000       4.116      DSP48_X1Y13   fir_inst/gen_stages[12].stage_inst/gen_mac_units[0].mac_inst/mult_s_reg/CLK
Min Period        n/a     DSP48E1/CLK  n/a            3.884         8.000       4.116      DSP48_X0Y14   fir_inst/gen_stages[13].stage_inst/gen_mac_units[0].mac_inst/mult_s_reg/CLK
Min Period        n/a     DSP48E1/CLK  n/a            3.884         8.000       4.116      DSP48_X0Y11   fir_inst/gen_stages[14].stage_inst/gen_mac_units[0].mac_inst/mult_s_reg/CLK
Min Period        n/a     DSP48E1/CLK  n/a            3.884         8.000       4.116      DSP48_X0Y9    fir_inst/gen_stages[15].stage_inst/gen_mac_units[0].mac_inst/mult_s_reg/CLK
Min Period        n/a     DSP48E1/CLK  n/a            3.884         8.000       4.116      DSP48_X1Y8    fir_inst/gen_stages[16].stage_inst/gen_mac_units[0].mac_inst/mult_s_reg/CLK
Min Period        n/a     DSP48E1/CLK  n/a            3.884         8.000       4.116      DSP48_X0Y6    fir_inst/gen_stages[17].stage_inst/gen_mac_units[0].mac_inst/mult_s_reg/CLK
Min Period        n/a     DSP48E1/CLK  n/a            3.884         8.000       4.116      DSP48_X1Y6    fir_inst/gen_stages[18].stage_inst/gen_mac_units[0].mac_inst/mult_s_reg/CLK
Low Pulse Width   Slow    RAMD32/CLK   n/a            1.250         4.000       2.750      SLICE_X34Y66  in_fifo_inst/fifo_data_reg_0_1_0_5/RAMA/CLK
Low Pulse Width   Fast    RAMD32/CLK   n/a            1.250         4.000       2.750      SLICE_X34Y66  in_fifo_inst/fifo_data_reg_0_1_0_5/RAMA/CLK
Low Pulse Width   Slow    RAMD32/CLK   n/a            1.250         4.000       2.750      SLICE_X34Y66  in_fifo_inst/fifo_data_reg_0_1_0_5/RAMA_D1/CLK
Low Pulse Width   Fast    RAMD32/CLK   n/a            1.250         4.000       2.750      SLICE_X34Y66  in_fifo_inst/fifo_data_reg_0_1_0_5/RAMA_D1/CLK
Low Pulse Width   Slow    RAMD32/CLK   n/a            1.250         4.000       2.750      SLICE_X34Y66  in_fifo_inst/fifo_data_reg_0_1_0_5/RAMB/CLK
Low Pulse Width   Fast    RAMD32/CLK   n/a            1.250         4.000       2.750      SLICE_X34Y66  in_fifo_inst/fifo_data_reg_0_1_0_5/RAMB/CLK
Low Pulse Width   Slow    RAMD32/CLK   n/a            1.250         4.000       2.750      SLICE_X34Y66  in_fifo_inst/fifo_data_reg_0_1_0_5/RAMB_D1/CLK
Low Pulse Width   Fast    RAMD32/CLK   n/a            1.250         4.000       2.750      SLICE_X34Y66  in_fifo_inst/fifo_data_reg_0_1_0_5/RAMB_D1/CLK
Low Pulse Width   Slow    RAMD32/CLK   n/a            1.250         4.000       2.750      SLICE_X34Y66  in_fifo_inst/fifo_data_reg_0_1_0_5/RAMC/CLK
Low Pulse Width   Fast    RAMD32/CLK   n/a            1.250         4.000       2.750      SLICE_X34Y66  in_fifo_inst/fifo_data_reg_0_1_0_5/RAMC/CLK
High Pulse Width  Slow    RAMD32/CLK   n/a            1.250         4.000       2.750      SLICE_X34Y66  in_fifo_inst/fifo_data_reg_0_1_0_5/RAMA/CLK
High Pulse Width  Fast    RAMD32/CLK   n/a            1.250         4.000       2.750      SLICE_X34Y66  in_fifo_inst/fifo_data_reg_0_1_0_5/RAMA/CLK
High Pulse Width  Slow    RAMD32/CLK   n/a            1.250         4.000       2.750      SLICE_X34Y66  in_fifo_inst/fifo_data_reg_0_1_0_5/RAMA_D1/CLK
High Pulse Width  Fast    RAMD32/CLK   n/a            1.250         4.000       2.750      SLICE_X34Y66  in_fifo_inst/fifo_data_reg_0_1_0_5/RAMA_D1/CLK
High Pulse Width  Slow    RAMD32/CLK   n/a            1.250         4.000       2.750      SLICE_X34Y66  in_fifo_inst/fifo_data_reg_0_1_0_5/RAMB/CLK
High Pulse Width  Fast    RAMD32/CLK   n/a            1.250         4.000       2.750      SLICE_X34Y66  in_fifo_inst/fifo_data_reg_0_1_0_5/RAMB/CLK
High Pulse Width  Slow    RAMD32/CLK   n/a            1.250         4.000       2.750      SLICE_X34Y66  in_fifo_inst/fifo_data_reg_0_1_0_5/RAMB_D1/CLK
High Pulse Width  Fast    RAMD32/CLK   n/a            1.250         4.000       2.750      SLICE_X34Y66  in_fifo_inst/fifo_data_reg_0_1_0_5/RAMB_D1/CLK
High Pulse Width  Slow    RAMD32/CLK   n/a            1.250         4.000       2.750      SLICE_X34Y66  in_fifo_inst/fifo_data_reg_0_1_0_5/RAMC/CLK
High Pulse Width  Fast    RAMD32/CLK   n/a            1.250         4.000       2.750      SLICE_X34Y66  in_fifo_inst/fifo_data_reg_0_1_0_5/RAMC/CLK



--------------------------------------------------------------------------------------
Path Group:  (none)
From Clock:  sys_clk
  To Clock:  

Max Delay            27 Endpoints
Min Delay            27 Endpoints
--------------------------------------------------------------------------------------


Max Delay Paths
--------------------------------------------------------------------------------------
Slack:                    inf
  Source:                 out_fifo_inst/rd_idx_reg[0]/C
                            (rising edge-triggered cell FDRE clocked by sys_clk  {rise@0.000ns fall@4.000ns period=8.000ns})
  Destination:            out_tdata[23]
                            (output port)
  Path Group:             (none)
  Path Type:              Max at Slow Process Corner
  Data Path Delay:        9.446ns  (logic 3.267ns (34.584%)  route 6.179ns (65.416%))
  Logic Levels:           2  (OBUF=1 RAMD64E=1)
  Clock Uncertainty:      0.025ns  ((TSJ^2 + TIJ^2)^1/2 + DJ) / 2 + PE
    Total System Jitter     (TSJ):    0.050ns
    Total Input Jitter      (TIJ):    0.000ns
    Discrete Jitter          (DJ):    0.000ns
    Phase Error              (PE):    0.000ns

    Location             Delay type                Incr(ns)  Path(ns)    Netlist Resource(s)
  -------------------------------------------------------------------    -------------------
                         (clock sys_clk rise edge)    0.000     0.000 r  
    U14                                               0.000     0.000 r  clk (IN)
                         net (fo=0)                   0.000     0.000    clk
    U14                  IBUF (Prop_ibuf_I_O)         1.046     1.046 r  clk_IBUF_inst/O
                         net (fo=1, routed)           2.076     3.122    clk_IBUF
    BUFGCTRL_X0Y0        BUFG (Prop_bufg_I_O)         0.101     3.223 r  clk_IBUF_BUFG_inst/O
                         net (fo=1568, routed)        1.661     4.884    out_fifo_inst/clk_IBUF_BUFG
    SLICE_X34Y20         FDRE                                         r  out_fifo_inst/rd_idx_reg[0]/C
  -------------------------------------------------------------------    -------------------
    SLICE_X34Y20         FDRE (Prop_fdre_C_Q)         0.518     5.402 r  out_fifo_inst/rd_idx_reg[0]/Q
                         net (fo=31, routed)          1.369     6.771    out_fifo_inst/fifo_data_reg_0_63_21_23/ADDRC0
    SLICE_X34Y17         RAMD64E (Prop_ramd64e_RADR0_O)
                                                      0.124     6.895 r  out_fifo_inst/fifo_data_reg_0_63_21_23/RAMC/O
                         net (fo=1, routed)           4.811    11.705    out_tdata_OBUF[23]
    B20                  OBUF (Prop_obuf_I_O)         2.625    14.330 r  out_tdata_OBUF[23]_inst/O
                         net (fo=0)                   0.000    14.330    out_tdata[23]
    B20                                                               r  out_tdata[23] (OUT)
  -------------------------------------------------------------------    -------------------

Slack:                    inf
  Source:                 out_fifo_inst/rd_idx_reg[1]/C
                            (rising edge-triggered cell FDRE clocked by sys_clk  {rise@0.000ns fall@4.000ns period=8.000ns})
  Destination:            out_tdata[13]
                            (output port)
  Path Group:             (none)
  Path Type:              Max at Slow Process Corner
  Data Path Delay:        9.397ns  (logic 3.184ns (33.886%)  route 6.213ns (66.114%))
  Logic Levels:           2  (OBUF=1 RAMD64E=1)
  Clock Uncertainty:      0.025ns  ((TSJ^2 + TIJ^2)^1/2 + DJ) / 2 + PE
    Total System Jitter     (TSJ):    0.050ns
    Total Input Jitter      (TIJ):    0.000ns
    Discrete Jitter          (DJ):    0.000ns
    Phase Error              (PE):    0.000ns

    Location             Delay type                Incr(ns)  Path(ns)    Netlist Resource(s)
  -------------------------------------------------------------------    -------------------
                         (clock sys_clk rise edge)    0.000     0.000 r  
    U14                                               0.000     0.000 r  clk (IN)
                         net (fo=0)                   0.000     0.000    clk
    U14                  IBUF (Prop_ibuf_I_O)         1.046     1.046 r  clk_IBUF_inst/O
                         net (fo=1, routed)           2.076     3.122    clk_IBUF
    BUFGCTRL_X0Y0        BUFG (Prop_bufg_I_O)         0.101     3.223 r  clk_IBUF_BUFG_inst/O
                         net (fo=1568, routed)        1.661     4.884    out_fifo_inst/clk_IBUF_BUFG
    SLICE_X33Y20         FDRE                                         r  out_fifo_inst/rd_idx_reg[1]/C
  -------------------------------------------------------------------    -------------------
    SLICE_X33Y20         FDRE (Prop_fdre_C_Q)         0.456     5.340 r  out_fifo_inst/rd_idx_reg[1]/Q
                         net (fo=30, routed)          1.985     7.325    out_fifo_inst/fifo_data_reg_0_63_12_14/ADDRB1
    SLICE_X34Y19         RAMD64E (Prop_ramd64e_RADR1_O)
                                                      0.124     7.449 r  out_fifo_inst/fifo_data_reg_0_63_12_14/RAMB/O
                         net (fo=1, routed)           4.227    11.677    out_tdata_OBUF[13]
    F17                  OBUF (Prop_obuf_I_O)         2.604    14.281 r  out_tdata_OBUF[13]_inst/O
                         net (fo=0)                   0.000    14.281    out_tdata[13]
    F17                                                               r  out_tdata[13] (OUT)
  -------------------------------------------------------------------    -------------------

Slack:                    inf
  Source:                 out_fifo_inst/rd_idx_reg[0]/C
                            (rising edge-triggered cell FDRE clocked by sys_clk  {rise@0.000ns fall@4.000ns period=8.000ns})
  Destination:            out_tdata[22]
                            (output port)
  Path Group:             (none)
  Path Type:              Max at Slow Process Corner
  Data Path Delay:        9.221ns  (logic 3.270ns (35.463%)  route 5.951ns (64.537%))
  Logic Levels:           2  (OBUF=1 RAMD64E=1)
  Clock Uncertainty:      0.025ns  ((TSJ^2 + TIJ^2)^1/2 + DJ) / 2 + PE
    Total System Jitter     (TSJ):    0.050ns
    Total Input Jitter      (TIJ):    0.000ns
    Discrete Jitter          (DJ):    0.000ns
    Phase Error              (PE):    0.000ns

    Location             Delay type                Incr(ns)  Path(ns)    Netlist Resource(s)
  -------------------------------------------------------------------    -------------------
                         (clock sys_clk rise edge)    0.000     0.000 r  
    U14                                               0.000     0.000 r  clk (IN)
                         net (fo=0)                   0.000     0.000    clk
    U14                  IBUF (Prop_ibuf_I_O)         1.046     1.046 r  clk_IBUF_inst/O
                         net (fo=1, routed)           2.076     3.122    clk_IBUF
    BUFGCTRL_X0Y0        BUFG (Prop_bufg_I_O)         0.101     3.223 r  clk_IBUF_BUFG_inst/O
                         net (fo=1568, routed)        1.661     4.884    out_fifo_inst/clk_IBUF_BUFG
    SLICE_X34Y20         FDRE                                         r  out_fifo_inst/rd_idx_reg[0]/C
  -------------------------------------------------------------------    -------------------
    SLICE_X34Y20         FDRE (Prop_fdre_C_Q)         0.518     5.402 r  out_fifo_inst/rd_idx_reg[0]/Q
                         net (fo=31, routed)          1.393     6.795    out_fifo_inst/fifo_data_reg_0_63_21_23/ADDRB0
    SLICE_X34Y17         RAMD64E (Prop_ramd64e_RADR0_O)
                                                      0.124     6.919 r  out_fifo_inst/fifo_data_reg_0_63_21_23/RAMB/O
                         net (fo=1, routed)           4.558    11.477    out_tdata_OBUF[22]
    B19                  OBUF (Prop_obuf_I_O)         2.628    14.105 r  out_tdata_OBUF[22]_inst/O
                         net (fo=0)                   0.000    14.105    out_tdata[22]
    B19                                                               r  out_tdata[22] (OUT)
  -------------------------------------------------------------------    -------------------

Slack:                    inf
  Source:                 out_fifo_inst/rd_idx_reg[1]/C
                            (rising edge-triggered cell FDRE clocked by sys_clk  {rise@0.000ns fall@4.000ns period=8.000ns})
  Destination:            out_tdata[7]
                            (output port)
  Path Group:             (none)
  Path Type:              Max at Slow Process Corner
  Data Path Delay:        9.146ns  (logic 3.239ns (35.414%)  route 5.907ns (64.586%))
  Logic Levels:           2  (OBUF=1 RAMD64E=1)
  Clock Uncertainty:      0.025ns  ((TSJ^2 + TIJ^2)^1/2 + DJ) / 2 + PE
    Total System Jitter     (TSJ):    0.050ns
    Total Input Jitter      (TIJ):    0.000ns
    Discrete Jitter          (DJ):    0.000ns
    Phase Error              (PE):    0.000ns

    Location             Delay type                Incr(ns)  Path(ns)    Netlist Resource(s)
  -------------------------------------------------------------------    -------------------
                         (clock sys_clk rise edge)    0.000     0.000 r  
    U14                                               0.000     0.000 r  clk (IN)
                         net (fo=0)                   0.000     0.000    clk
    U14                  IBUF (Prop_ibuf_I_O)         1.046     1.046 r  clk_IBUF_inst/O
                         net (fo=1, routed)           2.076     3.122    clk_IBUF
    BUFGCTRL_X0Y0        BUFG (Prop_bufg_I_O)         0.101     3.223 r  clk_IBUF_BUFG_inst/O
                         net (fo=1568, routed)        1.661     4.884    out_fifo_inst/clk_IBUF_BUFG
    SLICE_X33Y20         FDRE                                         r  out_fifo_inst/rd_idx_reg[1]/C
  -------------------------------------------------------------------    -------------------
    SLICE_X33Y20         FDRE (Prop_fdre_C_Q)         0.456     5.340 r  out_fifo_inst/rd_idx_reg[1]/Q
                         net (fo=30, routed)          1.879     7.219    out_fifo_inst/fifo_data_reg_0_63_6_8/ADDRB1
    SLICE_X32Y19         RAMD64E (Prop_ramd64e_RADR1_O)
                                                      0.124     7.343 r  out_fifo_inst/fifo_data_reg_0_63_6_8/RAMB/O
                         net (fo=1, routed)           4.028    11.371    out_tdata_OBUF[7]
    L20                  OBUF (Prop_obuf_I_O)         2.659    14.030 r  out_tdata_OBUF[7]_inst/O
                         net (fo=0)                   0.000    14.030    out_tdata[7]
    L20                                                               r  out_tdata[7] (OUT)
  -------------------------------------------------------------------    -------------------

Slack:                    inf
  Source:                 out_fifo_inst/rd_idx_reg[1]/C
                            (rising edge-triggered cell FDRE clocked by sys_clk  {rise@0.000ns fall@4.000ns period=8.000ns})
  Destination:            out_tdata[14]
                            (output port)
  Path Group:             (none)
  Path Type:              Max at Slow Process Corner
  Data Path Delay:        9.114ns  (logic 3.187ns (34.971%)  route 5.926ns (65.029%))
  Logic Levels:           2  (OBUF=1 RAMD64E=1)
  Clock Uncertainty:      0.025ns  ((TSJ^2 + TIJ^2)^1/2 + DJ) / 2 + PE
    Total System Jitter     (TSJ):    0.050ns
    Total Input Jitter      (TIJ):    0.000ns
    Discrete Jitter          (DJ):    0.000ns
    Phase Error              (PE):    0.000ns

    Location             Delay type                Incr(ns)  Path(ns)    Netlist Resource(s)
  -------------------------------------------------------------------    -------------------
                         (clock sys_clk rise edge)    0.000     0.000 r  
    U14                                               0.000     0.000 r  clk (IN)
                         net (fo=0)                   0.000     0.000    clk
    U14                  IBUF (Prop_ibuf_I_O)         1.046     1.046 r  clk_IBUF_inst/O
                         net (fo=1, routed)           2.076     3.122    clk_IBUF
    BUFGCTRL_X0Y0        BUFG (Prop_bufg_I_O)         0.101     3.223 r  clk_IBUF_BUFG_inst/O
                         net (fo=1568, routed)        1.661     4.884    out_fifo_inst/clk_IBUF_BUFG
    SLICE_X33Y20         FDRE                                         r  out_fifo_inst/rd_idx_reg[1]/C
  -------------------------------------------------------------------    -------------------
    SLICE_X33Y20         FDRE (Prop_fdre_C_Q)         0.456     5.340 r  out_fifo_inst/rd_idx_reg[1]/Q
                         net (fo=30, routed)          1.511     6.851    out_fifo_inst/fifo_data_reg_0_63_12_14/ADDRC1
    SLICE_X34Y19         RAMD64E (Prop_ramd64e_RADR1_O)
                                                      0.124     6.975 r  out_fifo_inst/fifo_data_reg_0_63_12_14/RAMC/O
                         net (fo=1, routed)           4.415    11.390    out_tdata_OBUF[14]
    F16                  OBUF (Prop_obuf_I_O)         2.607    13.998 r  out_tdata_OBUF[14]_inst/O
                         net (fo=0)                   0.000    13.998    out_tdata[14]
    F16                                                               r  out_tdata[14] (OUT)
  -------------------------------------------------------------------    -------------------

Slack:                    inf
  Source:                 out_fifo_inst/rd_idx_reg[4]/C
                            (rising edge-triggered cell FDRE clocked by sys_clk  {rise@0.000ns fall@4.000ns period=8.000ns})
  Destination:            out_tdata[20]
                            (output port)
  Path Group:             (none)
  Path Type:              Max at Slow Process Corner
  Data Path Delay:        9.108ns  (logic 3.321ns (36.464%)  route 5.787ns (63.536%))
  Logic Levels:           2  (OBUF=1 RAMD64E=1)
  Clock Uncertainty:      0.025ns  ((TSJ^2 + TIJ^2)^1/2 + DJ) / 2 + PE
    Total System Jitter     (TSJ):    0.050ns
    Total Input Jitter      (TIJ):    0.000ns
    Discrete Jitter          (DJ):    0.000ns
    Phase Error              (PE):    0.000ns

    Location             Delay type                Incr(ns)  Path(ns)    Netlist Resource(s)
  -------------------------------------------------------------------    -------------------
                         (clock sys_clk rise edge)    0.000     0.000 r  
    U14                                               0.000     0.000 r  clk (IN)
                         net (fo=0)                   0.000     0.000    clk
    U14                  IBUF (Prop_ibuf_I_O)         1.046     1.046 r  clk_IBUF_inst/O
                         net (fo=1, routed)           2.076     3.122    clk_IBUF
    BUFGCTRL_X0Y0        BUFG (Prop_bufg_I_O)         0.101     3.223 r  clk_IBUF_BUFG_inst/O
                         net (fo=1568, routed)        1.661     4.884    out_fifo_inst/clk_IBUF_BUFG
    SLICE_X33Y20         FDRE                                         r  out_fifo_inst/rd_idx_reg[4]/C
  -------------------------------------------------------------------    -------------------
    SLICE_X33Y20         FDRE (Prop_fdre_C_Q)         0.419     5.303 r  out_fifo_inst/rd_idx_reg[4]/Q
                         net (fo=29, routed)          1.184     6.487    out_fifo_inst/fifo_data_reg_0_63_18_20/ADDRC4
    SLICE_X32Y16         RAMD64E (Prop_ramd64e_RADR4_O)
                                                      0.299     6.786 r  out_fifo_inst/fifo_data_reg_0_63_18_20/RAMC/O
                         net (fo=1, routed)           4.603    11.389    out_tdata_OBUF[20]
    E17                  OBUF (Prop_obuf_I_O)         2.603    13.992 r  out_tdata_OBUF[20]_inst/O
                         net (fo=0)                   0.000    13.992    out_tdata[20]
    E17                                                               r  out_tdata[20] (OUT)
  -------------------------------------------------------------------    -------------------

Slack:                    inf
  Source:                 out_fifo_inst/rd_idx_reg[3]/C
                            (rising edge-triggered cell FDRE clocked by sys_clk  {rise@0.000ns fall@4.000ns period=8.000ns})
  Destination:            out_tdata[11]
                            (output port)
  Path Group:             (none)
  Path Type:              Max at Slow Process Corner
  Data Path Delay:        9.035ns  (logic 3.264ns (36.126%)  route 5.771ns (63.874%))
  Logic Levels:           2  (OBUF=1 RAMD64E=1)
  Clock Uncertainty:      0.025ns  ((TSJ^2 + TIJ^2)^1/2 + DJ) / 2 + PE
    Total System Jitter     (TSJ):    0.050ns
    Total Input Jitter      (TIJ):    0.000ns
    Discrete Jitter          (DJ):    0.000ns
    Phase Error              (PE):    0.000ns

    Location             Delay type                Incr(ns)  Path(ns)    Netlist Resource(s)
  -------------------------------------------------------------------    -------------------
                         (clock sys_clk rise edge)    0.000     0.000 r  
    U14                                               0.000     0.000 r  clk (IN)
                         net (fo=0)                   0.000     0.000    clk
    U14                  IBUF (Prop_ibuf_I_O)         1.046     1.046 r  clk_IBUF_inst/O
                         net (fo=1, routed)           2.076     3.122    clk_IBUF
    BUFGCTRL_X0Y0        BUFG (Prop_bufg_I_O)         0.101     3.223 r  clk_IBUF_BUFG_inst/O
                         net (fo=1568, routed)        1.661     4.884    out_fifo_inst/clk_IBUF_BUFG
    SLICE_X33Y20         FDRE                                         r  out_fifo_inst/rd_idx_reg[3]/C
  -------------------------------------------------------------------    -------------------
    SLICE_X33Y20         FDRE (Prop_fdre_C_Q)         0.456     5.340 r  out_fifo_inst/rd_idx_reg[3]/Q
                         net (fo=29, routed)          1.407     6.747    out_fifo_inst/fifo_data_reg_0_63_9_11/ADDRC3
    SLICE_X34Y16         RAMD64E (Prop_ramd64e_RADR3_O)
                                                      0.124     6.871 r  out_fifo_inst/fifo_data_reg_0_63_9_11/RAMC/O
                         net (fo=1, routed)           4.364    11.235    out_tdata_OBUF[11]
    M20                  OBUF (Prop_obuf_I_O)         2.684    13.919 r  out_tdata_OBUF[11]_inst/O
                         net (fo=0)                   0.000    13.919    out_tdata[11]
    M20                                                               r  out_tdata[11] (OUT)
  -------------------------------------------------------------------    -------------------

Slack:                    inf
  Source:                 out_fifo_inst/rd_idx_reg[0]/C
                            (rising edge-triggered cell FDRE clocked by sys_clk  {rise@0.000ns fall@4.000ns period=8.000ns})
  Destination:            out_tdata[19]
                            (output port)
  Path Group:             (none)
  Path Type:              Max at Slow Process Corner
  Data Path Delay:        9.027ns  (logic 3.245ns (35.948%)  route 5.782ns (64.052%))
  Logic Levels:           2  (OBUF=1 RAMD64E=1)
  Clock Uncertainty:      0.025ns  ((TSJ^2 + TIJ^2)^1/2 + DJ) / 2 + PE
    Total System Jitter     (TSJ):    0.050ns
    Total Input Jitter      (TIJ):    0.000ns
    Discrete Jitter          (DJ):    0.000ns
    Phase Error              (PE):    0.000ns

    Location             Delay type                Incr(ns)  Path(ns)    Netlist Resource(s)
  -------------------------------------------------------------------    -------------------
                         (clock sys_clk rise edge)    0.000     0.000 r  
    U14                                               0.000     0.000 r  clk (IN)
                         net (fo=0)                   0.000     0.000    clk
    U14                  IBUF (Prop_ibuf_I_O)         1.046     1.046 r  clk_IBUF_inst/O
                         net (fo=1, routed)           2.076     3.122    clk_IBUF
    BUFGCTRL_X0Y0        BUFG (Prop_bufg_I_O)         0.101     3.223 r  clk_IBUF_BUFG_inst/O
                         net (fo=1568, routed)        1.661     4.884    out_fifo_inst/clk_IBUF_BUFG
    SLICE_X34Y20         FDRE                                         r  out_fifo_inst/rd_idx_reg[0]/C
  -------------------------------------------------------------------    -------------------
    SLICE_X34Y20         FDRE (Prop_fdre_C_Q)         0.518     5.402 r  out_fifo_inst/rd_idx_reg[0]/Q
                         net (fo=31, routed)          1.373     6.775    out_fifo_inst/fifo_data_reg_0_63_18_20/ADDRB0
    SLICE_X32Y16         RAMD64E (Prop_ramd64e_RADR0_O)
                                                      0.124     6.899 r  out_fifo_inst/fifo_data_reg_0_63_18_20/RAMB/O
                         net (fo=1, routed)           4.409    11.308    out_tdata_OBUF[19]
    D18                  OBUF (Prop_obuf_I_O)         2.603    13.911 r  out_tdata_OBUF[19]_inst/O
                         net (fo=0)                   0.000    13.911    out_tdata[19]
    D18                                                               r  out_tdata[19] (OUT)
  -------------------------------------------------------------------    -------------------

Slack:                    inf
  Source:                 out_fifo_inst/rd_idx_reg[1]/C
                            (rising edge-triggered cell FDRE clocked by sys_clk  {rise@0.000ns fall@4.000ns period=8.000ns})
  Destination:            out_tdata[16]
                            (output port)
  Path Group:             (none)
  Path Type:              Max at Slow Process Corner
  Data Path Delay:        9.009ns  (logic 3.189ns (35.400%)  route 5.820ns (64.600%))
  Logic Levels:           2  (OBUF=1 RAMD64E=1)
  Clock Uncertainty:      0.025ns  ((TSJ^2 + TIJ^2)^1/2 + DJ) / 2 + PE
    Total System Jitter     (TSJ):    0.050ns
    Total Input Jitter      (TIJ):    0.000ns
    Discrete Jitter          (DJ):    0.000ns
    Phase Error              (PE):    0.000ns

    Location             Delay type                Incr(ns)  Path(ns)    Netlist Resource(s)
  -------------------------------------------------------------------    -------------------
                         (clock sys_clk rise edge)    0.000     0.000 r  
    U14                                               0.000     0.000 r  clk (IN)
                         net (fo=0)                   0.000     0.000    clk
    U14                  IBUF (Prop_ibuf_I_O)         1.046     1.046 r  clk_IBUF_inst/O
                         net (fo=1, routed)           2.076     3.122    clk_IBUF
    BUFGCTRL_X0Y0        BUFG (Prop_bufg_I_O)         0.101     3.223 r  clk_IBUF_BUFG_inst/O
                         net (fo=1568, routed)        1.661     4.884    out_fifo_inst/clk_IBUF_BUFG
    SLICE_X33Y20         FDRE                                         r  out_fifo_inst/rd_idx_reg[1]/C
  -------------------------------------------------------------------    -------------------
    SLICE_X33Y20         FDRE (Prop_fdre_C_Q)         0.456     5.340 r  out_fifo_inst/rd_idx_reg[1]/Q
                         net (fo=30, routed)          1.600     6.940    out_fifo_inst/fifo_data_reg_0_63_15_17/ADDRB1
    SLICE_X34Y18         RAMD64E (Prop_ramd64e_RADR1_O)
                                                      0.124     7.064 r  out_fifo_inst/fifo_data_reg_0_63_15_17/RAMB/O
                         net (fo=1, routed)           4.220    11.284    out_tdata_OBUF[16]
    E18                  OBUF (Prop_obuf_I_O)         2.609    13.893 r  out_tdata_OBUF[16]_inst/O
                         net (fo=0)                   0.000    13.893    out_tdata[16]
    E18                                                               r  out_tdata[16] (OUT)
  -------------------------------------------------------------------    -------------------

Slack:                    inf
  Source:                 out_fifo_inst/rd_idx_reg[1]/C
                            (rising edge-triggered cell FDRE clocked by sys_clk  {rise@0.000ns fall@4.000ns period=8.000ns})
  Destination:            out_tdata[6]
                            (output port)
  Path Group:             (none)
  Path Type:              Max at Slow Process Corner
  Data Path Delay:        9.007ns  (logic 3.216ns (35.704%)  route 5.791ns (64.296%))
  Logic Levels:           2  (OBUF=1 RAMD64E=1)
  Clock Uncertainty:      0.025ns  ((TSJ^2 + TIJ^2)^1/2 + DJ) / 2 + PE
    Total System Jitter     (TSJ):    0.050ns
    Total Input Jitter      (TIJ):    0.000ns
    Discrete Jitter          (DJ):    0.000ns
    Phase Error              (PE):    0.000ns

    Location             Delay type                Incr(ns)  Path(ns)    Netlist Resource(s)
  -------------------------------------------------------------------    -------------------
                         (clock sys_clk rise edge)    0.000     0.000 r  
    U14                                               0.000     0.000 r  clk (IN)
                         net (fo=0)                   0.000     0.000    clk
    U14                  IBUF (Prop_ibuf_I_O)         1.046     1.046 r  clk_IBUF_inst/O
                         net (fo=1, routed)           2.076     3.122    clk_IBUF
    BUFGCTRL_X0Y0        BUFG (Prop_bufg_I_O)         0.101     3.223 r  clk_IBUF_BUFG_inst/O
                         net (fo=1568, routed)        1.661     4.884    out_fifo_inst/clk_IBUF_BUFG
    SLICE_X33Y20         FDRE                                         r  out_fifo_inst/rd_idx_reg[1]/C
  -------------------------------------------------------------------    -------------------
    SLICE_X33Y20         FDRE (Prop_fdre_C_Q)         0.456     5.340 r  out_fifo_inst/rd_idx_reg[1]/Q
                         net (fo=30, routed)          1.887     7.227    out_fifo_inst/fifo_data_reg_0_63_6_8/ADDRA1
    SLICE_X32Y19         RAMD64E (Prop_ramd64e_RADR1_O)
                                                      0.124     7.351 r  out_fifo_inst/fifo_data_reg_0_63_6_8/RAMA/O
                         net (fo=1, routed)           3.905    11.255    out_tdata_OBUF[6]
    K19                  OBUF (Prop_obuf_I_O)         2.636    13.891 r  out_tdata_OBUF[6]_inst/O
                         net (fo=0)                   0.000    13.891    out_tdata[6]
    K19                                                               r  out_tdata[6] (OUT)
  -------------------------------------------------------------------    -------------------





Min Delay Paths
--------------------------------------------------------------------------------------
Slack:                    inf
  Source:                 out_fifo_inst/count_reg[0]/C
                            (rising edge-triggered cell FDRE clocked by sys_clk  {rise@0.000ns fall@4.000ns period=8.000ns})
  Destination:            out_tvalid
                            (output port)
  Path Group:             (none)
  Path Type:              Min at Fast Process Corner
  Data Path Delay:        2.062ns  (logic 1.386ns (67.199%)  route 0.676ns (32.801%))
  Logic Levels:           2  (LUT6=1 OBUF=1)
  Clock Uncertainty:      0.025ns  ((TSJ^2 + TIJ^2)^1/2 + DJ) / 2 + PE
    Total System Jitter     (TSJ):    0.050ns
    Total Input Jitter      (TIJ):    0.000ns
    Discrete Jitter          (DJ):    0.000ns
    Phase Error              (PE):    0.000ns

    Location             Delay type                Incr(ns)  Path(ns)    Netlist Resource(s)
  -------------------------------------------------------------------    -------------------
                         (clock sys_clk rise edge)    0.000     0.000 r  
    U14                                               0.000     0.000 r  clk (IN)
                         net (fo=0)                   0.000     0.000    clk
    U14                  IBUF (Prop_ibuf_I_O)         0.274     0.274 r  clk_IBUF_inst/O
                         net (fo=1, routed)           0.627     0.901    clk_IBUF
    BUFGCTRL_X0Y0        BUFG (Prop_bufg_I_O)         0.026     0.927 r  clk_IBUF_BUFG_inst/O
                         net (fo=1568, routed)        0.559     1.486    out_fifo_inst/clk_IBUF_BUFG
    SLICE_X30Y36         FDRE                                         r  out_fifo_inst/count_reg[0]/C
  -------------------------------------------------------------------    -------------------
    SLICE_X30Y36         FDRE (Prop_fdre_C_Q)         0.164     1.650 r  out_fifo_inst/count_reg[0]/Q
                         net (fo=4, routed)           0.106     1.756    out_fifo_inst/count_reg_n_0_[0]
    SLICE_X31Y36         LUT6 (Prop_lut6_I3_O)        0.045     1.801 r  out_fifo_inst/out_tvalid_OBUF_inst_i_1/O
                         net (fo=3, routed)           0.570     2.371    out_tvalid_OBUF
    R14                  OBUF (Prop_obuf_I_O)         1.177     3.548 r  out_tvalid_OBUF_inst/O
                         net (fo=0)                   0.000     3.548    out_tvalid
    R14                                                               r  out_tvalid (OUT)
  -------------------------------------------------------------------    -------------------

Slack:                    inf
  Source:                 in_fifo_inst/count_reg[0]/C
                            (rising edge-triggered cell FDRE clocked by sys_clk  {rise@0.000ns fall@4.000ns period=8.000ns})
  Destination:            in_tready
                            (output port)
  Path Group:             (none)
  Path Type:              Min at Fast Process Corner
  Data Path Delay:        2.142ns  (logic 1.481ns (69.143%)  route 0.661ns (30.857%))
  Logic Levels:           2  (LUT2=1 OBUF=1)
  Clock Uncertainty:      0.025ns  ((TSJ^2 + TIJ^2)^1/2 + DJ) / 2 + PE
    Total System Jitter     (TSJ):    0.050ns
    Total Input Jitter      (TIJ):    0.000ns
    Discrete Jitter          (DJ):    0.000ns
    Phase Error              (PE):    0.000ns

    Location             Delay type                Incr(ns)  Path(ns)    Netlist Resource(s)
  -------------------------------------------------------------------    -------------------
                         (clock sys_clk rise edge)    0.000     0.000 r  
    U14                                               0.000     0.000 r  clk (IN)
                         net (fo=0)                   0.000     0.000    clk
    U14                  IBUF (Prop_ibuf_I_O)         0.274     0.274 r  clk_IBUF_inst/O
                         net (fo=1, routed)           0.627     0.901    clk_IBUF
    BUFGCTRL_X0Y0        BUFG (Prop_bufg_I_O)         0.026     0.927 r  clk_IBUF_BUFG_inst/O
                         net (fo=1568, routed)        0.559     1.486    in_fifo_inst/clk_IBUF_BUFG
    SLICE_X33Y35         FDRE                                         r  in_fifo_inst/count_reg[0]/C
  -------------------------------------------------------------------    -------------------
    SLICE_X33Y35         FDRE (Prop_fdre_C_Q)         0.141     1.627 r  in_fifo_inst/count_reg[0]/Q
                         net (fo=10, routed)          0.177     1.804    in_fifo_inst/Q[0]
    SLICE_X33Y35         LUT2 (Prop_lut2_I0_O)        0.051     1.855 r  in_fifo_inst/in_tready_OBUF_inst_i_1/O
                         net (fo=1, routed)           0.484     2.339    in_tready_OBUF
    Y17                  OBUF (Prop_obuf_I_O)         1.289     3.628 r  in_tready_OBUF_inst/O
                         net (fo=0)                   0.000     3.628    in_tready
    Y17                                                               r  in_tready (OUT)
  -------------------------------------------------------------------    -------------------

Slack:                    inf
  Source:                 out_fifo_inst/count_reg[0]/C
                            (rising edge-triggered cell FDRE clocked by sys_clk  {rise@0.000ns fall@4.000ns period=8.000ns})
  Destination:            out_tlast
                            (output port)
  Path Group:             (none)
  Path Type:              Min at Fast Process Corner
  Data Path Delay:        2.441ns  (logic 1.552ns (63.576%)  route 0.889ns (36.424%))
  Logic Levels:           3  (LUT2=1 LUT6=1 OBUF=1)
  Clock Uncertainty:      0.025ns  ((TSJ^2 + TIJ^2)^1/2 + DJ) / 2 + PE
    Total System Jitter     (TSJ):    0.050ns
    Total Input Jitter      (TIJ):    0.000ns
    Discrete Jitter          (DJ):    0.000ns
    Phase Error              (PE):    0.000ns

    Location             Delay type                Incr(ns)  Path(ns)    Netlist Resource(s)
  -------------------------------------------------------------------    -------------------
                         (clock sys_clk rise edge)    0.000     0.000 r  
    U14                                               0.000     0.000 r  clk (IN)
                         net (fo=0)                   0.000     0.000    clk
    U14                  IBUF (Prop_ibuf_I_O)         0.274     0.274 r  clk_IBUF_inst/O
                         net (fo=1, routed)           0.627     0.901    clk_IBUF
    BUFGCTRL_X0Y0        BUFG (Prop_bufg_I_O)         0.026     0.927 r  clk_IBUF_BUFG_inst/O
                         net (fo=1568, routed)        0.559     1.486    out_fifo_inst/clk_IBUF_BUFG
    SLICE_X30Y36         FDRE                                         r  out_fifo_inst/count_reg[0]/C
  -------------------------------------------------------------------    -------------------
    SLICE_X30Y36         FDRE (Prop_fdre_C_Q)         0.164     1.650 r  out_fifo_inst/count_reg[0]/Q
                         net (fo=4, routed)           0.106     1.756    out_fifo_inst/count_reg_n_0_[0]
    SLICE_X31Y36         LUT6 (Prop_lut6_I3_O)        0.045     1.801 r  out_fifo_inst/out_tvalid_OBUF_inst_i_1/O
                         net (fo=3, routed)           0.285     2.085    out_fifo_inst/out_tvalid_OBUF
    SLICE_X34Y35         LUT2 (Prop_lut2_I0_O)        0.046     2.131 r  out_fifo_inst/out_tlast_OBUF_inst_i_1/O
                         net (fo=1, routed)           0.498     2.630    out_tlast_OBUF
    Y16                  OBUF (Prop_obuf_I_O)         1.297     3.926 r  out_tlast_OBUF_inst/O
                         net (fo=0)                   0.000     3.926    out_tlast
    Y16                                                               r  out_tlast (OUT)
  -------------------------------------------------------------------    -------------------

Slack:                    inf
  Source:                 out_fifo_inst/rd_idx_reg[5]/C
                            (rising edge-triggered cell FDRE clocked by sys_clk  {rise@0.000ns fall@4.000ns period=8.000ns})
  Destination:            out_tdata[6]
                            (output port)
  Path Group:             (none)
  Path Type:              Min at Fast Process Corner
  Data Path Delay:        2.829ns  (logic 1.339ns (47.311%)  route 1.491ns (52.689%))
  Logic Levels:           2  (OBUF=1 RAMD64E=1)
  Clock Uncertainty:      0.025ns  ((TSJ^2 + TIJ^2)^1/2 + DJ) / 2 + PE
    Total System Jitter     (TSJ):    0.050ns
    Total Input Jitter      (TIJ):    0.000ns
    Discrete Jitter          (DJ):    0.000ns
    Phase Error              (PE):    0.000ns

    Location             Delay type                Incr(ns)  Path(ns)    Netlist Resource(s)
  -------------------------------------------------------------------    -------------------
                         (clock sys_clk rise edge)    0.000     0.000 r  
    U14                                               0.000     0.000 r  clk (IN)
                         net (fo=0)                   0.000     0.000    clk
    U14                  IBUF (Prop_ibuf_I_O)         0.274     0.274 r  clk_IBUF_inst/O
                         net (fo=1, routed)           0.627     0.901    clk_IBUF
    BUFGCTRL_X0Y0        BUFG (Prop_bufg_I_O)         0.026     0.927 r  clk_IBUF_BUFG_inst/O
                         net (fo=1568, routed)        0.554     1.481    out_fifo_inst/clk_IBUF_BUFG
    SLICE_X33Y20         FDRE                                         r  out_fifo_inst/rd_idx_reg[5]/C
  -------------------------------------------------------------------    -------------------
    SLICE_X33Y20         FDRE (Prop_fdre_C_Q)         0.141     1.622 r  out_fifo_inst/rd_idx_reg[5]/Q
                         net (fo=28, routed)          0.152     1.774    out_fifo_inst/fifo_data_reg_0_63_6_8/ADDRA5
    SLICE_X32Y19         RAMD64E (Prop_ramd64e_RADR5_O)
                                                      0.045     1.819 r  out_fifo_inst/fifo_data_reg_0_63_6_8/RAMA/O
                         net (fo=1, routed)           1.339     3.158    out_tdata_OBUF[6]
    K19                  OBUF (Prop_obuf_I_O)         1.153     4.310 r  out_tdata_OBUF[6]_inst/O
                         net (fo=0)                   0.000     4.310    out_tdata[6]
    K19                                                               r  out_tdata[6] (OUT)
  -------------------------------------------------------------------    -------------------

Slack:                    inf
  Source:                 out_fifo_inst/fifo_data_reg_0_63_0_2/RAMA/CLK
                            (rising edge-triggered cell RAMD64E clocked by sys_clk  {rise@0.000ns fall@4.000ns period=8.000ns})
  Destination:            out_tdata[0]
                            (output port)
  Path Group:             (none)
  Path Type:              Min at Fast Process Corner
  Data Path Delay:        2.850ns  (logic 1.600ns (56.135%)  route 1.250ns (43.865%))
  Logic Levels:           1  (OBUF=1)
  Clock Uncertainty:      0.025ns  ((TSJ^2 + TIJ^2)^1/2 + DJ) / 2 + PE
    Total System Jitter     (TSJ):    0.050ns
    Total Input Jitter      (TIJ):    0.000ns
    Discrete Jitter          (DJ):    0.000ns
    Phase Error              (PE):    0.000ns

    Location             Delay type                Incr(ns)  Path(ns)    Netlist Resource(s)
  -------------------------------------------------------------------    -------------------
                         (clock sys_clk rise edge)    0.000     0.000 r  
    U14                                               0.000     0.000 r  clk (IN)
                         net (fo=0)                   0.000     0.000    clk
    U14                  IBUF (Prop_ibuf_I_O)         0.274     0.274 r  clk_IBUF_inst/O
                         net (fo=1, routed)           0.627     0.901    clk_IBUF
    BUFGCTRL_X0Y0        BUFG (Prop_bufg_I_O)         0.026     0.927 r  clk_IBUF_BUFG_inst/O
                         net (fo=1568, routed)        0.557     1.484    out_fifo_inst/fifo_data_reg_0_63_0_2/WCLK
    SLICE_X32Y17         RAMD64E                                      r  out_fifo_inst/fifo_data_reg_0_63_0_2/RAMA/CLK
  -------------------------------------------------------------------    -------------------
    SLICE_X32Y17         RAMD64E (Prop_ramd64e_CLK_O)
                                                      0.478     1.962 r  out_fifo_inst/fifo_data_reg_0_63_0_2/RAMA/O
                         net (fo=1, routed)           1.250     3.212    out_tdata_OBUF[0]
    H16                  OBUF (Prop_obuf_I_O)         1.122     4.334 r  out_tdata_OBUF[0]_inst/O
                         net (fo=0)                   0.000     4.334    out_tdata[0]
    H16                                                               r  out_tdata[0] (OUT)
  -------------------------------------------------------------------    -------------------

Slack:                    inf
  Source:                 out_fifo_inst/fifo_data_reg_0_63_3_5/RAMB/CLK
                            (rising edge-triggered cell RAMD64E clocked by sys_clk  {rise@0.000ns fall@4.000ns period=8.000ns})
  Destination:            out_tdata[4]
                            (output port)
  Path Group:             (none)
  Path Type:              Min at Fast Process Corner
  Data Path Delay:        2.885ns  (logic 1.544ns (53.516%)  route 1.341ns (46.484%))
  Logic Levels:           1  (OBUF=1)
  Clock Uncertainty:      0.025ns  ((TSJ^2 + TIJ^2)^1/2 + DJ) / 2 + PE
    Total System Jitter     (TSJ):    0.050ns
    Total Input Jitter      (TIJ):    0.000ns
    Discrete Jitter          (DJ):    0.000ns
    Phase Error              (PE):    0.000ns

    Location             Delay type                Incr(ns)  Path(ns)    Netlist Resource(s)
  -------------------------------------------------------------------    -------------------
                         (clock sys_clk rise edge)    0.000     0.000 r  
    U14                                               0.000     0.000 r  clk (IN)
                         net (fo=0)                   0.000     0.000    clk
    U14                  IBUF (Prop_ibuf_I_O)         0.274     0.274 r  clk_IBUF_inst/O
                         net (fo=1, routed)           0.627     0.901    clk_IBUF
    BUFGCTRL_X0Y0        BUFG (Prop_bufg_I_O)         0.026     0.927 r  clk_IBUF_BUFG_inst/O
                         net (fo=1568, routed)        0.556     1.483    out_fifo_inst/fifo_data_reg_0_63_3_5/WCLK
    SLICE_X32Y18         RAMD64E                                      r  out_fifo_inst/fifo_data_reg_0_63_3_5/RAMB/CLK
  -------------------------------------------------------------------    -------------------
    SLICE_X32Y18         RAMD64E (Prop_ramd64e_CLK_O)
                                                      0.388     1.871 r  out_fifo_inst/fifo_data_reg_0_63_3_5/RAMB/O
                         net (fo=1, routed)           1.341     3.212    out_tdata_OBUF[4]
    L16                  OBUF (Prop_obuf_I_O)         1.156     4.368 r  out_tdata_OBUF[4]_inst/O
                         net (fo=0)                   0.000     4.368    out_tdata[4]
    L16                                                               r  out_tdata[4] (OUT)
  -------------------------------------------------------------------    -------------------

Slack:                    inf
  Source:                 out_fifo_inst/fifo_data_reg_0_63_0_2/RAMB/CLK
                            (rising edge-triggered cell RAMD64E clocked by sys_clk  {rise@0.000ns fall@4.000ns period=8.000ns})
  Destination:            out_tdata[1]
                            (output port)
  Path Group:             (none)
  Path Type:              Min at Fast Process Corner
  Data Path Delay:        2.888ns  (logic 1.541ns (53.378%)  route 1.346ns (46.622%))
  Logic Levels:           1  (OBUF=1)
  Clock Uncertainty:      0.025ns  ((TSJ^2 + TIJ^2)^1/2 + DJ) / 2 + PE
    Total System Jitter     (TSJ):    0.050ns
    Total Input Jitter      (TIJ):    0.000ns
    Discrete Jitter          (DJ):    0.000ns
    Phase Error              (PE):    0.000ns

    Location             Delay type                Incr(ns)  Path(ns)    Netlist Resource(s)
  -------------------------------------------------------------------    -------------------
                         (clock sys_clk rise edge)    0.000     0.000 r  
    U14                                               0.000     0.000 r  clk (IN)
                         net (fo=0)                   0.000     0.000    clk
    U14                  IBUF (Prop_ibuf_I_O)         0.274     0.274 r  clk_IBUF_inst/O
                         net (fo=1, routed)           0.627     0.901    clk_IBUF
    BUFGCTRL_X0Y0        BUFG (Prop_bufg_I_O)         0.026     0.927 r  clk_IBUF_BUFG_inst/O
                         net (fo=1568, routed)        0.557     1.484    out_fifo_inst/fifo_data_reg_0_63_0_2/WCLK
    SLICE_X32Y17         RAMD64E                                      r  out_fifo_inst/fifo_data_reg_0_63_0_2/RAMB/CLK
  -------------------------------------------------------------------    -------------------
    SLICE_X32Y17         RAMD64E (Prop_ramd64e_CLK_O)
                                                      0.388     1.872 r  out_fifo_inst/fifo_data_reg_0_63_0_2/RAMB/O
                         net (fo=1, routed)           1.346     3.218    out_tdata_OBUF[1]
    K18                  OBUF (Prop_obuf_I_O)         1.153     4.371 r  out_tdata_OBUF[1]_inst/O
                         net (fo=0)                   0.000     4.371    out_tdata[1]
    K18                                                               r  out_tdata[1] (OUT)
  -------------------------------------------------------------------    -------------------

Slack:                    inf
  Source:                 out_fifo_inst/fifo_data_reg_0_63_21_23/RAMA/CLK
                            (rising edge-triggered cell RAMD64E clocked by sys_clk  {rise@0.000ns fall@4.000ns period=8.000ns})
  Destination:            out_tdata[21]
                            (output port)
  Path Group:             (none)
  Path Type:              Min at Fast Process Corner
  Data Path Delay:        2.889ns  (logic 1.626ns (56.297%)  route 1.262ns (43.703%))
  Logic Levels:           1  (OBUF=1)
  Clock Uncertainty:      0.025ns  ((TSJ^2 + TIJ^2)^1/2 + DJ) / 2 + PE
    Total System Jitter     (TSJ):    0.050ns
    Total Input Jitter      (TIJ):    0.000ns
    Discrete Jitter          (DJ):    0.000ns
    Phase Error              (PE):    0.000ns

    Location             Delay type                Incr(ns)  Path(ns)    Netlist Resource(s)
  -------------------------------------------------------------------    -------------------
                         (clock sys_clk rise edge)    0.000     0.000 r  
    U14                                               0.000     0.000 r  clk (IN)
                         net (fo=0)                   0.000     0.000    clk
    U14                  IBUF (Prop_ibuf_I_O)         0.274     0.274 r  clk_IBUF_inst/O
                         net (fo=1, routed)           0.627     0.901    clk_IBUF
    BUFGCTRL_X0Y0        BUFG (Prop_bufg_I_O)         0.026     0.927 r  clk_IBUF_BUFG_inst/O
                         net (fo=1568, routed)        0.557     1.484    out_fifo_inst/fifo_data_reg_0_63_21_23/WCLK
    SLICE_X34Y17         RAMD64E                                      r  out_fifo_inst/fifo_data_reg_0_63_21_23/RAMA/CLK
  -------------------------------------------------------------------    -------------------
    SLICE_X34Y17         RAMD64E (Prop_ramd64e_CLK_O)
                                                      0.478     1.962 r  out_fifo_inst/fifo_data_reg_0_63_21_23/RAMA/O
                         net (fo=1, routed)           1.262     3.224    out_tdata_OBUF[21]
    A20                  OBUF (Prop_obuf_I_O)         1.148     4.373 r  out_tdata_OBUF[21]_inst/O
                         net (fo=0)                   0.000     4.373    out_tdata[21]
    A20                                                               r  out_tdata[21] (OUT)
  -------------------------------------------------------------------    -------------------

Slack:                    inf
  Source:                 out_fifo_inst/rd_idx_reg[5]/C
                            (rising edge-triggered cell FDRE clocked by sys_clk  {rise@0.000ns fall@4.000ns period=8.000ns})
  Destination:            out_tdata[15]
                            (output port)
  Path Group:             (none)
  Path Type:              Min at Fast Process Corner
  Data Path Delay:        2.897ns  (logic 1.326ns (45.782%)  route 1.571ns (54.218%))
  Logic Levels:           2  (OBUF=1 RAMD64E=1)
  Clock Uncertainty:      0.025ns  ((TSJ^2 + TIJ^2)^1/2 + DJ) / 2 + PE
    Total System Jitter     (TSJ):    0.050ns
    Total Input Jitter      (TIJ):    0.000ns
    Discrete Jitter          (DJ):    0.000ns
    Phase Error              (PE):    0.000ns

    Location             Delay type                Incr(ns)  Path(ns)    Netlist Resource(s)
  -------------------------------------------------------------------    -------------------
                         (clock sys_clk rise edge)    0.000     0.000 r  
    U14                                               0.000     0.000 r  clk (IN)
                         net (fo=0)                   0.000     0.000    clk
    U14                  IBUF (Prop_ibuf_I_O)         0.274     0.274 r  clk_IBUF_inst/O
                         net (fo=1, routed)           0.627     0.901    clk_IBUF
    BUFGCTRL_X0Y0        BUFG (Prop_bufg_I_O)         0.026     0.927 r  clk_IBUF_BUFG_inst/O
                         net (fo=1568, routed)        0.554     1.481    out_fifo_inst/clk_IBUF_BUFG
    SLICE_X33Y20         FDRE                                         r  out_fifo_inst/rd_idx_reg[5]/C
  -------------------------------------------------------------------    -------------------
    SLICE_X33Y20         FDRE (Prop_fdre_C_Q)         0.141     1.622 r  out_fifo_inst/rd_idx_reg[5]/Q
                         net (fo=28, routed)          0.246     1.868    out_fifo_inst/fifo_data_reg_0_63_15_17/ADDRA5
    SLICE_X34Y18         RAMD64E (Prop_ramd64e_RADR5_O)
                                                      0.045     1.913 r  out_fifo_inst/fifo_data_reg_0_63_15_17/RAMA/O
                         net (fo=1, routed)           1.325     3.237    out_tdata_OBUF[15]
    E19                  OBUF (Prop_obuf_I_O)         1.140     4.377 r  out_tdata_OBUF[15]_inst/O
                         net (fo=0)                   0.000     4.377    out_tdata[15]
    E19                                                               r  out_tdata[15] (OUT)
  -------------------------------------------------------------------    -------------------

Slack:                    inf
  Source:                 out_fifo_inst/fifo_data_reg_0_63_0_2/RAMC/CLK
                            (rising edge-triggered cell RAMD64E clocked by sys_clk  {rise@0.000ns fall@4.000ns period=8.000ns})
  Destination:            out_tdata[2]
                            (output port)
  Path Group:             (none)
  Path Type:              Min at Fast Process Corner
  Data Path Delay:        2.906ns  (logic 1.542ns (53.078%)  route 1.363ns (46.922%))
  Logic Levels:           1  (OBUF=1)
  Clock Uncertainty:      0.025ns  ((TSJ^2 + TIJ^2)^1/2 + DJ) / 2 + PE
    Total System Jitter     (TSJ):    0.050ns
    Total Input Jitter      (TIJ):    0.000ns
    Discrete Jitter          (DJ):    0.000ns
    Phase Error              (PE):    0.000ns

    Location             Delay type                Incr(ns)  Path(ns)    Netlist Resource(s)
  -------------------------------------------------------------------    -------------------
                         (clock sys_clk rise edge)    0.000     0.000 r  
    U14                                               0.000     0.000 r  clk (IN)
                         net (fo=0)                   0.000     0.000    clk
    U14                  IBUF (Prop_ibuf_I_O)         0.274     0.274 r  clk_IBUF_inst/O
                         net (fo=1, routed)           0.627     0.901    clk_IBUF
    BUFGCTRL_X0Y0        BUFG (Prop_bufg_I_O)         0.026     0.927 r  clk_IBUF_BUFG_inst/O
                         net (fo=1568, routed)        0.557     1.484    out_fifo_inst/fifo_data_reg_0_63_0_2/WCLK
    SLICE_X32Y17         RAMD64E                                      r  out_fifo_inst/fifo_data_reg_0_63_0_2/RAMC/CLK
  -------------------------------------------------------------------    -------------------
    SLICE_X32Y17         RAMD64E (Prop_ramd64e_CLK_O)
                                                      0.386     1.870 r  out_fifo_inst/fifo_data_reg_0_63_0_2/RAMC/O
                         net (fo=1, routed)           1.363     3.233    out_tdata_OBUF[2]
    K17                  OBUF (Prop_obuf_I_O)         1.156     4.389 r  out_tdata_OBUF[2]_inst/O
                         net (fo=0)                   0.000     4.389    out_tdata[2]
    K17                                                               r  out_tdata[2] (OUT)
  -------------------------------------------------------------------    -------------------





--------------------------------------------------------------------------------------
Path Group:  (none)
From Clock:  
  To Clock:  sys_clk

Max Delay          2218 Endpoints
Min Delay          2218 Endpoints
--------------------------------------------------------------------------------------


Max Delay Paths
--------------------------------------------------------------------------------------
Slack:                    inf
  Source:                 coef_i[5]
                            (input port)
  Destination:            coeffs_reg[3][5]/D
                            (rising edge-triggered cell FDRE clocked by sys_clk  {rise@0.000ns fall@4.000ns period=8.000ns})
  Path Group:             (none)
  Path Type:              Setup (Max at Slow Process Corner)
  Data Path Delay:        11.083ns  (logic 0.956ns (8.630%)  route 10.126ns (91.370%))
  Logic Levels:           1  (IBUF=1)
  Clock Path Skew:        4.387ns (DCD - SCD + CPR)
    Destination Clock Delay (DCD):    4.387ns
    Source Clock Delay      (SCD):    0.000ns
    Clock Pessimism Removal (CPR):    0.000ns
  Clock Uncertainty:      0.025ns  ((TSJ^2 + TIJ^2)^1/2 + DJ) / 2 + PE
    Total System Jitter     (TSJ):    0.050ns
    Total Input Jitter      (TIJ):    0.000ns
    Discrete Jitter          (DJ):    0.000ns
    Phase Error              (PE):    0.000ns

    Location             Delay type                Incr(ns)  Path(ns)    Netlist Resource(s)
  -------------------------------------------------------------------    -------------------
    W19                                               0.000     0.000 r  coef_i[5] (IN)
                         net (fo=0)                   0.000     0.000    coef_i[5]
    W19                  IBUF (Prop_ibuf_I_O)         0.956     0.956 r  coef_i_IBUF[5]_inst/O
                         net (fo=21, routed)         10.126    11.083    coef_i_IBUF[5]
    SLICE_X10Y11         FDRE                                         r  coeffs_reg[3][5]/D
  -------------------------------------------------------------------    -------------------

                         (clock sys_clk rise edge)    0.000     0.000 r  
    U14                                               0.000     0.000 r  clk (IN)
                         net (fo=0)                   0.000     0.000    clk
    U14                  IBUF (Prop_ibuf_I_O)         0.912     0.912 r  clk_IBUF_inst/O
                         net (fo=1, routed)           1.880     2.792    clk_IBUF
    BUFGCTRL_X0Y0        BUFG (Prop_bufg_I_O)         0.091     2.883 r  clk_IBUF_BUFG_inst/O
                         net (fo=1568, routed)        1.504     4.387    clk_IBUF_BUFG
    SLICE_X10Y11         FDRE                                         r  coeffs_reg[3][5]/C

Slack:                    inf
  Source:                 reset
                            (input port)
  Destination:            fir_inst/gen_stages[11].stage_inst/gen_mac_units[0].mac_inst/mult_s_reg/RSTB
                            (rising edge-triggered cell DSP48E1 clocked by sys_clk  {rise@0.000ns fall@4.000ns period=8.000ns})
  Path Group:             (none)
  Path Type:              Setup (Max at Slow Process Corner)
  Data Path Delay:        10.851ns  (logic 1.220ns (11.246%)  route 9.631ns (88.754%))
  Logic Levels:           2  (IBUF=1 LUT1=1)
  Clock Path Skew:        4.457ns (DCD - SCD + CPR)
    Destination Clock Delay (DCD):    4.457ns
    Source Clock Delay      (SCD):    0.000ns
    Clock Pessimism Removal (CPR):    0.000ns
  Clock Uncertainty:      0.025ns  ((TSJ^2 + TIJ^2)^1/2 + DJ) / 2 + PE
    Total System Jitter     (TSJ):    0.050ns
    Total Input Jitter      (TIJ):    0.000ns
    Discrete Jitter          (DJ):    0.000ns
    Phase Error              (PE):    0.000ns

    Location             Delay type                Incr(ns)  Path(ns)    Netlist Resource(s)
  -------------------------------------------------------------------    -------------------
    Y14                                               0.000     0.000 f  reset (IN)
                         net (fo=0)                   0.000     0.000    reset
    Y14                  IBUF (Prop_ibuf_I_O)         1.070     1.070 f  reset_IBUF_inst/O
                         net (fo=3, routed)           1.517     2.587    fir_inst/gen_stages[18].stage_inst/gen_mac_units[0].mac_inst/reset_IBUF
    SLICE_X33Y34         LUT1 (Prop_lut1_I0_O)        0.150     2.737 r  fir_inst/gen_stages[18].stage_inst/gen_mac_units[0].mac_inst/mult_s0_i_2/O
                         net (fo=1101, routed)        8.114    10.851    fir_inst/gen_stages[11].stage_inst/gen_mac_units[0].mac_inst/SR[0]
    DSP48_X1Y34          DSP48E1                                      r  fir_inst/gen_stages[11].stage_inst/gen_mac_units[0].mac_inst/mult_s_reg/RSTB
  -------------------------------------------------------------------    -------------------

                         (clock sys_clk rise edge)    0.000     0.000 r  
    U14                                               0.000     0.000 r  clk (IN)
                         net (fo=0)                   0.000     0.000    clk
    U14                  IBUF (Prop_ibuf_I_O)         0.912     0.912 r  clk_IBUF_inst/O
                         net (fo=1, routed)           1.880     2.792    clk_IBUF
    BUFGCTRL_X0Y0        BUFG (Prop_bufg_I_O)         0.091     2.883 r  clk_IBUF_BUFG_inst/O
                         net (fo=1568, routed)        1.574     4.457    fir_inst/gen_stages[11].stage_inst/gen_mac_units[0].mac_inst/clk_IBUF_BUFG
    DSP48_X1Y34          DSP48E1                                      r  fir_inst/gen_stages[11].stage_inst/gen_mac_units[0].mac_inst/mult_s_reg/CLK

Slack:                    inf
  Source:                 reset
                            (input port)
  Destination:            fir_inst/gen_stages[11].stage_inst/gen_mac_units[0].mac_inst/mult_s_reg/RSTA
                            (rising edge-triggered cell DSP48E1 clocked by sys_clk  {rise@0.000ns fall@4.000ns period=8.000ns})
  Path Group:             (none)
  Path Type:              Setup (Max at Slow Process Corner)
  Data Path Delay:        10.572ns  (logic 1.220ns (11.544%)  route 9.351ns (88.456%))
  Logic Levels:           2  (IBUF=1 LUT1=1)
  Clock Path Skew:        4.457ns (DCD - SCD + CPR)
    Destination Clock Delay (DCD):    4.457ns
    Source Clock Delay      (SCD):    0.000ns
    Clock Pessimism Removal (CPR):    0.000ns
  Clock Uncertainty:      0.025ns  ((TSJ^2 + TIJ^2)^1/2 + DJ) / 2 + PE
    Total System Jitter     (TSJ):    0.050ns
    Total Input Jitter      (TIJ):    0.000ns
    Discrete Jitter          (DJ):    0.000ns
    Phase Error              (PE):    0.000ns

    Location             Delay type                Incr(ns)  Path(ns)    Netlist Resource(s)
  -------------------------------------------------------------------    -------------------
    Y14                                               0.000     0.000 f  reset (IN)
                         net (fo=0)                   0.000     0.000    reset
    Y14                  IBUF (Prop_ibuf_I_O)         1.070     1.070 f  reset_IBUF_inst/O
                         net (fo=3, routed)           1.517     2.587    fir_inst/gen_stages[18].stage_inst/gen_mac_units[0].mac_inst/reset_IBUF
    SLICE_X33Y34         LUT1 (Prop_lut1_I0_O)        0.150     2.737 r  fir_inst/gen_stages[18].stage_inst/gen_mac_units[0].mac_inst/mult_s0_i_2/O
                         net (fo=1101, routed)        7.835    10.572    fir_inst/gen_stages[11].stage_inst/gen_mac_units[0].mac_inst/SR[0]
    DSP48_X1Y34          DSP48E1                                      r  fir_inst/gen_stages[11].stage_inst/gen_mac_units[0].mac_inst/mult_s_reg/RSTA
  -------------------------------------------------------------------    -------------------

                         (clock sys_clk rise edge)    0.000     0.000 r  
    U14                                               0.000     0.000 r  clk (IN)
                         net (fo=0)                   0.000     0.000    clk
    U14                  IBUF (Prop_ibuf_I_O)         0.912     0.912 r  clk_IBUF_inst/O
                         net (fo=1, routed)           1.880     2.792    clk_IBUF
    BUFGCTRL_X0Y0        BUFG (Prop_bufg_I_O)         0.091     2.883 r  clk_IBUF_BUFG_inst/O
                         net (fo=1568, routed)        1.574     4.457    fir_inst/gen_stages[11].stage_inst/gen_mac_units[0].mac_inst/clk_IBUF_BUFG
    DSP48_X1Y34          DSP48E1                                      r  fir_inst/gen_stages[11].stage_inst/gen_mac_units[0].mac_inst/mult_s_reg/CLK

Slack:                    inf
  Source:                 reset
                            (input port)
  Destination:            fir_inst/gen_stages[3].stage_inst/gen_mac_units[0].mac_inst/mult_s_reg/RSTB
                            (rising edge-triggered cell DSP48E1 clocked by sys_clk  {rise@0.000ns fall@4.000ns period=8.000ns})
  Path Group:             (none)
  Path Type:              Setup (Max at Slow Process Corner)
  Data Path Delay:        10.564ns  (logic 1.220ns (11.552%)  route 9.344ns (88.448%))
  Logic Levels:           2  (IBUF=1 LUT1=1)
  Clock Path Skew:        4.459ns (DCD - SCD + CPR)
    Destination Clock Delay (DCD):    4.459ns
    Source Clock Delay      (SCD):    0.000ns
    Clock Pessimism Removal (CPR):    0.000ns
  Clock Uncertainty:      0.025ns  ((TSJ^2 + TIJ^2)^1/2 + DJ) / 2 + PE
    Total System Jitter     (TSJ):    0.050ns
    Total Input Jitter      (TIJ):    0.000ns
    Discrete Jitter          (DJ):    0.000ns
    Phase Error              (PE):    0.000ns

    Location             Delay type                Incr(ns)  Path(ns)    Netlist Resource(s)
  -------------------------------------------------------------------    -------------------
    Y14                                               0.000     0.000 f  reset (IN)
                         net (fo=0)                   0.000     0.000    reset
    Y14                  IBUF (Prop_ibuf_I_O)         1.070     1.070 f  reset_IBUF_inst/O
                         net (fo=3, routed)           1.517     2.587    fir_inst/gen_stages[18].stage_inst/gen_mac_units[0].mac_inst/reset_IBUF
    SLICE_X33Y34         LUT1 (Prop_lut1_I0_O)        0.150     2.737 r  fir_inst/gen_stages[18].stage_inst/gen_mac_units[0].mac_inst/mult_s0_i_2/O
                         net (fo=1101, routed)        7.827    10.564    fir_inst/gen_stages[3].stage_inst/gen_mac_units[0].mac_inst/SR[0]
    DSP48_X0Y32          DSP48E1                                      r  fir_inst/gen_stages[3].stage_inst/gen_mac_units[0].mac_inst/mult_s_reg/RSTB
  -------------------------------------------------------------------    -------------------

                         (clock sys_clk rise edge)    0.000     0.000 r  
    U14                                               0.000     0.000 r  clk (IN)
                         net (fo=0)                   0.000     0.000    clk
    U14                  IBUF (Prop_ibuf_I_O)         0.912     0.912 r  clk_IBUF_inst/O
                         net (fo=1, routed)           1.880     2.792    clk_IBUF
    BUFGCTRL_X0Y0        BUFG (Prop_bufg_I_O)         0.091     2.883 r  clk_IBUF_BUFG_inst/O
                         net (fo=1568, routed)        1.576     4.459    fir_inst/gen_stages[3].stage_inst/gen_mac_units[0].mac_inst/clk_IBUF_BUFG
    DSP48_X0Y32          DSP48E1                                      r  fir_inst/gen_stages[3].stage_inst/gen_mac_units[0].mac_inst/mult_s_reg/CLK

Slack:                    inf
  Source:                 reset
                            (input port)
  Destination:            fir_inst/gen_stages[11].stage_inst/gen_mac_units[0].mac_inst/mult_s0/RSTB
                            (rising edge-triggered cell DSP48E1 clocked by sys_clk  {rise@0.000ns fall@4.000ns period=8.000ns})
  Path Group:             (none)
  Path Type:              Setup (Max at Slow Process Corner)
  Data Path Delay:        10.416ns  (logic 1.220ns (11.716%)  route 9.196ns (88.284%))
  Logic Levels:           2  (IBUF=1 LUT1=1)
  Clock Path Skew:        4.455ns (DCD - SCD + CPR)
    Destination Clock Delay (DCD):    4.455ns
    Source Clock Delay      (SCD):    0.000ns
    Clock Pessimism Removal (CPR):    0.000ns
  Clock Uncertainty:      0.025ns  ((TSJ^2 + TIJ^2)^1/2 + DJ) / 2 + PE
    Total System Jitter     (TSJ):    0.050ns
    Total Input Jitter      (TIJ):    0.000ns
    Discrete Jitter          (DJ):    0.000ns
    Phase Error              (PE):    0.000ns

    Location             Delay type                Incr(ns)  Path(ns)    Netlist Resource(s)
  -------------------------------------------------------------------    -------------------
    Y14                                               0.000     0.000 f  reset (IN)
                         net (fo=0)                   0.000     0.000    reset
    Y14                  IBUF (Prop_ibuf_I_O)         1.070     1.070 f  reset_IBUF_inst/O
                         net (fo=3, routed)           1.517     2.587    fir_inst/gen_stages[18].stage_inst/gen_mac_units[0].mac_inst/reset_IBUF
    SLICE_X33Y34         LUT1 (Prop_lut1_I0_O)        0.150     2.737 r  fir_inst/gen_stages[18].stage_inst/gen_mac_units[0].mac_inst/mult_s0_i_2/O
                         net (fo=1101, routed)        7.679    10.416    fir_inst/gen_stages[11].stage_inst/gen_mac_units[0].mac_inst/SR[0]
    DSP48_X1Y33          DSP48E1                                      r  fir_inst/gen_stages[11].stage_inst/gen_mac_units[0].mac_inst/mult_s0/RSTB
  -------------------------------------------------------------------    -------------------

                         (clock sys_clk rise edge)    0.000     0.000 r  
    U14                                               0.000     0.000 r  clk (IN)
                         net (fo=0)                   0.000     0.000    clk
    U14                  IBUF (Prop_ibuf_I_O)         0.912     0.912 r  clk_IBUF_inst/O
                         net (fo=1, routed)           1.880     2.792    clk_IBUF
    BUFGCTRL_X0Y0        BUFG (Prop_bufg_I_O)         0.091     2.883 r  clk_IBUF_BUFG_inst/O
                         net (fo=1568, routed)        1.572     4.455    fir_inst/gen_stages[11].stage_inst/gen_mac_units[0].mac_inst/clk_IBUF_BUFG
    DSP48_X1Y33          DSP48E1                                      r  fir_inst/gen_stages[11].stage_inst/gen_mac_units[0].mac_inst/mult_s0/CLK

Slack:                    inf
  Source:                 coef_i[0]
                            (input port)
  Destination:            coeffs_reg[3][0]/D
                            (rising edge-triggered cell FDRE clocked by sys_clk  {rise@0.000ns fall@4.000ns period=8.000ns})
  Path Group:             (none)
  Path Type:              Setup (Max at Slow Process Corner)
  Data Path Delay:        10.377ns  (logic 0.950ns (9.153%)  route 9.427ns (90.847%))
  Logic Levels:           1  (IBUF=1)
  Clock Path Skew:        4.387ns (DCD - SCD + CPR)
    Destination Clock Delay (DCD):    4.387ns
    Source Clock Delay      (SCD):    0.000ns
    Clock Pessimism Removal (CPR):    0.000ns
  Clock Uncertainty:      0.025ns  ((TSJ^2 + TIJ^2)^1/2 + DJ) / 2 + PE
    Total System Jitter     (TSJ):    0.050ns
    Total Input Jitter      (TIJ):    0.000ns
    Discrete Jitter          (DJ):    0.000ns
    Phase Error              (PE):    0.000ns

    Location             Delay type                Incr(ns)  Path(ns)    Netlist Resource(s)
  -------------------------------------------------------------------    -------------------
    T19                                               0.000     0.000 r  coef_i[0] (IN)
                         net (fo=0)                   0.000     0.000    coef_i[0]
    T19                  IBUF (Prop_ibuf_I_O)         0.950     0.950 r  coef_i_IBUF[0]_inst/O
                         net (fo=21, routed)          9.427    10.377    coef_i_IBUF[0]
    SLICE_X11Y11         FDRE                                         r  coeffs_reg[3][0]/D
  -------------------------------------------------------------------    -------------------

                         (clock sys_clk rise edge)    0.000     0.000 r  
    U14                                               0.000     0.000 r  clk (IN)
                         net (fo=0)                   0.000     0.000    clk
    U14                  IBUF (Prop_ibuf_I_O)         0.912     0.912 r  clk_IBUF_inst/O
                         net (fo=1, routed)           1.880     2.792    clk_IBUF
    BUFGCTRL_X0Y0        BUFG (Prop_bufg_I_O)         0.091     2.883 r  clk_IBUF_BUFG_inst/O
                         net (fo=1568, routed)        1.504     4.387    clk_IBUF_BUFG
    SLICE_X11Y11         FDRE                                         r  coeffs_reg[3][0]/C

Slack:                    inf
  Source:                 reset
                            (input port)
  Destination:            fir_inst/gen_stages[11].stage_inst/gen_mac_units[0].mac_inst/mult_s_reg/RSTP
                            (rising edge-triggered cell DSP48E1 clocked by sys_clk  {rise@0.000ns fall@4.000ns period=8.000ns})
  Path Group:             (none)
  Path Type:              Setup (Max at Slow Process Corner)
  Data Path Delay:        10.375ns  (logic 1.220ns (11.763%)  route 9.154ns (88.237%))
  Logic Levels:           2  (IBUF=1 LUT1=1)
  Clock Path Skew:        4.457ns (DCD - SCD + CPR)
    Destination Clock Delay (DCD):    4.457ns
    Source Clock Delay      (SCD):    0.000ns
    Clock Pessimism Removal (CPR):    0.000ns
  Clock Uncertainty:      0.025ns  ((TSJ^2 + TIJ^2)^1/2 + DJ) / 2 + PE
    Total System Jitter     (TSJ):    0.050ns
    Total Input Jitter      (TIJ):    0.000ns
    Discrete Jitter          (DJ):    0.000ns
    Phase Error              (PE):    0.000ns

    Location             Delay type                Incr(ns)  Path(ns)    Netlist Resource(s)
  -------------------------------------------------------------------    -------------------
    Y14                                               0.000     0.000 f  reset (IN)
                         net (fo=0)                   0.000     0.000    reset
    Y14                  IBUF (Prop_ibuf_I_O)         1.070     1.070 f  reset_IBUF_inst/O
                         net (fo=3, routed)           1.517     2.587    fir_inst/gen_stages[18].stage_inst/gen_mac_units[0].mac_inst/reset_IBUF
    SLICE_X33Y34         LUT1 (Prop_lut1_I0_O)        0.150     2.737 r  fir_inst/gen_stages[18].stage_inst/gen_mac_units[0].mac_inst/mult_s0_i_2/O
                         net (fo=1101, routed)        7.638    10.375    fir_inst/gen_stages[11].stage_inst/gen_mac_units[0].mac_inst/SR[0]
    DSP48_X1Y34          DSP48E1                                      r  fir_inst/gen_stages[11].stage_inst/gen_mac_units[0].mac_inst/mult_s_reg/RSTP
  -------------------------------------------------------------------    -------------------

                         (clock sys_clk rise edge)    0.000     0.000 r  
    U14                                               0.000     0.000 r  clk (IN)
                         net (fo=0)                   0.000     0.000    clk
    U14                  IBUF (Prop_ibuf_I_O)         0.912     0.912 r  clk_IBUF_inst/O
                         net (fo=1, routed)           1.880     2.792    clk_IBUF
    BUFGCTRL_X0Y0        BUFG (Prop_bufg_I_O)         0.091     2.883 r  clk_IBUF_BUFG_inst/O
                         net (fo=1568, routed)        1.574     4.457    fir_inst/gen_stages[11].stage_inst/gen_mac_units[0].mac_inst/clk_IBUF_BUFG
    DSP48_X1Y34          DSP48E1                                      r  fir_inst/gen_stages[11].stage_inst/gen_mac_units[0].mac_inst/mult_s_reg/CLK

Slack:                    inf
  Source:                 reset
                            (input port)
  Destination:            fir_inst/gen_stages[3].stage_inst/gen_mac_units[0].mac_inst/mult_s_reg/RSTA
                            (rising edge-triggered cell DSP48E1 clocked by sys_clk  {rise@0.000ns fall@4.000ns period=8.000ns})
  Path Group:             (none)
  Path Type:              Setup (Max at Slow Process Corner)
  Data Path Delay:        10.285ns  (logic 1.220ns (11.866%)  route 9.064ns (88.134%))
  Logic Levels:           2  (IBUF=1 LUT1=1)
  Clock Path Skew:        4.459ns (DCD - SCD + CPR)
    Destination Clock Delay (DCD):    4.459ns
    Source Clock Delay      (SCD):    0.000ns
    Clock Pessimism Removal (CPR):    0.000ns
  Clock Uncertainty:      0.025ns  ((TSJ^2 + TIJ^2)^1/2 + DJ) / 2 + PE
    Total System Jitter     (TSJ):    0.050ns
    Total Input Jitter      (TIJ):    0.000ns
    Discrete Jitter          (DJ):    0.000ns
    Phase Error              (PE):    0.000ns

    Location             Delay type                Incr(ns)  Path(ns)    Netlist Resource(s)
  -------------------------------------------------------------------    -------------------
    Y14                                               0.000     0.000 f  reset (IN)
                         net (fo=0)                   0.000     0.000    reset
    Y14                  IBUF (Prop_ibuf_I_O)         1.070     1.070 f  reset_IBUF_inst/O
                         net (fo=3, routed)           1.517     2.587    fir_inst/gen_stages[18].stage_inst/gen_mac_units[0].mac_inst/reset_IBUF
    SLICE_X33Y34         LUT1 (Prop_lut1_I0_O)        0.150     2.737 r  fir_inst/gen_stages[18].stage_inst/gen_mac_units[0].mac_inst/mult_s0_i_2/O
                         net (fo=1101, routed)        7.547    10.285    fir_inst/gen_stages[3].stage_inst/gen_mac_units[0].mac_inst/SR[0]
    DSP48_X0Y32          DSP48E1                                      r  fir_inst/gen_stages[3].stage_inst/gen_mac_units[0].mac_inst/mult_s_reg/RSTA
  -------------------------------------------------------------------    -------------------

                         (clock sys_clk rise edge)    0.000     0.000 r  
    U14                                               0.000     0.000 r  clk (IN)
                         net (fo=0)                   0.000     0.000    clk
    U14                  IBUF (Prop_ibuf_I_O)         0.912     0.912 r  clk_IBUF_inst/O
                         net (fo=1, routed)           1.880     2.792    clk_IBUF
    BUFGCTRL_X0Y0        BUFG (Prop_bufg_I_O)         0.091     2.883 r  clk_IBUF_BUFG_inst/O
                         net (fo=1568, routed)        1.576     4.459    fir_inst/gen_stages[3].stage_inst/gen_mac_units[0].mac_inst/clk_IBUF_BUFG
    DSP48_X0Y32          DSP48E1                                      r  fir_inst/gen_stages[3].stage_inst/gen_mac_units[0].mac_inst/mult_s_reg/CLK

Slack:                    inf
  Source:                 coef_i[5]
                            (input port)
  Destination:            coeffs_reg[5][5]/D
                            (rising edge-triggered cell FDRE clocked by sys_clk  {rise@0.000ns fall@4.000ns period=8.000ns})
  Path Group:             (none)
  Path Type:              Setup (Max at Slow Process Corner)
  Data Path Delay:        10.141ns  (logic 0.956ns (9.431%)  route 9.185ns (90.569%))
  Logic Levels:           1  (IBUF=1)
  Clock Path Skew:        4.376ns (DCD - SCD + CPR)
    Destination Clock Delay (DCD):    4.376ns
    Source Clock Delay      (SCD):    0.000ns
    Clock Pessimism Removal (CPR):    0.000ns
  Clock Uncertainty:      0.025ns  ((TSJ^2 + TIJ^2)^1/2 + DJ) / 2 + PE
    Total System Jitter     (TSJ):    0.050ns
    Total Input Jitter      (TIJ):    0.000ns
    Discrete Jitter          (DJ):    0.000ns
    Phase Error              (PE):    0.000ns

    Location             Delay type                Incr(ns)  Path(ns)    Netlist Resource(s)
  -------------------------------------------------------------------    -------------------
    W19                                               0.000     0.000 r  coef_i[5] (IN)
                         net (fo=0)                   0.000     0.000    coef_i[5]
    W19                  IBUF (Prop_ibuf_I_O)         0.956     0.956 r  coef_i_IBUF[5]_inst/O
                         net (fo=21, routed)          9.185    10.141    coef_i_IBUF[5]
    SLICE_X10Y22         FDRE                                         r  coeffs_reg[5][5]/D
  -------------------------------------------------------------------    -------------------

                         (clock sys_clk rise edge)    0.000     0.000 r  
    U14                                               0.000     0.000 r  clk (IN)
                         net (fo=0)                   0.000     0.000    clk
    U14                  IBUF (Prop_ibuf_I_O)         0.912     0.912 r  clk_IBUF_inst/O
                         net (fo=1, routed)           1.880     2.792    clk_IBUF
    BUFGCTRL_X0Y0        BUFG (Prop_bufg_I_O)         0.091     2.883 r  clk_IBUF_BUFG_inst/O
                         net (fo=1568, routed)        1.493     4.376    clk_IBUF_BUFG
    SLICE_X10Y22         FDRE                                         r  coeffs_reg[5][5]/C

Slack:                    inf
  Source:                 reset
                            (input port)
  Destination:            fir_inst/gen_stages[3].stage_inst/gen_mac_units[0].mac_inst/mult_s0/RSTB
                            (rising edge-triggered cell DSP48E1 clocked by sys_clk  {rise@0.000ns fall@4.000ns period=8.000ns})
  Path Group:             (none)
  Path Type:              Setup (Max at Slow Process Corner)
  Data Path Delay:        10.129ns  (logic 1.220ns (12.048%)  route 8.909ns (87.952%))
  Logic Levels:           2  (IBUF=1 LUT1=1)
  Clock Path Skew:        4.457ns (DCD - SCD + CPR)
    Destination Clock Delay (DCD):    4.457ns
    Source Clock Delay      (SCD):    0.000ns
    Clock Pessimism Removal (CPR):    0.000ns
  Clock Uncertainty:      0.025ns  ((TSJ^2 + TIJ^2)^1/2 + DJ) / 2 + PE
    Total System Jitter     (TSJ):    0.050ns
    Total Input Jitter      (TIJ):    0.000ns
    Discrete Jitter          (DJ):    0.000ns
    Phase Error              (PE):    0.000ns

    Location             Delay type                Incr(ns)  Path(ns)    Netlist Resource(s)
  -------------------------------------------------------------------    -------------------
    Y14                                               0.000     0.000 f  reset (IN)
                         net (fo=0)                   0.000     0.000    reset
    Y14                  IBUF (Prop_ibuf_I_O)         1.070     1.070 f  reset_IBUF_inst/O
                         net (fo=3, routed)           1.517     2.587    fir_inst/gen_stages[18].stage_inst/gen_mac_units[0].mac_inst/reset_IBUF
    SLICE_X33Y34         LUT1 (Prop_lut1_I0_O)        0.150     2.737 r  fir_inst/gen_stages[18].stage_inst/gen_mac_units[0].mac_inst/mult_s0_i_2/O
                         net (fo=1101, routed)        7.392    10.129    fir_inst/gen_stages[3].stage_inst/gen_mac_units[0].mac_inst/SR[0]
    DSP48_X0Y31          DSP48E1                                      r  fir_inst/gen_stages[3].stage_inst/gen_mac_units[0].mac_inst/mult_s0/RSTB
  -------------------------------------------------------------------    -------------------

                         (clock sys_clk rise edge)    0.000     0.000 r  
    U14                                               0.000     0.000 r  clk (IN)
                         net (fo=0)                   0.000     0.000    clk
    U14                  IBUF (Prop_ibuf_I_O)         0.912     0.912 r  clk_IBUF_inst/O
                         net (fo=1, routed)           1.880     2.792    clk_IBUF
    BUFGCTRL_X0Y0        BUFG (Prop_bufg_I_O)         0.091     2.883 r  clk_IBUF_BUFG_inst/O
                         net (fo=1568, routed)        1.574     4.457    fir_inst/gen_stages[3].stage_inst/gen_mac_units[0].mac_inst/clk_IBUF_BUFG
    DSP48_X0Y31          DSP48E1                                      r  fir_inst/gen_stages[3].stage_inst/gen_mac_units[0].mac_inst/mult_s0/CLK





Min Delay Paths
--------------------------------------------------------------------------------------
Slack:                    inf
  Source:                 in_tdata[20]
                            (input port)
  Destination:            in_fifo_inst/fifo_data_reg_0_1_18_23/RAMB/I
                            (rising edge-triggered cell RAMD32 clocked by sys_clk  {rise@0.000ns fall@4.000ns period=8.000ns})
  Path Group:             (none)
  Path Type:              Hold (Min at Fast Process Corner)
  Data Path Delay:        0.672ns  (logic 0.181ns (26.997%)  route 0.490ns (73.003%))
  Logic Levels:           1  (IBUF=1)
  Clock Path Skew:        1.995ns (DCD - SCD - CPR)
    Destination Clock Delay (DCD):    1.995ns
    Source Clock Delay      (SCD):    0.000ns
    Clock Pessimism Removal (CPR):    -0.000ns

    Location             Delay type                Incr(ns)  Path(ns)    Netlist Resource(s)
  -------------------------------------------------------------------    -------------------
    F19                                               0.000     0.000 r  in_tdata[20] (IN)
                         net (fo=0)                   0.000     0.000    in_tdata[20]
    F19                  IBUF (Prop_ibuf_I_O)         0.181     0.181 r  in_tdata_IBUF[20]_inst/O
                         net (fo=1, routed)           0.490     0.672    in_fifo_inst/fifo_data_reg_0_1_18_23/DIB0
    SLICE_X34Y71         RAMD32                                       r  in_fifo_inst/fifo_data_reg_0_1_18_23/RAMB/I
  -------------------------------------------------------------------    -------------------

                         (clock sys_clk rise edge)    0.000     0.000 r  
    U14                                               0.000     0.000 r  clk (IN)
                         net (fo=0)                   0.000     0.000    clk
    U14                  IBUF (Prop_ibuf_I_O)         0.464     0.464 r  clk_IBUF_inst/O
                         net (fo=1, routed)           0.683     1.147    clk_IBUF
    BUFGCTRL_X0Y0        BUFG (Prop_bufg_I_O)         0.029     1.176 r  clk_IBUF_BUFG_inst/O
                         net (fo=1568, routed)        0.819     1.995    in_fifo_inst/fifo_data_reg_0_1_18_23/WCLK
    SLICE_X34Y71         RAMD32                                       r  in_fifo_inst/fifo_data_reg_0_1_18_23/RAMB/CLK

Slack:                    inf
  Source:                 in_tdata[21]
                            (input port)
  Destination:            in_fifo_inst/fifo_data_reg_0_1_18_23/RAMB_D1/I
                            (rising edge-triggered cell RAMD32 clocked by sys_clk  {rise@0.000ns fall@4.000ns period=8.000ns})
  Path Group:             (none)
  Path Type:              Hold (Min at Fast Process Corner)
  Data Path Delay:        0.674ns  (logic 0.189ns (28.064%)  route 0.485ns (71.936%))
  Logic Levels:           1  (IBUF=1)
  Clock Path Skew:        1.995ns (DCD - SCD - CPR)
    Destination Clock Delay (DCD):    1.995ns
    Source Clock Delay      (SCD):    0.000ns
    Clock Pessimism Removal (CPR):    -0.000ns

    Location             Delay type                Incr(ns)  Path(ns)    Netlist Resource(s)
  -------------------------------------------------------------------    -------------------
    H18                                               0.000     0.000 r  in_tdata[21] (IN)
                         net (fo=0)                   0.000     0.000    in_tdata[21]
    H18                  IBUF (Prop_ibuf_I_O)         0.189     0.189 r  in_tdata_IBUF[21]_inst/O
                         net (fo=1, routed)           0.485     0.674    in_fifo_inst/fifo_data_reg_0_1_18_23/DIB1
    SLICE_X34Y71         RAMD32                                       r  in_fifo_inst/fifo_data_reg_0_1_18_23/RAMB_D1/I
  -------------------------------------------------------------------    -------------------

                         (clock sys_clk rise edge)    0.000     0.000 r  
    U14                                               0.000     0.000 r  clk (IN)
                         net (fo=0)                   0.000     0.000    clk
    U14                  IBUF (Prop_ibuf_I_O)         0.464     0.464 r  clk_IBUF_inst/O
                         net (fo=1, routed)           0.683     1.147    clk_IBUF
    BUFGCTRL_X0Y0        BUFG (Prop_bufg_I_O)         0.029     1.176 r  clk_IBUF_BUFG_inst/O
                         net (fo=1568, routed)        0.819     1.995    in_fifo_inst/fifo_data_reg_0_1_18_23/WCLK
    SLICE_X34Y71         RAMD32                                       r  in_fifo_inst/fifo_data_reg_0_1_18_23/RAMB_D1/CLK

Slack:                    inf
  Source:                 in_tdata[22]
                            (input port)
  Destination:            in_fifo_inst/fifo_data_reg_0_1_18_23/RAMC/I
                            (rising edge-triggered cell RAMD32 clocked by sys_clk  {rise@0.000ns fall@4.000ns period=8.000ns})
  Path Group:             (none)
  Path Type:              Hold (Min at Fast Process Corner)
  Data Path Delay:        0.677ns  (logic 0.193ns (28.462%)  route 0.484ns (71.538%))
  Logic Levels:           1  (IBUF=1)
  Clock Path Skew:        1.995ns (DCD - SCD - CPR)
    Destination Clock Delay (DCD):    1.995ns
    Source Clock Delay      (SCD):    0.000ns
    Clock Pessimism Removal (CPR):    -0.000ns

    Location             Delay type                Incr(ns)  Path(ns)    Netlist Resource(s)
  -------------------------------------------------------------------    -------------------
    J18                                               0.000     0.000 r  in_tdata[22] (IN)
                         net (fo=0)                   0.000     0.000    in_tdata[22]
    J18                  IBUF (Prop_ibuf_I_O)         0.193     0.193 r  in_tdata_IBUF[22]_inst/O
                         net (fo=1, routed)           0.484     0.677    in_fifo_inst/fifo_data_reg_0_1_18_23/DIC0
    SLICE_X34Y71         RAMD32                                       r  in_fifo_inst/fifo_data_reg_0_1_18_23/RAMC/I
  -------------------------------------------------------------------    -------------------

                         (clock sys_clk rise edge)    0.000     0.000 r  
    U14                                               0.000     0.000 r  clk (IN)
                         net (fo=0)                   0.000     0.000    clk
    U14                  IBUF (Prop_ibuf_I_O)         0.464     0.464 r  clk_IBUF_inst/O
                         net (fo=1, routed)           0.683     1.147    clk_IBUF
    BUFGCTRL_X0Y0        BUFG (Prop_bufg_I_O)         0.029     1.176 r  clk_IBUF_BUFG_inst/O
                         net (fo=1568, routed)        0.819     1.995    in_fifo_inst/fifo_data_reg_0_1_18_23/WCLK
    SLICE_X34Y71         RAMD32                                       r  in_fifo_inst/fifo_data_reg_0_1_18_23/RAMC/CLK

Slack:                    inf
  Source:                 coef_i[2]
                            (input port)
  Destination:            coeffs_reg[0][2]/D
                            (rising edge-triggered cell FDRE clocked by sys_clk  {rise@0.000ns fall@4.000ns period=8.000ns})
  Path Group:             (none)
  Path Type:              Hold (Min at Fast Process Corner)
  Data Path Delay:        0.681ns  (logic 0.165ns (24.204%)  route 0.516ns (75.796%))
  Logic Levels:           1  (IBUF=1)
  Clock Path Skew:        2.008ns (DCD - SCD - CPR)
    Destination Clock Delay (DCD):    2.008ns
    Source Clock Delay      (SCD):    0.000ns
    Clock Pessimism Removal (CPR):    -0.000ns

    Location             Delay type                Incr(ns)  Path(ns)    Netlist Resource(s)
  -------------------------------------------------------------------    -------------------
    P15                                               0.000     0.000 r  coef_i[2] (IN)
                         net (fo=0)                   0.000     0.000    coef_i[2]
    P15                  IBUF (Prop_ibuf_I_O)         0.165     0.165 r  coef_i_IBUF[2]_inst/O
                         net (fo=21, routed)          0.516     0.681    coef_i_IBUF[2]
    SLICE_X32Y1          FDRE                                         r  coeffs_reg[0][2]/D
  -------------------------------------------------------------------    -------------------

                         (clock sys_clk rise edge)    0.000     0.000 r  
    U14                                               0.000     0.000 r  clk (IN)
                         net (fo=0)                   0.000     0.000    clk
    U14                  IBUF (Prop_ibuf_I_O)         0.464     0.464 r  clk_IBUF_inst/O
                         net (fo=1, routed)           0.683     1.147    clk_IBUF
    BUFGCTRL_X0Y0        BUFG (Prop_bufg_I_O)         0.029     1.176 r  clk_IBUF_BUFG_inst/O
                         net (fo=1568, routed)        0.832     2.008    clk_IBUF_BUFG
    SLICE_X32Y1          FDRE                                         r  coeffs_reg[0][2]/C

Slack:                    inf
  Source:                 in_tdata[17]
                            (input port)
  Destination:            in_fifo_inst/fifo_data_reg_0_1_12_17/RAMC_D1/I
                            (rising edge-triggered cell RAMD32 clocked by sys_clk  {rise@0.000ns fall@4.000ns period=8.000ns})
  Path Group:             (none)
  Path Type:              Hold (Min at Fast Process Corner)
  Data Path Delay:        0.682ns  (logic 0.176ns (25.746%)  route 0.506ns (74.254%))
  Logic Levels:           1  (IBUF=1)
  Clock Path Skew:        1.999ns (DCD - SCD - CPR)
    Destination Clock Delay (DCD):    1.999ns
    Source Clock Delay      (SCD):    0.000ns
    Clock Pessimism Removal (CPR):    -0.000ns

    Location             Delay type                Incr(ns)  Path(ns)    Netlist Resource(s)
  -------------------------------------------------------------------    -------------------
    G18                                               0.000     0.000 r  in_tdata[17] (IN)
                         net (fo=0)                   0.000     0.000    in_tdata[17]
    G18                  IBUF (Prop_ibuf_I_O)         0.176     0.176 r  in_tdata_IBUF[17]_inst/O
                         net (fo=1, routed)           0.506     0.682    in_fifo_inst/fifo_data_reg_0_1_12_17/DIC1
    SLICE_X34Y67         RAMD32                                       r  in_fifo_inst/fifo_data_reg_0_1_12_17/RAMC_D1/I
  -------------------------------------------------------------------    -------------------

                         (clock sys_clk rise edge)    0.000     0.000 r  
    U14                                               0.000     0.000 r  clk (IN)
                         net (fo=0)                   0.000     0.000    clk
    U14                  IBUF (Prop_ibuf_I_O)         0.464     0.464 r  clk_IBUF_inst/O
                         net (fo=1, routed)           0.683     1.147    clk_IBUF
    BUFGCTRL_X0Y0        BUFG (Prop_bufg_I_O)         0.029     1.176 r  clk_IBUF_BUFG_inst/O
                         net (fo=1568, routed)        0.823     1.999    in_fifo_inst/fifo_data_reg_0_1_12_17/WCLK
    SLICE_X34Y67         RAMD32                                       r  in_fifo_inst/fifo_data_reg_0_1_12_17/RAMC_D1/CLK

Slack:                    inf
  Source:                 in_tdata[12]
                            (input port)
  Destination:            in_fifo_inst/fifo_data_reg_0_1_12_17/RAMA/I
                            (rising edge-triggered cell RAMD32 clocked by sys_clk  {rise@0.000ns fall@4.000ns period=8.000ns})
  Path Group:             (none)
  Path Type:              Hold (Min at Fast Process Corner)
  Data Path Delay:        0.684ns  (logic 0.175ns (25.545%)  route 0.509ns (74.455%))
  Logic Levels:           1  (IBUF=1)
  Clock Path Skew:        1.999ns (DCD - SCD - CPR)
    Destination Clock Delay (DCD):    1.999ns
    Source Clock Delay      (SCD):    0.000ns
    Clock Pessimism Removal (CPR):    -0.000ns

    Location             Delay type                Incr(ns)  Path(ns)    Netlist Resource(s)
  -------------------------------------------------------------------    -------------------
    H15                                               0.000     0.000 r  in_tdata[12] (IN)
                         net (fo=0)                   0.000     0.000    in_tdata[12]
    H15                  IBUF (Prop_ibuf_I_O)         0.175     0.175 r  in_tdata_IBUF[12]_inst/O
                         net (fo=1, routed)           0.509     0.684    in_fifo_inst/fifo_data_reg_0_1_12_17/DIA0
    SLICE_X34Y67         RAMD32                                       r  in_fifo_inst/fifo_data_reg_0_1_12_17/RAMA/I
  -------------------------------------------------------------------    -------------------

                         (clock sys_clk rise edge)    0.000     0.000 r  
    U14                                               0.000     0.000 r  clk (IN)
                         net (fo=0)                   0.000     0.000    clk
    U14                  IBUF (Prop_ibuf_I_O)         0.464     0.464 r  clk_IBUF_inst/O
                         net (fo=1, routed)           0.683     1.147    clk_IBUF
    BUFGCTRL_X0Y0        BUFG (Prop_bufg_I_O)         0.029     1.176 r  clk_IBUF_BUFG_inst/O
                         net (fo=1568, routed)        0.823     1.999    in_fifo_inst/fifo_data_reg_0_1_12_17/WCLK
    SLICE_X34Y67         RAMD32                                       r  in_fifo_inst/fifo_data_reg_0_1_12_17/RAMA/CLK

Slack:                    inf
  Source:                 in_tdata[13]
                            (input port)
  Destination:            in_fifo_inst/fifo_data_reg_0_1_12_17/RAMA_D1/I
                            (rising edge-triggered cell RAMD32 clocked by sys_clk  {rise@0.000ns fall@4.000ns period=8.000ns})
  Path Group:             (none)
  Path Type:              Hold (Min at Fast Process Corner)
  Data Path Delay:        0.690ns  (logic 0.179ns (25.958%)  route 0.511ns (74.042%))
  Logic Levels:           1  (IBUF=1)
  Clock Path Skew:        1.999ns (DCD - SCD - CPR)
    Destination Clock Delay (DCD):    1.999ns
    Source Clock Delay      (SCD):    0.000ns
    Clock Pessimism Removal (CPR):    -0.000ns

    Location             Delay type                Incr(ns)  Path(ns)    Netlist Resource(s)
  -------------------------------------------------------------------    -------------------
    G20                                               0.000     0.000 r  in_tdata[13] (IN)
                         net (fo=0)                   0.000     0.000    in_tdata[13]
    G20                  IBUF (Prop_ibuf_I_O)         0.179     0.179 r  in_tdata_IBUF[13]_inst/O
                         net (fo=1, routed)           0.511     0.690    in_fifo_inst/fifo_data_reg_0_1_12_17/DIA1
    SLICE_X34Y67         RAMD32                                       r  in_fifo_inst/fifo_data_reg_0_1_12_17/RAMA_D1/I
  -------------------------------------------------------------------    -------------------

                         (clock sys_clk rise edge)    0.000     0.000 r  
    U14                                               0.000     0.000 r  clk (IN)
                         net (fo=0)                   0.000     0.000    clk
    U14                  IBUF (Prop_ibuf_I_O)         0.464     0.464 r  clk_IBUF_inst/O
                         net (fo=1, routed)           0.683     1.147    clk_IBUF
    BUFGCTRL_X0Y0        BUFG (Prop_bufg_I_O)         0.029     1.176 r  clk_IBUF_BUFG_inst/O
                         net (fo=1568, routed)        0.823     1.999    in_fifo_inst/fifo_data_reg_0_1_12_17/WCLK
    SLICE_X34Y67         RAMD32                                       r  in_fifo_inst/fifo_data_reg_0_1_12_17/RAMA_D1/CLK

Slack:                    inf
  Source:                 in_tdata[18]
                            (input port)
  Destination:            in_fifo_inst/fifo_data_reg_0_1_18_23/RAMA/I
                            (rising edge-triggered cell RAMD32 clocked by sys_clk  {rise@0.000ns fall@4.000ns period=8.000ns})
  Path Group:             (none)
  Path Type:              Hold (Min at Fast Process Corner)
  Data Path Delay:        0.695ns  (logic 0.185ns (26.669%)  route 0.509ns (73.331%))
  Logic Levels:           1  (IBUF=1)
  Clock Path Skew:        1.995ns (DCD - SCD - CPR)
    Destination Clock Delay (DCD):    1.995ns
    Source Clock Delay      (SCD):    0.000ns
    Clock Pessimism Removal (CPR):    -0.000ns

    Location             Delay type                Incr(ns)  Path(ns)    Netlist Resource(s)
  -------------------------------------------------------------------    -------------------
    G17                                               0.000     0.000 r  in_tdata[18] (IN)
                         net (fo=0)                   0.000     0.000    in_tdata[18]
    G17                  IBUF (Prop_ibuf_I_O)         0.185     0.185 r  in_tdata_IBUF[18]_inst/O
                         net (fo=1, routed)           0.509     0.695    in_fifo_inst/fifo_data_reg_0_1_18_23/DIA0
    SLICE_X34Y71         RAMD32                                       r  in_fifo_inst/fifo_data_reg_0_1_18_23/RAMA/I
  -------------------------------------------------------------------    -------------------

                         (clock sys_clk rise edge)    0.000     0.000 r  
    U14                                               0.000     0.000 r  clk (IN)
                         net (fo=0)                   0.000     0.000    clk
    U14                  IBUF (Prop_ibuf_I_O)         0.464     0.464 r  clk_IBUF_inst/O
                         net (fo=1, routed)           0.683     1.147    clk_IBUF
    BUFGCTRL_X0Y0        BUFG (Prop_bufg_I_O)         0.029     1.176 r  clk_IBUF_BUFG_inst/O
                         net (fo=1568, routed)        0.819     1.995    in_fifo_inst/fifo_data_reg_0_1_18_23/WCLK
    SLICE_X34Y71         RAMD32                                       r  in_fifo_inst/fifo_data_reg_0_1_18_23/RAMA/CLK

Slack:                    inf
  Source:                 in_tdata[16]
                            (input port)
  Destination:            in_fifo_inst/fifo_data_reg_0_1_12_17/RAMC/I
                            (rising edge-triggered cell RAMD32 clocked by sys_clk  {rise@0.000ns fall@4.000ns period=8.000ns})
  Path Group:             (none)
  Path Type:              Hold (Min at Fast Process Corner)
  Data Path Delay:        0.704ns  (logic 0.178ns (25.259%)  route 0.526ns (74.741%))
  Logic Levels:           1  (IBUF=1)
  Clock Path Skew:        1.999ns (DCD - SCD - CPR)
    Destination Clock Delay (DCD):    1.999ns
    Source Clock Delay      (SCD):    0.000ns
    Clock Pessimism Removal (CPR):    -0.000ns

    Location             Delay type                Incr(ns)  Path(ns)    Netlist Resource(s)
  -------------------------------------------------------------------    -------------------
    J20                                               0.000     0.000 r  in_tdata[16] (IN)
                         net (fo=0)                   0.000     0.000    in_tdata[16]
    J20                  IBUF (Prop_ibuf_I_O)         0.178     0.178 r  in_tdata_IBUF[16]_inst/O
                         net (fo=1, routed)           0.526     0.704    in_fifo_inst/fifo_data_reg_0_1_12_17/DIC0
    SLICE_X34Y67         RAMD32                                       r  in_fifo_inst/fifo_data_reg_0_1_12_17/RAMC/I
  -------------------------------------------------------------------    -------------------

                         (clock sys_clk rise edge)    0.000     0.000 r  
    U14                                               0.000     0.000 r  clk (IN)
                         net (fo=0)                   0.000     0.000    clk
    U14                  IBUF (Prop_ibuf_I_O)         0.464     0.464 r  clk_IBUF_inst/O
                         net (fo=1, routed)           0.683     1.147    clk_IBUF
    BUFGCTRL_X0Y0        BUFG (Prop_bufg_I_O)         0.029     1.176 r  clk_IBUF_BUFG_inst/O
                         net (fo=1568, routed)        0.823     1.999    in_fifo_inst/fifo_data_reg_0_1_12_17/WCLK
    SLICE_X34Y67         RAMD32                                       r  in_fifo_inst/fifo_data_reg_0_1_12_17/RAMC/CLK

Slack:                    inf
  Source:                 coef_i[0]
                            (input port)
  Destination:            coeffs_reg[0][0]/D
                            (rising edge-triggered cell FDRE clocked by sys_clk  {rise@0.000ns fall@4.000ns period=8.000ns})
  Path Group:             (none)
  Path Type:              Hold (Min at Fast Process Corner)
  Data Path Delay:        0.704ns  (logic 0.179ns (25.414%)  route 0.525ns (74.586%))
  Logic Levels:           1  (IBUF=1)
  Clock Path Skew:        2.008ns (DCD - SCD - CPR)
    Destination Clock Delay (DCD):    2.008ns
    Source Clock Delay      (SCD):    0.000ns
    Clock Pessimism Removal (CPR):    -0.000ns

    Location             Delay type                Incr(ns)  Path(ns)    Netlist Resource(s)
  -------------------------------------------------------------------    -------------------
    T19                                               0.000     0.000 r  coef_i[0] (IN)
                         net (fo=0)                   0.000     0.000    coef_i[0]
    T19                  IBUF (Prop_ibuf_I_O)         0.179     0.179 r  coef_i_IBUF[0]_inst/O
                         net (fo=21, routed)          0.525     0.704    coef_i_IBUF[0]
    SLICE_X33Y1          FDRE                                         r  coeffs_reg[0][0]/D
  -------------------------------------------------------------------    -------------------

                         (clock sys_clk rise edge)    0.000     0.000 r  
    U14                                               0.000     0.000 r  clk (IN)
                         net (fo=0)                   0.000     0.000    clk
    U14                  IBUF (Prop_ibuf_I_O)         0.464     0.464 r  clk_IBUF_inst/O
                         net (fo=1, routed)           0.683     1.147    clk_IBUF
    BUFGCTRL_X0Y0        BUFG (Prop_bufg_I_O)         0.029     1.176 r  clk_IBUF_BUFG_inst/O
                         net (fo=1568, routed)        0.832     2.008    clk_IBUF_BUFG
    SLICE_X33Y1          FDRE                                         r  coeffs_reg[0][0]/C





